{"type":"FeatureCollection","features":[{"type":"Feature","id":26,"properties":{"y":26,"b":2,"r":26.3,"n":87,"p":3308,"nm":"ראש פינה","nmAr":null,"d":false},"geometry":{"type":"MultiPolygon","coordinates":[[[[35.57246,32.98314],[35.57203,32.98067],[35.57101,32.98066],[35.56977,32.97548],[35.57306,32.97578],[35.57199,32.97441],[35.57963,32.97333],[35.58345,32.97116],[35.5868,32.97244],[35.58806,32.97152],[35.5884,32.96924],[35.58722,32.96844],[35.58359,32.96844],[35.58315,32.96632],[35.58181,32.96491],[35.5819,32.96226],[35.5831,32.9613],[35.58258,32.96016],[35.57531,32.96181],[35.57494,32.96059],[35.5741,32.96065],[35.57412,32.96175],[35.56447,32.9614],[35.56203,32.96061],[35.55831,32.96101],[35.55606,32.95888],[35.55374,32.95986],[35.55174,32.95648],[35.5498,32.957],[35.54792,32.95545],[35.54425,32.95594],[35.54118,32.95469],[35.53543,32.95498],[35.53459,32.95388],[35.53457,32.95896],[35.53524,32.96169],[35.53634,32.96291],[35.53434,32.96419],[35.53282,32.96396],[35.53307,32.9665],[35.53065,32.96919],[35.52617,32.96988],[35.52172,32.97353],[35.5225,32.97497],[35.52577,32.97415],[35.5304,32.97488],[35.52989,32.97707],[35.53238,32.97713],[35.5326,32.97548],[35.53526,32.9754],[35.53657,32.97619],[35.53899,32.9749],[35.54075,32.97486],[35.54114,32.97586],[35.54711,32.97493],[35.54936,32.97787],[35.55504,32.97672],[35.55779,32.98181],[35.56183,32.98146],[35.56207,32.9835],[35.5658,32.98349],[35.56608,32.9845],[35.57089,32.98493],[35.57095,32.98435],[35.57077,32.98317],[35.57246,32.98314]]],[[[35.58067,32.97908],[35.58628,32.97732],[35.58373,32.97664],[35.58322,32.97628],[35.58067,32.97908]]],[[[35.57786,32.98296],[35.57749,32.98034],[35.57429,32.98086],[35.5745,32.98528],[35.58307,32.98564],[35.58326,32.98363],[35.58329,32.98291],[35.57786,32.98296]]],[[[35.5747,33.02038],[35.57144,33.01848],[35.57143,33.01953],[35.57372,33.02051],[35.57149,33.02007],[35.57131,33.02068],[35.57097,33.01789],[35.56851,33.01549],[35.57299,33.01845],[35.57399,33.01749],[35.57299,33.0162],[35.57334,33.01568],[35.57401,33.01641],[35.57701,33.0151],[35.57599,33.0187],[35.5796,33.01981],[35.58046,33.01966],[35.58159,33.01576],[35.58576,33.01871],[35.58873,33.01479],[35.58656,33.01108],[35.58839,33.01021],[35.58816,33.00934],[35.59276,33.00962],[35.58372,33.00607],[35.58356,33.00486],[35.58052,33.00287],[35.58099,33.00107],[35.58046,32.99953],[35.57849,32.99881],[35.57572,32.9997],[35.57157,32.99804],[35.57312,32.99685],[35.57023,32.99589],[35.57056,32.99454],[35.56902,32.99416],[35.56897,32.99984],[35.56528,32.99947],[35.55782,32.9819],[35.55566,32.98206],[35.5548,32.98522],[35.5567,32.98851],[35.55674,32.99048],[35.55382,32.99114],[35.5573,32.99372],[35.55827,32.99639],[35.55692,32.99666],[35.56246,33.00391],[35.56495,33.01189],[35.55733,33.01597],[35.56252,33.0181],[35.56212,33.01854],[35.56331,33.01947],[35.56542,33.02492],[35.56447,33.02663],[35.5728,33.03026],[35.57217,33.02232],[35.5747,33.02038]]]]}},{"type":"Feature","id":28,"properties":{"y":28,"b":1,"r":10.556,"n":166,"p":15726,"nm":"מזכרת בתיה","nmAr":null,"d":false},"geometry":{"type":"MultiPolygon","coordinates":[[[[34.84094,31.85923],[34.84042,31.85752],[34.85473,31.8546],[34.8537,31.85403],[34.85413,31.85347],[34.85333,31.85245],[34.85149,31.85157],[34.86007,31.84918],[34.85903,31.84726],[34.8522,31.84665],[34.8513,31.84477],[34.85074,31.84304],[34.85738,31.84392],[34.84749,31.82234],[34.84531,31.82224],[34.84526,31.82593],[34.84002,31.82549],[34.83974,31.82412],[34.82854,31.82566],[34.82921,31.8319],[34.83023,31.83164],[34.83064,31.83852],[34.83815,31.83701],[34.83384,31.84344],[34.8305,31.84338],[34.83104,31.85086],[34.8318,31.85191],[34.83418,31.85131],[34.83624,31.85792],[34.83931,31.85766],[34.83979,31.85924],[34.84094,31.85923]]]]}},{"type":"Feature","id":29,"properties":{"y":29,"b":1,"r":7.786,"n":14,"p":1798,"nm":"יסוד המעלה","nmAr":null,"d":false},"geometry":{"type":"MultiPolygon","coordinates":[[[[35.60813,33.05295],[35.58574,33.04261],[35.58143,33.04251],[35.5808,33.04337],[35.57828,33.04376],[35.5778,33.04299],[35.57198,33.04273],[35.57144,33.04194],[35.57446,33.06055],[35.57805,33.06137],[35.57823,33.06403],[35.58016,33.06636],[35.57994,33.0736],[35.58257,33.07524],[35.58289,33.07799],[35.58389,33.0791],[35.58622,33.07982],[35.58847,33.07274],[35.59529,33.06729],[35.60059,33.06747],[35.60397,33.06642],[35.60482,33.06679],[35.60497,33.06863],[35.60731,33.07045],[35.60975,33.06815],[35.61663,33.07381],[35.62094,33.07121],[35.62181,33.06756],[35.63362,33.06993],[35.63787,33.06923],[35.63802,33.06659],[35.6345,33.06599],[35.63506,33.06418],[35.62297,33.06182],[35.62406,33.05791],[35.6145,33.05534],[35.61409,33.05587],[35.60813,33.05295]]]]}},{"type":"Feature","id":31,"properties":{"y":31,"b":2,"r":19.996,"n":710,"p":35507,"nm":"אופקים","nmAr":null,"d":true},"geometry":{"type":"MultiPolygon","coordinates":[[[[34.64051,31.30181],[34.6422,31.29916],[34.64404,31.29852],[34.64223,31.29649],[34.64402,31.29429],[34.64494,31.29428],[34.64446,31.29354],[34.64607,31.29162],[34.63471,31.29152],[34.61279,31.29138],[34.60838,31.30593],[34.6057,31.31484],[34.60485,31.31769],[34.61973,31.32248],[34.61998,31.32019],[34.619982,31.320185],[34.62531,31.32036],[34.6258,31.32558],[34.63095,31.32543],[34.63335,31.32352],[34.63848,31.32179],[34.63723,31.31918],[34.63868,31.316],[34.63835,31.31346],[34.63964,31.31015],[34.64051,31.30181]],[[34.619413,31.306627],[34.61584,31.3066],[34.6134,31.30647],[34.60838,31.30593],[34.619413,31.306627]],[[34.619812,31.306811],[34.619757,31.306649],[34.61977,31.30665],[34.63288,31.30157],[34.619812,31.306811]],[[34.63006,31.30926],[34.62641,31.30987],[34.62853,31.30936],[34.63006,31.30926]],[[34.623066,31.314589],[34.62413,31.31822],[34.62296,31.31459],[34.623066,31.314589]],[[34.621324,31.314153],[34.621414,31.31324],[34.62147,31.31355],[34.621324,31.314153]]]]}},{"type":"Feature","id":41,"properties":{"y":41,"b":1,"r":12.421,"n":43,"p":3462,"nm":"אליכין","nmAr":null,"d":false},"geometry":{"type":"MultiPolygon","coordinates":[[[[34.93373,32.40964],[34.93299,32.40976],[34.93072,32.40533],[34.92891,32.40403],[34.92455,32.40485],[34.92257,32.40342],[34.91952,32.40378],[34.91985,32.40588],[34.91681,32.40654],[34.91802,32.40796],[34.91747,32.40914],[34.9177,32.4077],[34.91589,32.40598],[34.91526,32.40297],[34.91027,32.40368],[34.91274,32.41153],[34.91572,32.41236],[34.92078,32.41276],[34.92776,32.41204],[34.93356,32.41113],[34.93373,32.40964]]]]}},{"type":"Feature","id":46,"properties":{"y":46,"b":3,"r":33.465,"n":152,"p":4542,"nm":"יבנאל","nmAr":null,"d":false},"geometry":{"type":"MultiPolygon","coordinates":[[[[35.52367,32.7443],[35.52424,32.74386],[35.52212,32.74209],[35.52058,32.7375],[35.52359,32.73691],[35.52531,32.73889],[35.53155,32.74228],[35.53255,32.74001],[35.54214,32.73252],[35.53215,32.72751],[35.52737,32.72306],[35.52393,32.7213],[35.52741,32.71636],[35.53584,32.71598],[35.53968,32.71472],[35.54651,32.71872],[35.54771,32.71789],[35.54717,32.71695],[35.54787,32.7149],[35.54637,32.71401],[35.54537,32.71005],[35.53856,32.70986],[35.53574,32.70859],[35.53676,32.70026],[35.53647,32.69546],[35.53408,32.69291],[35.528,32.69081],[35.5341,32.69028],[35.53771,32.69162],[35.54244,32.69237],[35.54308,32.6918],[35.54339,32.68829],[35.5403,32.68334],[35.54044,32.67991],[35.53935,32.67627],[35.5359,32.67686],[35.5324,32.67926],[35.53361,32.67701],[35.52778,32.67583],[35.52776,32.67506],[35.51873,32.67474],[35.51191,32.67788],[35.51357,32.67852],[35.51086,32.67932],[35.50935,32.68066],[35.51033,32.6822],[35.50924,32.68331],[35.50975,32.68465],[35.50837,32.68527],[35.50703,32.68773],[35.49799,32.69097],[35.4984,32.69202],[35.49361,32.69476],[35.4936,32.69199],[35.49221,32.69279],[35.49232,32.69562],[35.49127,32.69905],[35.49267,32.70143],[35.48595,32.7021],[35.48618,32.7026],[35.4819,32.70593],[35.47921,32.70559],[35.47804,32.70646],[35.47885,32.70628],[35.47765,32.71465],[35.48342,32.71259],[35.48682,32.71343],[35.48273,32.71608],[35.48125,32.7203],[35.47828,32.72385],[35.47843,32.72562],[35.48187,32.7293],[35.48349,32.7292],[35.47617,32.73364],[35.4779,32.7358],[35.48066,32.73716],[35.4858,32.73193],[35.4943,32.74096],[35.49829,32.73675],[35.50272,32.73523],[35.51163,32.74292],[35.51233,32.74107],[35.51984,32.74377],[35.52245,32.74551],[35.52367,32.7443]]]]}},{"type":"Feature","id":47,"properties":{"y":47,"b":1,"r":11.791,"n":52,"p":4410,"nm":"כפר תבור","nmAr":null,"d":false},"geometry":{"type":"MultiPolygon","coordinates":[[[[35.43226,32.70724],[35.43157,32.70122],[35.42788,32.69123],[35.43227,32.68775],[35.43939,32.69045],[35.44107,32.68794],[35.44736,32.68576],[35.4466,32.68357],[35.44465,32.68154],[35.44589,32.6787],[35.44452,32.67633],[35.44424,32.67203],[35.44309,32.67113],[35.44044,32.67185],[35.43778,32.66369],[35.43496,32.66272],[35.43466,32.66154],[35.43691,32.65953],[35.43658,32.6585],[35.43035,32.66007],[35.42171,32.66478],[35.41977,32.66667],[35.41583,32.66695],[35.41693,32.66986],[35.41535,32.67022],[35.40941,32.66986],[35.40705,32.66818],[35.40565,32.66558],[35.40326,32.66558],[35.40217,32.6645],[35.39966,32.66508],[35.39682,32.67309],[35.39806,32.67257],[35.39937,32.67614],[35.40407,32.67561],[35.40521,32.67863],[35.40888,32.67791],[35.41193,32.67837],[35.41476,32.68061],[35.41382,32.68585],[35.41612,32.68845],[35.41457,32.69344],[35.41593,32.69504],[35.41444,32.69609],[35.41793,32.70108],[35.4227,32.70044],[35.42514,32.69894],[35.42638,32.70029],[35.42646,32.70352],[35.41895,32.70484],[35.41276,32.7048],[35.41234,32.71064],[35.42227,32.71024],[35.42948,32.70889],[35.43226,32.70724]]]]}},{"type":"Feature","id":53,"properties":{"y":53,"b":1,"r":7.96,"n":87,"p":10929,"nm":"עתלית","nmAr":null,"d":false},"geometry":{"type":"MultiPolygon","coordinates":[[[[34.95123,32.73767],[34.94806,32.72496],[34.94789,32.7226],[34.94899,32.72241],[34.94832,32.71584],[34.95084,32.7156],[34.9507,32.71328],[34.95406,32.7128],[34.95413,32.71123],[34.9677,32.71063],[34.96768,32.70925],[34.96343,32.70934],[34.96237,32.70214],[34.95811,32.70353],[34.95785,32.70275],[34.95574,32.69529],[34.96047,32.69416],[34.96044,32.69329],[34.96184,32.69313],[34.96157,32.69047],[34.95238,32.69123],[34.95395,32.6862],[34.94409,32.68628],[34.94434,32.68289],[34.94193,32.68058],[34.9403,32.68017],[34.93932,32.67691],[34.93981,32.67454],[34.93889,32.67375],[34.93957,32.67367],[34.93974,32.67161],[34.93907,32.66744],[34.93675,32.66761],[34.93734,32.67077],[34.93706,32.67862],[34.93331,32.67912],[34.93347,32.68039],[34.93172,32.68106],[34.93187,32.68197],[34.92667,32.68272],[34.92814,32.68364],[34.92602,32.6854],[34.92799,32.68636],[34.92749,32.68719],[34.92872,32.68913],[34.92773,32.68961],[34.92795,32.6914],[34.92656,32.69244],[34.92742,32.69798],[34.93388,32.69959],[34.93508,32.70143],[34.93552,32.70272],[34.93491,32.7042],[34.9322,32.70436],[34.93231,32.70595],[34.93676,32.70571],[34.93899,32.70659],[34.94158,32.70946],[34.94602,32.72395],[34.94936,32.7438],[34.95175,32.74343],[34.9507,32.73931],[34.95123,32.73767]]]]}},{"type":"Feature","id":65,"properties":{"y":65,"b":1,"r":12.802,"n":26,"p":2031,"nm":"מגדל","nmAr":null,"d":false},"geometry":{"type":"MultiPolygon","coordinates":[[[[35.49048,32.85763],[35.49414,32.85596],[35.49643,32.85629],[35.49779,32.85516],[35.5005,32.85462],[35.49845,32.84941],[35.50237,32.84824],[35.50318,32.84687],[35.50618,32.84785],[35.5096,32.84571],[35.51016,32.84599],[35.50884,32.84737],[35.50897,32.84855],[35.51219,32.84719],[35.51341,32.84935],[35.51547,32.84837],[35.51855,32.84879],[35.51579,32.84445],[35.51877,32.8442],[35.52245,32.84264],[35.52437,32.84326],[35.52535,32.84218],[35.52224,32.83949],[35.5191,32.8334],[35.51748,32.82813],[35.51691,32.82529],[35.52004,32.81802],[35.51776,32.81602],[35.51591,32.81515],[35.51082,32.82028],[35.50254,32.82265],[35.50053,32.82462],[35.49857,32.8242],[35.49598,32.829],[35.49497,32.82897],[35.49521,32.83042],[35.48975,32.83093],[35.489,32.83275],[35.49607,32.83601],[35.49156,32.83947],[35.48523,32.8404],[35.47964,32.84275],[35.47888,32.84059],[35.47652,32.84125],[35.47687,32.83856],[35.47524,32.83702],[35.46998,32.84046],[35.46824,32.84258],[35.46392,32.84374],[35.46522,32.84542],[35.4704,32.84765],[35.47097,32.84864],[35.47295,32.84858],[35.47348,32.85148],[35.47181,32.85351],[35.47444,32.8538],[35.47755,32.85532],[35.48072,32.85527],[35.48406,32.85734],[35.48721,32.85696],[35.49048,32.85763]]]]}},{"type":"Feature","id":70,"properties":{"y":70,"b":2,"r":21.769,"n":4937,"p":226789,"nm":"אשדוד","nmAr":null,"d":true},"geometry":{"type":"MultiPolygon","coordinates":[[[[34.62377,31.7852],[34.6273,31.79216],[34.62672,31.79274],[34.62524,31.79537],[34.62617,31.79829],[34.62557,31.79614],[34.62685,31.79304],[34.62871,31.79389],[34.62929,31.79501],[34.62901,31.79637],[34.62722,31.79667],[34.62616,31.79602],[34.62638,31.79664],[34.62892,31.7968],[34.63136,31.79903],[34.64072,31.81775],[34.642649,31.816764],[34.63742,31.81985],[34.6347,31.82394],[34.63449,31.82858],[34.6371,31.8343],[34.63617,31.83805],[34.63689,31.83821],[34.63796,31.83415],[34.63523,31.82829],[34.63516,31.82527],[34.63791,31.82002],[34.64078,31.81837],[34.64245,31.81977],[34.63931,31.82192],[34.6393,31.82281],[34.64103,31.8224],[34.64312,31.82051],[34.64389,31.82113],[34.63997,31.82464],[34.64037,31.8255],[34.64505,31.82381],[34.64568,31.82501],[34.64073,31.82708],[34.6414,31.82851],[34.64712,31.82641],[34.64775,31.82738],[34.63979,31.83122],[34.64292,31.83096],[34.64671,31.83192],[34.65049,31.83196],[34.65048,31.83409],[34.64404,31.8341],[34.64403,31.83608],[34.64982,31.83788],[34.652,31.83735],[34.65212,31.84416],[34.65276,31.83888],[34.65577,31.84435],[34.65327,31.84324],[34.65743,31.8467],[34.66057,31.8528],[34.66636,31.86106],[34.67778,31.8554],[34.6764,31.85234],[34.67439,31.85093],[34.67574,31.84952],[34.68116,31.8542],[34.68305,31.86188],[34.69418,31.86238],[34.70086,31.85905],[34.70154,31.85079],[34.70981,31.85484],[34.71028,31.84823],[34.70612,31.84804],[34.70652,31.84136],[34.69301,31.84083],[34.6945,31.83332],[34.69249,31.83149],[34.67776,31.82808],[34.66684,31.82874],[34.66423,31.82812],[34.66868,31.82854],[34.67157,31.82815],[34.66975,31.81959],[34.66989,31.81007],[34.66865,31.80724],[34.66983,31.80675],[34.66968,31.80403],[34.66978,31.80082],[34.6724,31.79958],[34.67168,31.80185],[34.67256,31.80298],[34.67235,31.80545],[34.67674,31.80848],[34.67734,31.81063],[34.68086,31.80803],[34.68154,31.8093],[34.68359,31.80707],[34.68392,31.80767],[34.68809,31.80283],[34.68919,31.80156],[34.68534,31.79566],[34.68109,31.79262],[34.67485,31.78593],[34.66847,31.78123],[34.66683,31.77833],[34.66693,31.77384],[34.6649,31.76717],[34.65594,31.75923],[34.6537,31.75588],[34.65214,31.75648],[34.64971,31.75443],[34.65031,31.75417],[34.64983,31.75374],[34.64733,31.75338],[34.64575,31.75508],[34.6389,31.75751],[34.639,31.75996],[34.63991,31.7607],[34.63772,31.76332],[34.63313,31.76444],[34.63702,31.76527],[34.640306,31.766762],[34.63311,31.76444],[34.62033,31.76714],[34.61875,31.76527],[34.61677,31.7664],[34.61372,31.76811],[34.62377,31.7852]],[[34.62161,31.77142],[34.630263,31.767571],[34.621766,31.771618],[34.61677,31.7664],[34.62161,31.77142]],[[34.64297,31.8166],[34.648531,31.817678],[34.64853,31.81768],[34.648948,31.817914],[34.642938,31.816616],[34.64297,31.8166]],[[34.64954,31.81548],[34.64876,31.81425],[34.64861,31.813804],[34.64972,31.81549],[34.649801,31.815441],[34.649358,31.815904],[34.64954,31.81548]],[[34.64596,31.81527],[34.643884,31.814389],[34.646045,31.815239],[34.64596,31.81527]],[[34.644602,31.808401],[34.644615,31.808429],[34.644575,31.808438],[34.644602,31.808401]],[[34.640576,31.801338],[34.64068,31.80138],[34.6431,31.80017],[34.64511,31.79918],[34.6476,31.80264],[34.6429,31.80463],[34.640576,31.801338]],[[34.65398,31.7902],[34.65863,31.78872],[34.64983,31.79154],[34.65398,31.7902]],[[34.65587,31.78365],[34.655779,31.783458],[34.65863,31.78872],[34.65587,31.78365]],[[34.667416,31.785871],[34.667416,31.785871],[34.66363,31.78711],[34.65863,31.78872],[34.667416,31.785871]],[[34.646606,31.786367],[34.646606,31.786367],[34.655155,31.782307],[34.655178,31.782349],[34.646606,31.786367]],[[34.650687,31.776908],[34.6507,31.7769],[34.646809,31.77237],[34.646826,31.772361],[34.6503,31.77634],[34.651585,31.777916],[34.650687,31.776908]],[[34.6651,31.77787],[34.66348,31.77846],[34.66348,31.77846],[34.6651,31.77787]],[[34.63748,31.78559],[34.63063,31.79031],[34.63456,31.78755],[34.63748,31.78559]],[[34.633526,31.779654],[34.63397,31.78027],[34.63764,31.78548],[34.64022,31.78378],[34.63748,31.78559],[34.633526,31.779654]],[[34.64322,31.78158],[34.643316,31.781724],[34.64325,31.78163],[34.643106,31.781412],[34.64322,31.78158]],[[34.642346,31.776077],[34.64232,31.776714],[34.64222,31.77658],[34.642346,31.776077]],[[34.64723,31.77544],[34.64716,31.775838],[34.645409,31.773165],[34.645417,31.773161],[34.64723,31.77544]],[[34.64301,31.76799],[34.644447,31.769636],[34.641982,31.767523],[34.64301,31.76799]],[[34.62899,31.77975],[34.629237,31.779771],[34.628934,31.779834],[34.62899,31.77975]],[[34.631282,31.779944],[34.63159,31.77997],[34.631853,31.78035],[34.631282,31.779944]],[[34.63128,31.77654],[34.62792,31.77821],[34.63761,31.77329],[34.637712,31.773245],[34.6376,31.7733],[34.63128,31.77654]],[[34.62777,31.77281],[34.62662,31.77608],[34.626437,31.7761],[34.62777,31.77281]],[[34.634502,31.768805],[34.632743,31.766467],[34.63285,31.76642],[34.634502,31.768805]],[[34.62748,31.78668],[34.627321,31.786232],[34.627537,31.786746],[34.62748,31.78668]],[[34.628133,31.781343],[34.62806,31.78114],[34.628581,31.780361],[34.628133,31.781343]],[[34.629127,31.783771],[34.62893,31.78357],[34.628568,31.782559],[34.629127,31.783771]],[[34.631275,31.78588],[34.6312,31.78588],[34.630359,31.785024],[34.631275,31.78588]],[[34.634344,31.784001],[34.633478,31.782697],[34.63436,31.78397],[34.634344,31.784001]],[[34.63756,31.79637],[34.634559,31.79235],[34.63456,31.79235],[34.63756,31.79637]],[[34.64291,31.78507],[34.64355,31.78616],[34.642818,31.785069],[34.64291,31.78507]],[[34.63542,31.799714],[34.63547,31.79951],[34.63319,31.79844],[34.636964,31.799848],[34.63696,31.79987],[34.638908,31.800661],[34.63542,31.799714]],[[34.63712,31.8054],[34.63972,31.81141],[34.635,31.80144],[34.63712,31.8054]],[[34.642738,31.813902],[34.64172,31.81347],[34.63972,31.81141],[34.642738,31.813902]],[[34.646835,31.777363],[34.647001,31.776745],[34.6469,31.77732],[34.646835,31.777363]],[[34.64571,31.78895],[34.64672,31.79038],[34.646648,31.79043],[34.64571,31.78895]],[[34.65115,31.79349],[34.654473,31.798629],[34.65447,31.79863],[34.654478,31.798641],[34.65259,31.79989],[34.65441,31.79868],[34.65115,31.79349]],[[34.663483,31.778464],[34.66685,31.78397],[34.667283,31.785424],[34.66352,31.77853],[34.663483,31.778464]],[[34.66252,31.78084],[34.662595,31.780977],[34.66117,31.781389],[34.66252,31.78084]],[[34.655455,31.798132],[34.65803,31.79679],[34.658434,31.796625],[34.655455,31.798132]],[[34.660384,31.795831],[34.66078,31.79567],[34.66246,31.79541],[34.660384,31.795831]],[[34.66413,31.79371],[34.664446,31.793592],[34.66246,31.79541],[34.66413,31.79371]],[[34.665273,31.793282],[34.66584,31.79307],[34.666351,31.793152],[34.665273,31.793282]],[[34.6669,31.793241],[34.66708,31.79327],[34.666999,31.793745],[34.6669,31.793241]],[[34.667963,31.790295],[34.66789,31.79221],[34.66708,31.79327],[34.667963,31.790295]],[[34.667602,31.786496],[34.66805,31.788],[34.668,31.789327],[34.667602,31.786496]],[[34.6651,31.80494],[34.66413,31.80686],[34.662992,31.807495],[34.6632,31.80737],[34.6651,31.80494]],[[34.659663,31.804227],[34.6569,31.80206],[34.65672,31.801806],[34.659663,31.804227]]],[[[34.64068,31.80138],[34.6429,31.80463],[34.64749,31.80266],[34.64511,31.79918],[34.64068,31.80138]]]]}},{"type":"Feature","id":99,"properties":{"y":99,"b":3,"r":35.531,"n":187,"p":5263,"nm":"מצפה רמון","nmAr":null,"d":false},"geometry":{"type":"MultiPolygon","coordinates":[[[[34.80307,30.67974],[34.85527,30.67985],[34.85533,30.66192],[34.83092,30.66173],[34.8341,30.65291],[34.83023,30.64798],[34.83456,30.64284],[34.83458,30.63947],[34.82941,30.63457],[34.83415,30.62937],[34.83866,30.62634],[34.84803,30.61784],[34.86834,30.61723],[34.87795,30.61993],[34.88399,30.6232],[34.88899,30.62147],[34.89076,30.61842],[34.89362,30.6194],[34.90278,30.6154],[34.89511,30.60767],[34.89737,30.60577],[34.89723,30.60347],[34.89051,30.59266],[34.88733,30.58991],[34.88002,30.58754],[34.87673,30.58716],[34.8734,30.58866],[34.87053,30.58857],[34.86515,30.58502],[34.85871,30.58229],[34.85552,30.57708],[34.85107,30.57703],[34.84675,30.57912],[34.84496,30.58094],[34.84274,30.58574],[34.84546,30.59239],[34.85224,30.59482],[34.84997,30.60136],[34.84871,30.60032],[34.84731,30.60051],[34.84605,30.60139],[34.84467,30.60542],[34.84248,30.60509],[34.84099,30.60589],[34.83822,30.60513],[34.83677,30.60705],[34.83342,30.60901],[34.83315,30.61018],[34.82985,30.60997],[34.82699,30.61124],[34.8237,30.61135],[34.82188,30.61251],[34.81874,30.61285],[34.81567,30.61478],[34.81543,30.61607],[34.81287,30.61656],[34.81034,30.61599],[34.80987,30.61148],[34.80739,30.60685],[34.8021,30.6032],[34.79415,30.60052],[34.78225,30.59844],[34.76164,30.58951],[34.74629,30.57773],[34.7408,30.57739],[34.74082,30.60812],[34.74609,30.60963],[34.75138,30.6124],[34.75583,30.61735],[34.75867,30.61896],[34.75819,30.62141],[34.75997,30.62415],[34.76241,30.62474],[34.76559,30.62431],[34.76691,30.62767],[34.768,30.62837],[34.77341,30.62705],[34.77636,30.62899],[34.77608,30.63021],[34.77225,30.6342],[34.77396,30.63563],[34.77819,30.63653],[34.77471,30.6424],[34.77198,30.64914],[34.77196,30.66158],[34.80891,30.66164],[34.80801,30.66415],[34.80418,30.66718],[34.80447,30.67249],[34.80292,30.67643],[34.80307,30.67974]]]]}},{"type":"Feature","id":122,"properties":{"y":122,"b":1,"r":8.374,"n":68,"p":8120,"nm":"רמת ישי","nmAr":null,"d":false},"geometry":{"type":"MultiPolygon","coordinates":[[[[35.17477,32.70167],[35.1738,32.70185],[35.17271,32.6991],[35.16794,32.70045],[35.16503,32.69599],[35.156,32.70136],[35.15531,32.7029],[35.1573,32.70738],[35.16331,32.70591],[35.1652,32.70649],[35.1675,32.70922],[35.16949,32.70979],[35.17754,32.71642],[35.18241,32.71469],[35.17659,32.70561],[35.17425,32.70597],[35.17477,32.70167]]]]}},{"type":"Feature","id":154,"properties":{"y":154,"b":1,"r":8.773,"n":127,"p":14477,"nm":"תל מונד","nmAr":null,"d":false},"geometry":{"type":"MultiPolygon","coordinates":[[[[34.92816,32.24661],[34.92569,32.24609],[34.92446,32.24445],[34.91987,32.24645],[34.91677,32.24632],[34.91676,32.24578],[34.90915,32.2471],[34.9016,32.24648],[34.89951,32.24622],[34.89529,32.24156],[34.89254,32.24219],[34.88803,32.24182],[34.88709,32.23955],[34.88825,32.23923],[34.88777,32.23734],[34.89047,32.23701],[34.89025,32.23488],[34.89879,32.23482],[34.90243,32.2342],[34.9065,32.23188],[34.91132,32.23164],[34.91209,32.23048],[34.90983,32.22682],[34.90896,32.22689],[34.90771,32.22532],[34.91009,32.22416],[34.91019,32.2195],[34.90643,32.22057],[34.90598,32.2198],[34.90168,32.22122],[34.90204,32.22206],[34.89792,32.22276],[34.89806,32.22546],[34.88325,32.22785],[34.8892,32.24867],[34.89025,32.24857],[34.89046,32.24937],[34.89505,32.24879],[34.89716,32.24997],[34.89581,32.25201],[34.89534,32.25598],[34.89699,32.25801],[34.89808,32.25778],[34.89918,32.25534],[34.90036,32.25511],[34.89966,32.25342],[34.90111,32.25243],[34.90505,32.25155],[34.90821,32.25176],[34.90837,32.25438],[34.9127,32.25366],[34.91298,32.25699],[34.91459,32.25699],[34.91511,32.25851],[34.91544,32.26207],[34.92217,32.26247],[34.92199,32.26177],[34.92528,32.26137],[34.92501,32.26039],[34.92682,32.26004],[34.92591,32.25672],[34.92692,32.25592],[34.92847,32.25108],[34.92816,32.24661]]]]}},{"type":"Feature","id":166,"properties":{"y":166,"b":1,"r":13.51,"n":332,"p":24574,"nm":"גן יבנה","nmAr":null,"d":true},"geometry":{"type":"MultiPolygon","coordinates":[[[[34.71307,31.77716],[34.70851,31.76998],[34.70697,31.76971],[34.70038,31.7735],[34.69979,31.77196],[34.699,31.77208],[34.69328,31.77595],[34.69324,31.77692],[34.69197,31.77719],[34.69281,31.77811],[34.69069,31.77798],[34.68815,31.78104],[34.68479,31.78199],[34.68146,31.78107],[34.67802,31.78183],[34.67407,31.78146],[34.67211,31.77976],[34.67074,31.77997],[34.66974,31.78202],[34.67558,31.78659],[34.68109,31.79262],[34.6854,31.79573],[34.68981,31.80257],[34.69078,31.80203],[34.69442,31.79959],[34.69511,31.79992],[34.69542,31.79898],[34.69624,31.7993],[34.69802,31.79563],[34.69715,31.79815],[34.70316,31.80016],[34.70897,31.80079],[34.70791,31.80401],[34.70868,31.80413],[34.70878,31.80931],[34.7069,31.81056],[34.70726,31.81124],[34.70866,31.81078],[34.71238,31.80839],[34.71084,31.80428],[34.71065,31.8014],[34.7211,31.79709],[34.719752,31.795889],[34.72282,31.79284],[34.72175,31.79177],[34.72152,31.78919],[34.72613,31.78838],[34.72708,31.78981],[34.73166,31.788],[34.72728,31.77787],[34.72532,31.77839],[34.72426,31.77732],[34.72334,31.77782],[34.72382,31.77964],[34.72259,31.78033],[34.72348,31.7818],[34.72254,31.78231],[34.72156,31.78102],[34.71958,31.78208],[34.71642,31.77789],[34.71539,31.77621],[34.71307,31.77716]]]]}},{"type":"Feature","id":168,"properties":{"y":168,"b":1,"r":14.431,"n":425,"p":29450,"nm":"כפר יונה","nmAr":null,"d":true},"geometry":{"type":"MultiPolygon","coordinates":[[[[34.92835,32.30617],[34.92398,32.30594],[34.91793,32.3031],[34.91543,32.30425],[34.91667,32.30813],[34.91457,32.30823],[34.91439,32.31319],[34.91153,32.31375],[34.90559,32.31328],[34.90725,32.31731],[34.90542,32.31708],[34.90565,32.31939],[34.90726,32.32228],[34.90345,32.32059],[34.90392,32.32309],[34.90726,32.323],[34.90856,32.32819],[34.9136,32.32749],[34.91519,32.33144],[34.91169,32.33276],[34.9129,32.33502],[34.91613,32.33407],[34.91624,32.3352],[34.91721,32.33519],[34.91721,32.33955],[34.92155,32.33964],[34.92287,32.34125],[34.9244,32.34037],[34.92547,32.34349],[34.9265,32.34329],[34.92832,32.34277],[34.92835,32.34178],[34.9306,32.34142],[34.9288,32.33789],[34.93148,32.33713],[34.93224,32.33442],[34.93286,32.33557],[34.93669,32.33562],[34.9366,32.33913],[34.94021,32.33871],[34.941,32.34271],[34.94281,32.34221],[34.94122,32.33561],[34.9422,32.3295],[34.94303,32.32853],[34.94272,32.3261],[34.94079,32.32253],[34.94078,32.319709],[34.94707,32.31882],[34.95159,32.31703],[34.95349,32.31481],[34.94926,32.31168],[34.93593,32.30812],[34.92835,32.30617]],[[34.91712,32.31874],[34.91268,32.31865],[34.91164,32.3186],[34.91712,32.31874]],[[34.93674,32.31994],[34.936708,32.319759],[34.939442,32.319726],[34.93674,32.31994]]]]}},{"type":"Feature","id":171,"properties":{"y":171,"b":1,"r":9.298,"n":69,"p":7421,"nm":"פרדסייה","nmAr":null,"d":false},"geometry":{"type":"MultiPolygon","coordinates":[[[[34.91153,32.31375],[34.91439,32.31319],[34.91457,32.30823],[34.91667,32.30813],[34.91543,32.30425],[34.91798,32.30302],[34.91654,32.30173],[34.91497,32.30161],[34.90427,32.3039],[34.9007,32.3033],[34.90221,32.31115],[34.90514,32.31168],[34.90544,32.31346],[34.91153,32.31375]]]]}},{"type":"Feature","id":182,"properties":{"y":182,"b":1,"r":11.208,"n":161,"p":14365,"nm":"אבן יהודה","nmAr":null,"d":false},"geometry":{"type":"MultiPolygon","coordinates":[[[[34.89062,32.29273],[34.88932,32.2841],[34.89177,32.28247],[34.89666,32.28405],[34.89591,32.28092],[34.89657,32.27707],[34.89554,32.26948],[34.89295,32.26375],[34.88977,32.25062],[34.88713,32.25113],[34.88425,32.24684],[34.88442,32.2458],[34.88854,32.24642],[34.8873,32.24208],[34.8792,32.24623],[34.88012,32.24719],[34.87799,32.24728],[34.87811,32.25094],[34.87553,32.25099],[34.87557,32.25217],[34.8731,32.25264],[34.87431,32.2582],[34.86957,32.25922],[34.87222,32.26292],[34.86974,32.26339],[34.86973,32.26501],[34.86592,32.26637],[34.86714,32.26749],[34.86836,32.26702],[34.87059,32.26831],[34.87648,32.27511],[34.87601,32.27601],[34.87698,32.27629],[34.8761,32.27717],[34.87798,32.27783],[34.87789,32.27843],[34.87935,32.27837],[34.87946,32.28018],[34.87784,32.28122],[34.87871,32.2825],[34.8787,32.28693],[34.88266,32.28649],[34.88399,32.29339],[34.89062,32.29273]]]]}},{"type":"Feature","id":195,"properties":{"y":195,"b":1,"r":10.465,"n":243,"p":23220,"nm":"קדימה-צורן","nmAr":null,"d":true},"geometry":{"type":"MultiPolygon","coordinates":[[[[34.92283,32.27342],[34.92179,32.2688],[34.9189,32.2655],[34.91007,32.26624],[34.89475,32.26823],[34.89554,32.26948],[34.89657,32.27707],[34.89591,32.28092],[34.89651,32.28344],[34.897113,32.283426],[34.89666,32.28405],[34.89177,32.28247],[34.88932,32.2841],[34.8912,32.29913],[34.8978,32.29902],[34.89759,32.29402],[34.90134,32.2944],[34.90132,32.29339],[34.90386,32.29314],[34.90395,32.29415],[34.91147,32.2935],[34.9114,32.29189],[34.9116,32.28921],[34.91393,32.28901],[34.92489,32.29196],[34.92511,32.29415],[34.93265,32.29157],[34.9323,32.28381],[34.92937,32.28394],[34.92488,32.28281],[34.92464,32.2808],[34.92669,32.27907],[34.92619,32.27756],[34.92528,32.27888],[34.92397,32.27728],[34.9192,32.27757],[34.91866,32.27443],[34.91852,32.27382],[34.92283,32.27342]],[[34.905243,32.283241],[34.90521,32.28325],[34.904916,32.283249],[34.905243,32.283241]],[[34.911547,32.281505],[34.91155,32.28154],[34.906822,32.282815],[34.911547,32.281505]],[[34.91106,32.28012],[34.91107,32.27579],[34.911487,32.280783],[34.91106,32.28012]]],[[[34.944,32.29065],[34.94448,32.28936],[34.95137,32.29102],[34.95313,32.29046],[34.95315,32.28947],[34.95117,32.28848],[34.9501,32.28641],[34.9484,32.2862],[34.94555,32.28404],[34.94205,32.28489],[34.94309,32.28595],[34.94252,32.28615],[34.9411,32.2849],[34.93916,32.28536],[34.93898,32.29095],[34.93992,32.29147],[34.944,32.29065]]],[[[34.93858,32.29051],[34.93898,32.29095],[34.93887,32.28482],[34.93586,32.28548],[34.93462,32.29707],[34.93481,32.29903],[34.9356,32.29854],[34.9391,32.29645],[34.93816,32.29158],[34.93858,32.29051]]]]}},{"type":"Feature","id":229,"properties":{"y":229,"b":1,"r":8.458,"n":200,"p":23646,"nm":"גני תקווה","nmAr":null,"d":true},"geometry":{"type":"MultiPolygon","coordinates":[[[[34.86678,32.05527],[34.86655,32.05902],[34.86759,32.07053],[34.87008,32.07062],[34.87588,32.07041],[34.87482,32.06991],[34.87547,32.06625],[34.87913,32.06674],[34.87918,32.0639],[34.87934,32.06558],[34.88087,32.06578],[34.88191,32.06328],[34.88382,32.0638],[34.88443,32.06048],[34.88374,32.06043],[34.88387,32.05898],[34.88272,32.05891],[34.883,32.0574],[34.87954,32.05693],[34.87961,32.05605],[34.8719,32.05559],[34.86678,32.05527]],[[34.87132,32.06119],[34.871086,32.060362],[34.872,32.06134],[34.86973,32.06098],[34.87132,32.06119]],[[34.8703,32.05758],[34.870428,32.057421],[34.870478,32.058209],[34.8703,32.05758]]]]}},{"type":"Feature","id":240,"properties":{"y":240,"b":1,"r":9.099,"n":224,"p":24617,"nm":"יקנעם עילית","nmAr":null,"d":true},"geometry":{"type":"MultiPolygon","coordinates":[[[[35.09332,32.6331],[35.0888,32.63374],[35.08463,32.63555],[35.08268,32.6353],[35.07987,32.63384],[35.07439,32.6338],[35.07401,32.63881],[35.07713,32.63949],[35.07776,32.64069],[35.08046,32.64036],[35.07933,32.64349],[35.07941,32.64656],[35.07772,32.65022],[35.07026,32.65617],[35.06359,32.65893],[35.06248,32.66069],[35.06267,32.66165],[35.06376,32.66198],[35.06967,32.65889],[35.07337,32.65653],[35.07911,32.65117],[35.0798,32.65129],[35.0844,32.65321],[35.0872,32.65557],[35.09509,32.65722],[35.09897,32.66023],[35.10006,32.65943],[35.1038,32.66075],[35.10441,32.66179],[35.1026,32.66581],[35.10232,32.66855],[35.1036,32.66875],[35.10259,32.67048],[35.10298,32.67203],[35.10714,32.67723],[35.10849,32.66897],[35.10877,32.6677],[35.11107,32.665],[35.11053,32.66274],[35.11324,32.65919],[35.11376,32.65939],[35.11422,32.65798],[35.11345,32.65562],[35.11094,32.65453],[35.112,32.65232],[35.1108,32.6514],[35.11216,32.65056],[35.11223,32.64918],[35.10679,32.64595],[35.10562,32.64408],[35.10428,32.64208],[35.10117,32.6403],[35.09743,32.6405],[35.09665,32.63867],[35.09766,32.63635],[35.09703,32.63597],[35.09621,32.63456],[35.09332,32.6331]],[[35.09119,32.64302],[35.08548,32.63917],[35.09117,32.64281],[35.09323,32.6415],[35.09114,32.64296],[35.091348,32.643089],[35.08997,32.64493],[35.09119,32.64302]],[[35.10552,32.65198],[35.1033,32.651],[35.09493,32.64709],[35.10552,32.65198]],[[35.10644,32.64994],[35.105527,32.651982],[35.10552,32.65198],[35.10644,32.64994]],[[35.10434,32.64929],[35.104293,32.648971],[35.10644,32.64994],[35.10434,32.64929]],[[35.099119,32.656199],[35.08535,32.65006],[35.085279,32.649983],[35.09636,32.65455],[35.099119,32.656199]],[[35.105559,32.65907],[35.104011,32.65838],[35.10534,32.65888],[35.105559,32.65907]],[[35.1073,32.66531],[35.10719,32.66049],[35.10724,32.65805],[35.1073,32.66531]],[[35.10542,32.65378],[35.105162,32.65508],[35.10512,32.65502],[35.10542,32.65378]]]]}},{"type":"Feature","id":246,"properties":{"y":246,"b":2,"r":18.156,"n":842,"p":46375,"nm":"נתיבות","nmAr":null,"d":true},"geometry":{"type":"MultiPolygon","coordinates":[[[[34.57859,31.40759],[34.57155,31.41125],[34.56822,31.41283],[34.56499,31.41633],[34.56072,31.41892],[34.56086,31.42177],[34.55909,31.42683],[34.55749,31.42857],[34.5605,31.43857],[34.56292,31.44134],[34.56464,31.44134],[34.56468,31.43931],[34.56559,31.43861],[34.56871,31.43914],[34.57046,31.4409],[34.57294,31.44059],[34.57298,31.44201],[34.57428,31.44277],[34.58841,31.43529],[34.58647,31.43263],[34.58993,31.42854],[34.59159,31.42795],[34.59376,31.42875],[34.59365,31.42937],[34.59441,31.42903],[34.59787,31.43022],[34.59933,31.42913],[34.60152,31.42496],[34.60245,31.423],[34.60101,31.42232],[34.60212,31.41916],[34.59662,31.4171],[34.59203,31.41657],[34.590608,31.415918],[34.59065,31.41588],[34.59132,31.4146],[34.58782,31.41215],[34.57859,31.40759]],[[34.58295,31.4184],[34.58162,31.41663],[34.583081,31.418379],[34.58297,31.4184],[34.57381,31.42178],[34.58295,31.4184]],[[34.58247,31.42298],[34.578571,31.426279],[34.57855,31.42625],[34.582648,31.422814],[34.58247,31.42298]],[[34.59804,31.42176],[34.59841,31.42209],[34.597481,31.421695],[34.59804,31.42176]],[[34.59907,31.42268],[34.598341,31.423874],[34.59832,31.423867],[34.598875,31.422505],[34.59907,31.42268]],[[34.57663,31.41274],[34.57946,31.41442],[34.58213,31.41609],[34.57663,31.41274]],[[34.576588,31.429866],[34.57644,31.42945],[34.576677,31.428866],[34.576588,31.429866]],[[34.576905,31.428303],[34.57702,31.42802],[34.57931,31.4273],[34.576905,31.428303]]]]}},{"type":"Feature","id":267,"properties":{"y":267,"b":1,"r":11.789,"n":23,"p":1951,"nm":"כפר שמריהו","nmAr":null,"d":false},"geometry":{"type":"MultiPolygon","coordinates":[[[[34.82795,32.19258],[34.83682,32.19149],[34.8369,32.18947],[34.83479,32.18973],[34.83414,32.18131],[34.8329,32.17945],[34.82909,32.17989],[34.82912,32.17843],[34.8252,32.17891],[34.8195,32.17728],[34.81982,32.17775],[34.81845,32.1778],[34.81844,32.17976],[34.81615,32.18017],[34.81525,32.1843],[34.81809,32.19335],[34.82082,32.19447],[34.82388,32.19311],[34.82795,32.19258]]]]}},{"type":"Feature","id":466,"properties":{"y":466,"b":1,"r":11.888,"n":93,"p":7823,"nm":"בית דגן","nmAr":null,"d":false},"geometry":{"type":"MultiPolygon","coordinates":[[[[34.82977,31.98937],[34.8213,32.00125],[34.82442,32.00223],[34.82699,32.00484],[34.83342,32.00578],[34.83572,32.00777],[34.8383,32.00592],[34.83489,32.00259],[34.83728,32.00131],[34.83537,31.99854],[34.83028,31.99909],[34.8322,31.99043],[34.83209,31.98898],[34.8309,31.99014],[34.82977,31.98937]]]]}},{"type":"Feature","id":469,"properties":{"y":469,"b":2,"r":29.291,"n":322,"p":10993,"nm":"קריית עקרון","nmAr":null,"d":true},"geometry":{"type":"MultiPolygon","coordinates":[[[[34.82889,31.85693],[34.83004,31.85666],[34.82761,31.85247],[34.81844,31.85668],[34.81607,31.85872],[34.80708,31.85974],[34.8127,31.86401],[34.81562,31.86782],[34.81935,31.871],[34.81968,31.86948],[34.819684,31.869445],[34.82134,31.86824],[34.8257,31.86774],[34.82663,31.86699],[34.83253,31.86571],[34.83084,31.86453],[34.83238,31.86432],[34.83038,31.8633],[34.82951,31.85853],[34.83001,31.85839],[34.82889,31.85693]],[[34.82024,31.86296],[34.820325,31.862861],[34.82134,31.86824],[34.82024,31.86296]],[[34.818049,31.859414],[34.81857,31.86346],[34.81755,31.85932],[34.818049,31.859414]],[[34.82324,31.85901],[34.82166,31.86186],[34.820599,31.862539],[34.82254,31.86026],[34.82324,31.85901]]]]}},{"type":"Feature","id":472,"properties":{"y":472,"b":2,"r":27.071,"n":215,"p":7942,"nm":"אבו גוש","nmAr":null,"d":false},"geometry":{"type":"MultiPolygon","coordinates":[[[[35.11884,31.79908],[35.1097,31.80173],[35.10412,31.80167],[35.10726,31.80392],[35.10501,31.80622],[35.10441,31.8053],[35.1027,31.80665],[35.09993,31.80596],[35.09676,31.80813],[35.09637,31.81081],[35.09469,31.81375],[35.1015,31.81282],[35.10244,31.81018],[35.10565,31.81113],[35.10528,31.81193],[35.1061,31.81324],[35.10691,31.81253],[35.11068,31.81338],[35.11409,31.81037],[35.11273,31.80983],[35.11474,31.80915],[35.11469,31.80632],[35.11966,31.80195],[35.12252,31.80084],[35.12213,31.79983],[35.11884,31.79908]],[[35.10302,31.80662],[35.1035,31.80684],[35.10244,31.80803],[35.10274,31.80946],[35.10179,31.80997],[35.10135,31.80903],[35.10302,31.80662]]]]}},{"type":"Feature","id":473,"properties":{"y":473,"b":1,"r":10.417,"n":153,"p":14687,"nm":"אבו סנאן","nmAr":null,"d":false},"geometry":{"type":"MultiPolygon","coordinates":[[[[35.16846,32.95368],[35.167,32.95805],[35.16522,32.95862],[35.165257,32.958791],[35.16496,32.95796],[35.16355,32.95789],[35.1631,32.95946],[35.15792,32.96017],[35.15714,32.95841],[35.15646,32.95887],[35.15612,32.95833],[35.15238,32.96038],[35.14804,32.96057],[35.14741,32.96173],[35.14559,32.96171],[35.14398,32.961],[35.1435,32.9554],[35.12541,32.95691],[35.12512,32.95842],[35.12732,32.95911],[35.12724,32.96126],[35.12648,32.96203],[35.12784,32.96349],[35.14045,32.96455],[35.14948,32.96755],[35.15464,32.96762],[35.15677,32.9692],[35.15977,32.96913],[35.15976,32.96989],[35.16186,32.96893],[35.166165,32.968566],[35.16588,32.97045],[35.16759,32.97044],[35.17451,32.96743],[35.17487,32.97432],[35.17285,32.97588],[35.17674,32.9751],[35.17403,32.97762],[35.17956,32.97999],[35.18302,32.9805],[35.18475,32.98022],[35.18643,32.97774],[35.18623,32.97659],[35.18261,32.97566],[35.18204,32.96992],[35.18057,32.96881],[35.18104,32.96732],[35.18229,32.96722],[35.18231,32.96561],[35.18007,32.96544],[35.18264,32.96476],[35.18365,32.96274],[35.1828,32.96074],[35.1839,32.96052],[35.18417,32.95948],[35.18177,32.95899],[35.18155,32.95687],[35.17853,32.95578],[35.17768,32.95439],[35.17661,32.95474],[35.17518,32.95333],[35.17361,32.95303],[35.171417,32.955146],[35.17275,32.95352],[35.16846,32.95368]],[[35.16666,32.96529],[35.16648,32.966482],[35.166489,32.964499],[35.16666,32.96529]],[[35.17002,32.96086],[35.171472,32.959959],[35.16666,32.96529],[35.17002,32.96086]],[[35.171449,32.959028],[35.17204,32.95933],[35.171813,32.959582],[35.171449,32.959028]],[[35.17002,32.95685],[35.17024,32.956581],[35.170416,32.957453],[35.17002,32.95685]]]]}},{"type":"Feature","id":478,"properties":{"y":478,"b":2,"r":20.149,"n":309,"p":15336,"nm":"אכסאל","nmAr":null,"d":false},"geometry":{"type":"MultiPolygon","coordinates":[[[[35.32751,32.65839],[35.32548,32.65761],[35.32358,32.65769],[35.32375,32.6629],[35.31935,32.66155],[35.31992,32.66017],[35.31594,32.66063],[35.31687,32.66416],[35.31347,32.66442],[35.3172,32.67242],[35.3135,32.67234],[35.31352,32.67489],[35.31035,32.67386],[35.30774,32.67491],[35.30786,32.67645],[35.30985,32.67546],[35.31189,32.67785],[35.31291,32.67694],[35.31247,32.68109],[35.31444,32.68224],[35.31692,32.68219],[35.3168,32.68337],[35.31582,32.68393],[35.31781,32.68483],[35.31781,32.68627],[35.32091,32.68763],[35.32724,32.68924],[35.33572,32.68876],[35.34079,32.68228],[35.34215,32.68113],[35.34424,32.68117],[35.34804,32.67647],[35.35039,32.6749],[35.35195,32.67051],[35.352,32.66303],[35.33309,32.66351],[35.33205,32.6631],[35.33327,32.65721],[35.32806,32.65679],[35.32751,32.660059],[35.32751,32.65839]],[[35.320318,32.678838],[35.32055,32.67952],[35.32028,32.68224],[35.320318,32.678838]],[[35.31963,32.67734],[35.319786,32.677273],[35.319857,32.677483],[35.31963,32.67734]],[[35.326097,32.676313],[35.325448,32.678583],[35.32581,32.67703],[35.326097,32.676313]],[[35.32522,32.67956],[35.325307,32.679187],[35.32607,32.67967],[35.32522,32.67956]],[[35.32514,32.68197],[35.325173,32.681935],[35.32753,32.68444],[35.32514,32.68197]]]]}},{"type":"Feature","id":480,"properties":{"y":480,"b":0,"r":4.182,"n":52,"p":12433,"nm":"בית ג'ן","nmAr":null,"d":false},"geometry":{"type":"MultiPolygon","coordinates":[[[[35.38974,32.96461],[35.39453,32.96487],[35.3945,32.96396],[35.399,32.96312],[35.40065,32.9613],[35.39594,32.95795],[35.39177,32.95817],[35.39127,32.95634],[35.39213,32.95605],[35.39199,32.95434],[35.3871,32.95116],[35.38387,32.95353],[35.381,32.95295],[35.37963,32.95424],[35.37692,32.95347],[35.37297,32.95392],[35.37076,32.95544],[35.37215,32.95732],[35.37048,32.95888],[35.36957,32.9622],[35.36054,32.96437],[35.35985,32.96552],[35.36014,32.96727],[35.35854,32.96782],[35.35878,32.96896],[35.35778,32.97007],[35.3631,32.97006],[35.36551,32.97169],[35.36728,32.9708],[35.3671,32.97024],[35.37275,32.96957],[35.371,32.97394],[35.37005,32.97888],[35.375,32.98027],[35.37778,32.97804],[35.37899,32.97792],[35.3806,32.97599],[35.38069,32.97763],[35.38228,32.97858],[35.38341,32.97735],[35.3868,32.97752],[35.38987,32.97603],[35.39257,32.97662],[35.39428,32.97334],[35.39348,32.97121],[35.39139,32.96983],[35.39018,32.97032],[35.3867,32.96699],[35.38954,32.96455],[35.38438,32.96214],[35.38974,32.96461]]]]}},{"type":"Feature","id":481,"properties":{"y":481,"b":1,"r":7.751,"n":186,"p":23998,"nm":"מגאר","nmAr":null,"d":true},"geometry":{"type":"MultiPolygon","coordinates":[[[[35.46078,32.86137],[35.46195,32.86046],[35.46078,32.86087],[35.46078,32.86137]]],[[[35.42535,32.87493],[35.42413,32.87457],[35.42269,32.87164],[35.41832,32.87287],[35.41668,32.87631],[35.41696,32.87808],[35.41511,32.87787],[35.41578,32.87491],[35.41844,32.87026],[35.41861,32.86764],[35.41762,32.86684],[35.41779,32.86537],[35.41977,32.86478],[35.42052,32.86119],[35.42379,32.86101],[35.4247,32.85867],[35.42693,32.85764],[35.43131,32.86372],[35.43153,32.86844],[35.43442,32.86649],[35.44092,32.86446],[35.44177,32.86264],[35.44116,32.86217],[35.44228,32.86051],[35.44793,32.85937],[35.44682,32.8591],[35.44614,32.85721],[35.44507,32.85753],[35.44511,32.85608],[35.44758,32.85589],[35.44891,32.85796],[35.45199,32.85631],[35.44424,32.85403],[35.44439,32.85207],[35.43788,32.85177],[35.43207,32.84908],[35.42617,32.84917],[35.41831,32.84812],[35.41589,32.84659],[35.41543,32.84949],[35.41797,32.85077],[35.41934,32.8528],[35.41407,32.85094],[35.40578,32.85285],[35.40574,32.85553],[35.40351,32.85607],[35.40363,32.85804],[35.40075,32.85858],[35.39229,32.86059],[35.39269,32.86177],[35.39104,32.86202],[35.39079,32.86716],[35.38678,32.86963],[35.385,32.87386],[35.38781,32.87446],[35.38718,32.8769],[35.38537,32.87722],[35.3851,32.87844],[35.38698,32.87801],[35.38935,32.88124],[35.38866,32.8818],[35.38907,32.88232],[35.38333,32.88799],[35.38143,32.88793],[35.37911,32.89102],[35.37935,32.89213],[35.38228,32.8924],[35.38845,32.89142],[35.388502,32.8914],[35.38977,32.89434],[35.38717,32.89974],[35.38927,32.89864],[35.389278,32.898633],[35.39465,32.89918],[35.39884,32.89762],[35.40345,32.89824],[35.4048,32.89774],[35.40789,32.89837],[35.40765,32.89955],[35.41039,32.89881],[35.41073,32.898],[35.41174,32.89933],[35.41568,32.89886],[35.41554,32.89938],[35.41825,32.89948],[35.42411,32.89887],[35.42753,32.89753],[35.4265,32.89581],[35.42754,32.89531],[35.42687,32.89399],[35.42967,32.89262],[35.4295,32.89061],[35.43552,32.89019],[35.43486,32.88833],[35.4314,32.88883],[35.43344,32.88507],[35.43264,32.88413],[35.43562,32.8819],[35.43427,32.88059],[35.43487,32.87888],[35.43375,32.87666],[35.43111,32.87614],[35.42594,32.87725],[35.42594,32.87725],[35.42535,32.87493]],[[35.39831,32.88791],[35.398594,32.887972],[35.398158,32.888029],[35.39831,32.88791]],[[35.402155,32.888746],[35.40027,32.88877],[35.399642,32.8882],[35.402155,32.888746]],[[35.404367,32.889227],[35.403945,32.889263],[35.403797,32.889103],[35.404367,32.889227]],[[35.411416,32.887626],[35.41138,32.88779],[35.41011,32.88732],[35.411416,32.887626]],[[35.411659,32.886535],[35.41518,32.88481],[35.415184,32.884813],[35.411659,32.886535],[35.411659,32.886535]],[[35.40212,32.86674],[35.400833,32.873826],[35.4007,32.87338],[35.40212,32.86674]],[[35.40125,32.875217],[35.401523,32.875947],[35.40144,32.87585],[35.40125,32.875217]],[[35.405555,32.880664],[35.41112,32.88354],[35.40568,32.88081],[35.405555,32.880664]],[[35.409249,32.897619],[35.41198,32.89612],[35.40963,32.89763],[35.409249,32.897619]],[[35.401968,32.896016],[35.408018,32.897582],[35.40596,32.89752],[35.401968,32.896016]],[[35.39973,32.8969],[35.4017,32.89504],[35.40129,32.89576],[35.40105,32.89567],[35.39973,32.8969]],[[35.40214,32.889718],[35.40215,32.889732],[35.40196,32.88976],[35.40214,32.889718]]]]}},{"type":"Feature","id":482,"properties":{"y":482,"b":1,"r":14.384,"n":148,"p":10289,"nm":"בועיינה-נוג'ידאת","nmAr":null,"d":false},"geometry":{"type":"MultiPolygon","coordinates":[[[[35.39643,32.81092],[35.39504,32.81111],[35.39547,32.81025],[35.39482,32.80996],[35.39164,32.81002],[35.38977,32.81025],[35.3887,32.81194],[35.38321,32.81247],[35.37712,32.81133],[35.37401,32.80858],[35.37407,32.80667],[35.37882,32.8036],[35.37673,32.8016],[35.37514,32.79729],[35.36708,32.79883],[35.36203,32.79762],[35.35306,32.79913],[35.3509,32.80319],[35.3523,32.80348],[35.35144,32.80507],[35.35313,32.80605],[35.35983,32.80797],[35.35641,32.8108],[35.35363,32.81528],[35.35697,32.81675],[35.35556,32.8209],[35.36728,32.82362],[35.38053,32.82543],[35.37971,32.82786],[35.38313,32.82757],[35.38437,32.82547],[35.38802,32.82256],[35.3866,32.82116],[35.38264,32.82008],[35.38407,32.81471],[35.38525,32.81487],[35.38549,32.81372],[35.38686,32.81381],[35.38693,32.81318],[35.38956,32.81366],[35.39336,32.81256],[35.39433,32.81335],[35.39636,32.81336],[35.39708,32.81308],[35.39643,32.81092]]]]}},{"type":"Feature","id":483,"properties":{"y":483,"b":1,"r":12.632,"n":109,"p":8629,"nm":"בענה","nmAr":null,"d":false},"geometry":{"type":"MultiPolygon","coordinates":[[[[35.29606,32.93694],[35.29658,32.93128],[35.29562,32.92551],[35.28913,32.9252],[35.27302,32.92098],[35.27208,32.92435],[35.26421,32.92548],[35.26411,32.92757],[35.26277,32.92766],[35.26053,32.9301],[35.26919,32.93038],[35.26936,32.93162],[35.27082,32.9318],[35.27124,32.93328],[35.27362,32.93404],[35.27639,32.93375],[35.27793,32.93248],[35.2786,32.93411],[35.28004,32.93365],[35.28033,32.93505],[35.28489,32.93543],[35.28498,32.93645],[35.2928,32.93605],[35.29606,32.93694]]]]}},{"type":"Feature","id":485,"properties":{"y":485,"b":1,"r":7.124,"n":48,"p":6738,"nm":"ג'ולס","nmAr":null,"d":false},"geometry":{"type":"MultiPolygon","coordinates":[[[[35.19562,32.94821],[35.19581,32.94639],[35.19489,32.94582],[35.19543,32.94443],[35.19344,32.94324],[35.19352,32.94057],[35.19479,32.94046],[35.19562,32.94138],[35.19949,32.93909],[35.19795,32.93711],[35.19509,32.93715],[35.19222,32.93516],[35.18973,32.93564],[35.18797,32.93434],[35.18484,32.93369],[35.18255,32.93341],[35.18113,32.93427],[35.18011,32.93303],[35.17884,32.9349],[35.17801,32.93401],[35.17847,32.93214],[35.17614,32.933],[35.17508,32.93128],[35.16816,32.93415],[35.16108,32.93224],[35.1638,32.94148],[35.166,32.94242],[35.16853,32.94212],[35.16912,32.94308],[35.17388,32.94265],[35.17802,32.94399],[35.17703,32.94508],[35.17726,32.94583],[35.17956,32.9477],[35.17953,32.9491],[35.18223,32.9499],[35.18229,32.9508],[35.18495,32.94985],[35.18684,32.95039],[35.19052,32.94986],[35.19562,32.94821]]]]}},{"type":"Feature","id":487,"properties":{"y":487,"b":1,"r":11.194,"n":36,"p":3216,"nm":"ג'ש (גוש חלב)","nmAr":null,"d":false},"geometry":{"type":"MultiPolygon","coordinates":[[[[35.45354,33.02972],[35.45473,33.02898],[35.45434,33.02502],[35.45507,33.02327],[35.45355,33.0199],[35.45223,33.01877],[35.45293,33.01853],[35.45298,33.01624],[35.44902,33.01793],[35.4485,33.0172],[35.445,33.0168],[35.43726,33.01769],[35.43525,33.01568],[35.43266,33.01498],[35.43249,33.01608],[35.43157,33.01599],[35.4304,33.01375],[35.42912,33.01384],[35.42442,33.0114],[35.42304,33.00738],[35.41944,33.00757],[35.41915,33.00537],[35.41759,33.0056],[35.4172,33.00682],[35.41483,33.00671],[35.41215,33.00851],[35.40713,33.00963],[35.40651,33.01204],[35.41366,33.01617],[35.41755,33.0166],[35.41881,33.01987],[35.42613,33.01915],[35.4252,33.02024],[35.42765,33.02457],[35.43023,33.0268],[35.43019,33.02796],[35.43293,33.02891],[35.43252,33.03291],[35.43539,33.03766],[35.44132,33.03433],[35.44133,33.03732],[35.44037,33.03902],[35.44124,33.04101],[35.44616,33.03888],[35.44719,33.0393],[35.44823,33.03823],[35.44906,33.03876],[35.44988,33.03672],[35.44854,33.03634],[35.45033,33.03353],[35.44989,33.03162],[35.45147,33.03237],[35.45354,33.02972]]]]}},{"type":"Feature","id":489,"properties":{"y":489,"b":2,"r":19.389,"n":210,"p":10831,"nm":"דבורייה","nmAr":null,"d":false},"geometry":{"type":"MultiPolygon","coordinates":[[[[35.38309,32.69964],[35.38397,32.69585],[35.38358,32.69311],[35.37817,32.69204],[35.37653,32.69082],[35.37631,32.68965],[35.37742,32.68579],[35.37958,32.68368],[35.3784,32.68286],[35.37992,32.67971],[35.38081,32.67933],[35.37986,32.68052],[35.38063,32.681],[35.3815,32.68009],[35.37981,32.67703],[35.37255,32.67942],[35.3662,32.67995],[35.3674,32.68231],[35.35241,32.68389],[35.35032,32.69314],[35.35051,32.69543],[35.35108,32.69374],[35.35402,32.69422],[35.35836,32.69764],[35.36062,32.69625],[35.36184,32.69675],[35.36335,32.69605],[35.3643,32.6967],[35.36363,32.69818],[35.3683,32.69945],[35.36945,32.70063],[35.37297,32.69856],[35.37848,32.69982],[35.38191,32.70168],[35.38309,32.69964]]]]}},{"type":"Feature","id":490,"properties":{"y":490,"b":1,"r":12.693,"n":166,"p":13078,"nm":"דייר אל-אסד","nmAr":null,"d":false},"geometry":{"type":"MultiPolygon","coordinates":[[[[35.27124,32.93328],[35.27126,32.93233],[35.26993,32.93146],[35.269208,32.931749],[35.26919,32.93038],[35.26013,32.93027],[35.2521,32.92897],[35.25245,32.93064],[35.25465,32.93322],[35.25509,32.9367],[35.25421,32.9386],[35.25551,32.94054],[35.25604,32.94342],[35.2556,32.9491],[35.26012,32.94872],[35.26332,32.95452],[35.26586,32.95529],[35.27137,32.95962],[35.2718,32.95732],[35.2729,32.95668],[35.27205,32.95302],[35.27035,32.9515],[35.27034,32.94983],[35.27148,32.94843],[35.26917,32.94498],[35.27006,32.94232],[35.27661,32.93933],[35.27816,32.94068],[35.27977,32.94055],[35.28357,32.93831],[35.28357,32.93928],[35.29826,32.93842],[35.29845,32.93684],[35.29525,32.93691],[35.2928,32.93605],[35.28498,32.93645],[35.28489,32.93543],[35.28033,32.93505],[35.28004,32.93365],[35.2786,32.93411],[35.27793,32.93248],[35.27639,32.93375],[35.27295,32.93364],[35.27124,32.93328]],[[35.269087,32.935481],[35.269058,32.935477],[35.269074,32.935443],[35.269087,32.935481]]]]}},{"type":"Feature","id":492,"properties":{"y":492,"b":1,"r":11.445,"n":123,"p":10747,"nm":"דייר חנא","nmAr":null,"d":false},"geometry":{"type":"MultiPolygon","coordinates":[[[[35.385,32.87386],[35.38678,32.86963],[35.39079,32.86716],[35.39104,32.86202],[35.39269,32.86177],[35.39229,32.86059],[35.3936,32.86007],[35.39096,32.85891],[35.39107,32.85696],[35.38972,32.85683],[35.38638,32.85341],[35.38418,32.85436],[35.384,32.85547],[35.38172,32.85743],[35.38068,32.85543],[35.3795,32.85587],[35.38024,32.85399],[35.37733,32.8513],[35.37324,32.85177],[35.37218,32.85049],[35.36792,32.85114],[35.36602,32.8537],[35.36149,32.85464],[35.36092,32.85613],[35.35777,32.85633],[35.35771,32.857],[35.35414,32.85895],[35.3545,32.86056],[35.34951,32.86154],[35.3495,32.8632],[35.34782,32.86309],[35.34848,32.86392],[35.34721,32.86403],[35.34709,32.86528],[35.34499,32.86528],[35.34447,32.86783],[35.3435,32.86782],[35.3431,32.87207],[35.34164,32.87234],[35.3417,32.87477],[35.34615,32.87443],[35.35759,32.87697],[35.35974,32.87617],[35.36031,32.87288],[35.36629,32.87715],[35.36881,32.87781],[35.37146,32.87535],[35.37354,32.87519],[35.37389,32.87336],[35.37295,32.87378],[35.37503,32.87165],[35.37599,32.87176],[35.37603,32.87074],[35.38187,32.87203],[35.385,32.87386]]]]}},{"type":"Feature","id":494,"properties":{"y":494,"b":1,"r":8.796,"n":160,"p":18190,"nm":"דאלית אל - כרמל","nmAr":null,"d":false},"geometry":{"type":"MultiPolygon","coordinates":[[[[35.05233,32.6848],[35.04954,32.68368],[35.0495,32.68438],[35.04673,32.68566],[35.04546,32.68505],[35.04483,32.68618],[35.04102,32.68634],[35.03827,32.68183],[35.03601,32.68263],[35.03699,32.687],[35.03625,32.68695],[35.03641,32.68834],[35.034415,32.688552],[35.02957,32.68756],[35.02724,32.68875],[35.0259,32.68812],[35.02332,32.68928],[35.02933,32.69098],[35.02683,32.69335],[35.02767,32.69432],[35.02755,32.69589],[35.03168,32.69702],[35.02997,32.69917],[35.03079,32.70017],[35.03005,32.70332],[35.03233,32.70517],[35.03311,32.70444],[35.03695,32.70448],[35.03648,32.7028],[35.03739,32.7046],[35.03604,32.70627],[35.03699,32.70679],[35.037,32.70828],[35.0383,32.7079],[35.03862,32.70859],[35.03748,32.70922],[35.03884,32.71007],[35.03881,32.71178],[35.04096,32.7115],[35.04321,32.71087],[35.0451,32.70689],[35.04825,32.70621],[35.04809,32.70553],[35.05194,32.70552],[35.05183,32.70453],[35.05422,32.70295],[35.05759,32.70327],[35.05803,32.70195],[35.05776,32.70332],[35.05903,32.70217],[35.05881,32.70136],[35.06293,32.70107],[35.06701,32.69971],[35.06841,32.69883],[35.0688,32.69748],[35.074,32.69516],[35.07405,32.6896],[35.07269,32.68956],[35.07252,32.68872],[35.07021,32.68871],[35.07094,32.68805],[35.07011,32.68629],[35.07057,32.686],[35.06849,32.68604],[35.06849,32.68534],[35.06761,32.68543],[35.06817,32.68463],[35.07013,32.68477],[35.07255,32.68338],[35.073,32.68461],[35.0735,32.68379],[35.07372,32.68522],[35.0725,32.68636],[35.07445,32.68626],[35.07373,32.68366],[35.07483,32.68295],[35.07766,32.68342],[35.07746,32.68252],[35.07845,32.68181],[35.07538,32.68155],[35.07488,32.68013],[35.07209,32.68035],[35.06474,32.68341],[35.05984,32.68407],[35.05318,32.68343],[35.05233,32.6848]],[[35.03712,32.70201],[35.03521,32.70084],[35.03756,32.70214],[35.03899,32.7017],[35.03648,32.7028],[35.03712,32.70201]],[[35.038139,32.689261],[35.03802,32.68929],[35.037411,32.689165],[35.038139,32.689261]],[[35.04483,32.69195],[35.03511,32.69846],[35.04454,32.69214],[35.04378,32.69129],[35.04087,32.68859],[35.04483,32.69195]],[[35.046182,32.692697],[35.04523,32.69306],[35.045149,32.692835],[35.046182,32.692697]],[[35.04743,32.69253],[35.047969,32.694826],[35.04794,32.69481],[35.04732,32.692545],[35.04743,32.69253]],[[35.04322,32.6979],[35.04585,32.69504],[35.045978,32.695026],[35.04322,32.6979]]]]}},{"type":"Feature","id":496,"properties":{"y":496,"b":1,"r":7.381,"n":49,"p":6639,"nm":"חורפיש","nmAr":null,"d":false},"geometry":{"type":"MultiPolygon","coordinates":[[[[35.3558,33.03352],[35.35659,33.03352],[35.35733,33.03104],[35.35636,33.02499],[35.35849,33.024],[35.35696,33.02191],[35.35719,33.01838],[35.35272,33.01505],[35.3559,33.01342],[35.35683,33.01169],[35.35643,33.01058],[35.35275,33.01192],[35.34865,33.01141],[35.34679,33.01325],[35.34014,33.01516],[35.33927,33.01384],[35.33774,33.01344],[35.33831,33.01204],[35.33552,33.01287],[35.33293,33.01197],[35.33086,33.01271],[35.33114,33.01531],[35.33005,33.01684],[35.3308,33.0175],[35.33747,33.01759],[35.33384,33.01913],[35.33435,33.02158],[35.3333,33.0231],[35.33699,33.02633],[35.33675,33.02707],[35.33911,33.02724],[35.33936,33.03301],[35.34634,33.03581],[35.3558,33.03352]]]]}},{"type":"Feature","id":498,"properties":{"y":498,"b":1,"r":12.695,"n":188,"p":14809,"nm":"טורעאן","nmAr":null,"d":false},"geometry":{"type":"MultiPolygon","coordinates":[[[[35.37876,32.76589],[35.38109,32.76683],[35.38261,32.7646],[35.38504,32.7631],[35.38606,32.76097],[35.38602,32.75639],[35.38697,32.7556],[35.38613,32.75516],[35.38604,32.75294],[35.38291,32.75177],[35.3823,32.74869],[35.37868,32.75009],[35.37745,32.7515],[35.37586,32.75158],[35.37482,32.75524],[35.37685,32.75538],[35.37799,32.7569],[35.37894,32.75681],[35.37851,32.75729],[35.38034,32.7571],[35.37894,32.75913],[35.37572,32.75966],[35.37525,32.7618],[35.37303,32.76183],[35.3729,32.76264],[35.35922,32.76039],[35.35901,32.76175],[35.35754,32.76245],[35.35709,32.77295],[35.35461,32.77315],[35.3601,32.77457],[35.3606,32.77377],[35.36448,32.77406],[35.36762,32.77777],[35.36687,32.77707],[35.36475,32.78103],[35.36667,32.78167],[35.363,32.78496],[35.36234,32.78911],[35.37095,32.79082],[35.37306,32.78728],[35.37374,32.78837],[35.3758,32.78854],[35.376,32.79007],[35.37502,32.79053],[35.37798,32.79463],[35.37692,32.79689],[35.37824,32.79701],[35.38278,32.79545],[35.37706,32.78722],[35.38263,32.78601],[35.38176,32.78408],[35.38397,32.78356],[35.38683,32.78443],[35.39149,32.78657],[35.39087,32.78853],[35.39216,32.79002],[35.38996,32.79278],[35.38679,32.79462],[35.38806,32.79496],[35.38908,32.79799],[35.38994,32.79673],[35.39442,32.79693],[35.39558,32.8],[35.3947,32.80189],[35.3955,32.80178],[35.397,32.79985],[35.3969,32.79766],[35.39971,32.79654],[35.40003,32.79503],[35.4011,32.79431],[35.40026,32.78871],[35.39875,32.78584],[35.4006,32.78709],[35.40565,32.78724],[35.40709,32.77624],[35.40296,32.77617],[35.39148,32.77142],[35.37876,32.76589]],[[35.37141,32.77769],[35.37068,32.77788],[35.36762,32.77777],[35.37141,32.77769]],[[35.37332,32.77513],[35.373267,32.775126],[35.37363,32.77394],[35.37332,32.77513]],[[35.37115,32.77579],[35.37147,32.77519],[35.371581,32.775189],[35.37115,32.77579]]]]}},{"type":"Feature","id":499,"properties":{"y":499,"b":1,"r":9.998,"n":197,"p":19704,"nm":"יפיע","nmAr":null,"d":true},"geometry":{"type":"MultiPolygon","coordinates":[[[[35.28406,32.67732],[35.28128,32.67623],[35.27922,32.67438],[35.27578,32.67448],[35.27403,32.67347],[35.2737,32.6718],[35.26851,32.67114],[35.26656,32.66921],[35.26469,32.67774],[35.26427,32.67866],[35.26221,32.67875],[35.26743,32.67974],[35.267633,32.679824],[35.25902,32.67871],[35.25788,32.68017],[35.25846,32.68208],[35.26048,32.68254],[35.26116,32.68418],[35.25934,32.6853],[35.26175,32.68592],[35.26048,32.68684],[35.26134,32.6874],[35.2604,32.68825],[35.2635,32.69068],[35.26484,32.6902],[35.27037,32.68828],[35.271316,32.689056],[35.27066,32.68939],[35.27091,32.69034],[35.27202,32.69016],[35.27303,32.69129],[35.27319,32.69205],[35.2721,32.69268],[35.2726,32.69364],[35.27383,32.69249],[35.27403,32.69369],[35.27508,32.69352],[35.276249,32.69203],[35.27614,32.69271],[35.27246,32.69795],[35.28222,32.69516],[35.28182,32.69453],[35.28332,32.69139],[35.28089,32.68968],[35.28062,32.68827],[35.27917,32.68831],[35.2807,32.68815],[35.28023,32.68655],[35.27948,32.68647],[35.28156,32.68106],[35.28187,32.68031],[35.28377,32.67889],[35.28406,32.67732]],[[35.27883,32.68951],[35.277498,32.690439],[35.27917,32.68831],[35.27883,32.68951]],[[35.27305,32.68126],[35.275676,32.683924],[35.27392,32.68237],[35.27344,32.682173],[35.27305,32.68126]],[[35.27779,32.68607],[35.277782,32.686163],[35.277115,32.685385],[35.27779,32.68607]],[[35.27286,32.68827],[35.27214,32.688637],[35.272959,32.688044],[35.27286,32.68827]],[[35.273788,32.686162],[35.273295,32.687282],[35.27345,32.68632],[35.273788,32.686162]],[[35.27608,32.68587],[35.274131,32.686001],[35.2752,32.6855],[35.27608,32.68587]]]]}},{"type":"Feature","id":502,"properties":{"y":502,"b":1,"r":12.839,"n":228,"p":17759,"nm":"ירכא","nmAr":null,"d":false},"geometry":{"type":"MultiPolygon","coordinates":[[[[35.21215,32.94884],[35.21102,32.94855],[35.20817,32.94739],[35.19695,32.94759],[35.19052,32.94986],[35.18684,32.95039],[35.18495,32.94985],[35.18229,32.9508],[35.18223,32.9499],[35.17953,32.9491],[35.17956,32.9477],[35.17726,32.94583],[35.17703,32.94508],[35.17802,32.94399],[35.17388,32.94265],[35.16797,32.9436],[35.16932,32.9457],[35.17026,32.95024],[35.17224,32.95345],[35.17471,32.9532],[35.17661,32.95474],[35.17768,32.95439],[35.17853,32.95578],[35.18155,32.95687],[35.18177,32.95899],[35.18417,32.95948],[35.1839,32.96052],[35.1828,32.96074],[35.18365,32.96274],[35.18264,32.96476],[35.18007,32.96544],[35.18231,32.96561],[35.18229,32.96722],[35.18104,32.96732],[35.18057,32.96881],[35.18204,32.96992],[35.18248,32.97511],[35.20191,32.97355],[35.20029,32.97096],[35.20241,32.96894],[35.19718,32.96939],[35.19524,32.96568],[35.20109,32.96234],[35.20691,32.96493],[35.2134,32.96751],[35.21629,32.96564],[35.21816,32.96741],[35.21888,32.9666],[35.22094,32.9666],[35.22254,32.96461],[35.22416,32.96457],[35.22855,32.96174],[35.23091,32.9646],[35.23288,32.96379],[35.23748,32.96558],[35.24264,32.96446],[35.24574,32.96595],[35.24932,32.96424],[35.25163,32.96528],[35.2535,32.96424],[35.24835,32.9618],[35.25091,32.95797],[35.2496,32.95612],[35.25099,32.9506],[35.24126,32.95076],[35.24046,32.94929],[35.23785,32.94886],[35.23813,32.94759],[35.23499,32.94749],[35.23395,32.94636],[35.23111,32.94714],[35.23294,32.94298],[35.2302,32.94338],[35.22991,32.94278],[35.22805,32.94372],[35.22687,32.94268],[35.22454,32.94392],[35.22221,32.94187],[35.21759,32.94219],[35.21261,32.94598],[35.21227,32.94762],[35.21215,32.94884]],[[35.216081,32.955026],[35.21607,32.95561],[35.21206,32.9584],[35.216081,32.955026]],[[35.212543,32.958568],[35.2082,32.95778],[35.21206,32.9584],[35.212543,32.958568]],[[35.205093,32.95206],[35.20504,32.95203],[35.205075,32.952017],[35.205093,32.95206]],[[35.21245,32.96042],[35.212923,32.9587],[35.21298,32.95872],[35.21245,32.96042]]]]}},{"type":"Feature","id":504,"properties":{"y":504,"b":2,"r":18.321,"n":268,"p":14628,"nm":"כאבול","nmAr":null,"d":false},"geometry":{"type":"MultiPolygon","coordinates":[[[[35.19491,32.89402],[35.19574,32.89227],[35.19508,32.89048],[35.20303,32.88741],[35.20406,32.88402],[35.20984,32.88297],[35.20977,32.88196],[35.21971,32.87881],[35.21923,32.87627],[35.21944,32.87486],[35.22004,32.8748],[35.21929,32.87456],[35.21998,32.87281],[35.22146,32.87215],[35.22117,32.87116],[35.21913,32.86987],[35.22086,32.86937],[35.22061,32.86803],[35.22305,32.86654],[35.22217,32.86597],[35.2224,32.86495],[35.22489,32.86305],[35.22485,32.86186],[35.22036,32.86137],[35.22146,32.86094],[35.21993,32.85772],[35.21365,32.85837],[35.19889,32.86411],[35.19822,32.86266],[35.19572,32.86256],[35.19444,32.86381],[35.19368,32.86299],[35.19171,32.86286],[35.18696,32.86504],[35.18552,32.8644],[35.18418,32.86194],[35.18381,32.86641],[35.18893,32.86825],[35.189,32.86972],[35.18811,32.87025],[35.18973,32.87036],[35.18983,32.87102],[35.19294,32.87079],[35.19555,32.86934],[35.19561,32.87005],[35.19852,32.87017],[35.1971,32.87093],[35.19694,32.87259],[35.19358,32.87474],[35.19316,32.87585],[35.19074,32.8764],[35.19843,32.87734],[35.19854,32.87973],[35.19724,32.88097],[35.19706,32.88436],[35.19433,32.88505],[35.1932,32.88647],[35.19374,32.8882],[35.19256,32.88846],[35.19352,32.89103],[35.18765,32.89245],[35.18846,32.89528],[35.19441,32.89563],[35.19491,32.89402]]]]}},{"type":"Feature","id":505,"properties":{"y":505,"b":1,"r":7.156,"n":27,"p":3773,"nm":"כאוכב אבו אל-היג'א","nmAr":null,"d":false},"geometry":{"type":"MultiPolygon","coordinates":[[[[35.25992,32.83711],[35.26114,32.83584],[35.25781,32.8317],[35.25872,32.82719],[35.25651,32.82445],[35.24957,32.82265],[35.24919,32.82049],[35.24724,32.81941],[35.24384,32.81995],[35.24356,32.82243],[35.24216,32.82348],[35.24155,32.83651],[35.25174,32.83727],[35.25875,32.83975],[35.25897,32.83773],[35.25992,32.83711]]]]}},{"type":"Feature","id":507,"properties":{"y":507,"b":2,"r":21.455,"n":223,"p":10394,"nm":"כפר יאסיף","nmAr":null,"d":false},"geometry":{"type":"MultiPolygon","coordinates":[[[[35.16523,32.95861],[35.167,32.95805],[35.16846,32.95368],[35.17199,32.95306],[35.16797,32.9436],[35.16912,32.94308],[35.16853,32.94212],[35.166,32.94242],[35.16356,32.94127],[35.16387,32.9471],[35.16277,32.94706],[35.16265,32.94592],[35.16166,32.94538],[35.16037,32.94578],[35.16102,32.94673],[35.15728,32.94688],[35.15702,32.94355],[35.14994,32.94634],[35.15125,32.95447],[35.15457,32.95606],[35.15475,32.9591],[35.15714,32.95841],[35.15792,32.96017],[35.1631,32.95946],[35.16355,32.95789],[35.16523,32.95861]]]]}},{"type":"Feature","id":508,"properties":{"y":508,"b":0,"r":2.571,"n":9,"p":3500,"nm":"כפר כמא","nmAr":null,"d":false},"geometry":{"type":"MultiPolygon","coordinates":[[[[35.45554,32.72798],[35.45945,32.72571],[35.45493,32.71806],[35.45465,32.71572],[35.4532,32.71696],[35.44221,32.71171],[35.43535,32.71197],[35.43226,32.70724],[35.42948,32.70889],[35.42605,32.70959],[35.41881,32.7107],[35.41203,32.71074],[35.41091,32.71314],[35.40859,32.71488],[35.40846,32.71814],[35.40722,32.71954],[35.41234,32.72475],[35.41355,32.7247],[35.41917,32.72954],[35.42084,32.72919],[35.42438,32.73134],[35.4305,32.73019],[35.43135,32.73226],[35.43872,32.7311],[35.44434,32.73151],[35.45081,32.73002],[35.45353,32.72846],[35.454,32.72919],[35.45554,32.72798]]]]}},{"type":"Feature","id":509,"properties":{"y":509,"b":1,"r":8.96,"n":216,"p":24108,"nm":"כפר כנא","nmAr":null,"d":false},"geometry":{"type":"MultiPolygon","coordinates":[[[[35.35793,32.74374],[35.35697,32.74362],[35.35734,32.74304],[35.35512,32.743],[35.35582,32.74087],[35.35458,32.74088],[35.35472,32.74033],[35.35131,32.73818],[35.35183,32.73741],[35.35111,32.73733],[35.35122,32.73474],[35.34601,32.73657],[35.345958,32.73667],[35.34535,32.73655],[35.34455,32.73474],[35.34202,32.73469],[35.34203,32.73278],[35.33994,32.73474],[35.33841,32.73405],[35.33601,32.73503],[35.33349,32.73812],[35.32973,32.73868],[35.33188,32.74147],[35.33374,32.74169],[35.33477,32.74295],[35.33367,32.7462],[35.33233,32.74686],[35.33236,32.74579],[35.33136,32.74532],[35.33087,32.74734],[35.33169,32.74796],[35.331731,32.747937],[35.33234,32.74872],[35.329,32.75144],[35.3298,32.7518],[35.32875,32.75336],[35.3293,32.75377],[35.32746,32.75708],[35.33164,32.76096],[35.33303,32.76132],[35.33337,32.7637],[35.3273,32.7647],[35.32815,32.76996],[35.32994,32.76989],[35.32987,32.77129],[35.34476,32.77324],[35.35461,32.77315],[35.35709,32.77295],[35.35756,32.76237],[35.35606,32.76134],[35.35281,32.76217],[35.35248,32.76288],[35.35072,32.76192],[35.35518,32.75985],[35.35523,32.75916],[35.34988,32.75768],[35.34749,32.75529],[35.34982,32.75231],[35.3515,32.75392],[35.36537,32.75358],[35.36588,32.75322],[35.36501,32.74987],[35.36551,32.74904],[35.36524,32.74787],[35.36148,32.74575],[35.35786,32.74484],[35.35793,32.74374]],[[35.33808,32.74436],[35.337966,32.744648],[35.33732,32.74357],[35.33808,32.74436]],[[35.342812,32.743902],[35.342814,32.743905],[35.34098,32.74448],[35.339879,32.744186],[35.342812,32.743902]],[[35.343916,32.745534],[35.343739,32.745603],[35.34374,32.7456],[35.343916,32.745534]],[[35.34924,32.74355],[35.35319,32.74404],[35.349013,32.743635],[35.34924,32.74355]],[[35.354144,32.74689],[35.35396,32.74693],[35.35327,32.74653],[35.354144,32.74689]],[[35.34262,32.74355],[35.342798,32.743875],[35.342383,32.743558],[35.34262,32.74355]],[[35.33702,32.74673],[35.337296,32.746334],[35.33708,32.74688],[35.33702,32.74673]],[[35.33761,32.74821],[35.337184,32.747141],[35.339718,32.749976],[35.33761,32.74821]],[[35.342609,32.752398],[35.340378,32.750529],[35.340365,32.750434],[35.342609,32.752398]],[[35.34239,32.74866],[35.342363,32.748665],[35.342542,32.748265],[35.34239,32.74866]],[[35.34601,32.76169],[35.34568,32.758861],[35.34572,32.75896],[35.34601,32.76169]],[[35.343858,32.754352],[35.343296,32.752999],[35.34332,32.75302],[35.343858,32.754352]]]]}},{"type":"Feature","id":510,"properties":{"y":510,"b":1,"r":14.064,"n":302,"p":21473,"nm":"כפר מנדא","nmAr":null,"d":true},"geometry":{"type":"MultiPolygon","coordinates":[[[[35.27171,32.796],[35.27199,32.79456],[35.2688,32.79233],[35.26744,32.792],[35.26774,32.79288],[35.26512,32.79291],[35.26498,32.79406],[35.26116,32.7943],[35.2502,32.79556],[35.24798,32.79314],[35.24525,32.79385],[35.24325,32.79196],[35.24084,32.79174],[35.237,32.79296],[35.23695,32.79641],[35.23934,32.79666],[35.23946,32.80084],[35.23567,32.80236],[35.23745,32.80276],[35.23831,32.80417],[35.23701,32.80422],[35.23684,32.80518],[35.23975,32.8071],[35.23768,32.80824],[35.2373,32.81028],[35.23608,32.8114],[35.23688,32.81547],[35.24029,32.81388],[35.24372,32.81339],[35.2496,32.81614],[35.25268,32.81622],[35.25411,32.82079],[35.26508,32.81891],[35.26877,32.81786],[35.28423,32.81676],[35.28332,32.81322],[35.28654,32.81296],[35.28689,32.80812],[35.28368,32.80811],[35.28439,32.79588],[35.27729,32.79879],[35.27729,32.79879],[35.27171,32.796]],[[35.26009,32.81005],[35.25846,32.80724],[35.260198,32.810145],[35.2558,32.81019],[35.26009,32.81005]],[[35.25849,32.80558],[35.25866,32.80408],[35.25846,32.80724],[35.25849,32.80558]]]]}},{"type":"Feature","id":511,"properties":{"y":511,"b":1,"r":9.139,"n":81,"p":8863,"nm":"עילוט","nmAr":null,"d":false},"geometry":{"type":"MultiPolygon","coordinates":[[[[35.26912,32.72658],[35.26606,32.72399],[35.26625,32.72284],[35.27166,32.7189],[35.27413,32.71406],[35.27237,32.7126],[35.27127,32.70952],[35.26943,32.71056],[35.26286,32.71148],[35.25944,32.71021],[35.25366,32.71029],[35.25338,32.71137],[35.2547,32.71365],[35.25303,32.71535],[35.25388,32.71771],[35.25289,32.7181],[35.25557,32.71961],[35.25522,32.72002],[35.25659,32.72119],[35.25288,32.72444],[35.25573,32.72679],[35.2557,32.73121],[35.26268,32.72987],[35.26533,32.72708],[35.26912,32.72658]]]]}},{"type":"Feature","id":516,"properties":{"y":516,"b":2,"r":15.212,"n":240,"p":15777,"nm":"מג'ד אל-כרום","nmAr":null,"d":false},"geometry":{"type":"MultiPolygon","coordinates":[[[[35.26717,32.91937],[35.26813,32.9166],[35.26772,32.91599],[35.26555,32.91667],[35.26427,32.91534],[35.26159,32.91554],[35.26153,32.91447],[35.26351,32.91359],[35.26412,32.91228],[35.26275,32.911],[35.2631,32.90921],[35.26048,32.9082],[35.26189,32.90418],[35.26539,32.90363],[35.26483,32.90213],[35.2657,32.90099],[35.25957,32.90198],[35.25768,32.90145],[35.25699,32.90555],[35.25356,32.90936],[35.25205,32.90902],[35.24849,32.91004],[35.25074,32.90484],[35.25025,32.90441],[35.24468,32.90724],[35.24341,32.90863],[35.24273,32.90821],[35.24369,32.90641],[35.23868,32.90626],[35.23735,32.90753],[35.2329,32.90785],[35.22751,32.91239],[35.22715,32.91382],[35.22537,32.91442],[35.23908,32.91706],[35.22209,32.91433],[35.22045,32.91298],[35.21049,32.9099],[35.20472,32.90718],[35.2034,32.90789],[35.20318,32.90964],[35.20169,32.91104],[35.20011,32.91151],[35.19956,32.91092],[35.19637,32.91217],[35.19545,32.91009],[35.19343,32.90944],[35.18842,32.91214],[35.18501,32.91298],[35.18537,32.91519],[35.18735,32.91535],[35.18833,32.91455],[35.1911,32.91512],[35.19157,32.91434],[35.19638,32.91557],[35.20268,32.91396],[35.20269,32.9132],[35.2065,32.9121],[35.21174,32.91127],[35.21516,32.9118],[35.21344,32.91366],[35.21386,32.91643],[35.21513,32.91712],[35.22243,32.91524],[35.22631,32.91552],[35.2273,32.91688],[35.22708,32.91812],[35.23053,32.91827],[35.23245,32.91928],[35.23175,32.91998],[35.23358,32.92189],[35.23088,32.92313],[35.23119,32.92421],[35.2284,32.92484],[35.22893,32.92513],[35.24452,32.92577],[35.251743,32.928399],[35.2521,32.92897],[35.26057,32.93005],[35.26277,32.92766],[35.26411,32.92757],[35.26421,32.92548],[35.27208,32.92435],[35.272224,32.923571],[35.27252,32.9236],[35.27301,32.92102],[35.26717,32.91937]],[[35.25908,32.9197],[35.25433,32.92005],[35.253784,32.919982],[35.25908,32.9197]],[[35.259978,32.921604],[35.25919,32.92148],[35.259188,32.921443],[35.259978,32.921604]]]]}},{"type":"Feature","id":517,"properties":{"y":517,"b":1,"r":10.207,"n":42,"p":4115,"nm":"מזרעה","nmAr":null,"d":false},"geometry":{"type":"MultiPolygon","coordinates":[[[[35.09652,32.98802],[35.09946,32.98723],[35.09915,32.98665],[35.10045,32.98583],[35.10172,32.98662],[35.10326,32.98629],[35.10351,32.98706],[35.10858,32.98576],[35.10842,32.98528],[35.1119,32.98447],[35.11246,32.9829],[35.1097,32.98258],[35.10727,32.98048],[35.10566,32.98012],[35.09413,32.98101],[35.09515,32.98785],[35.09652,32.98802]]]]}},{"type":"Feature","id":518,"properties":{"y":518,"b":1,"r":8.229,"n":27,"p":3281,"nm":"מעיליא","nmAr":null,"d":false},"geometry":{"type":"MultiPolygon","coordinates":[[[[35.26773,33.02981],[35.26845,33.0293],[35.26758,33.02727],[35.2684,33.02594],[35.26745,33.02526],[35.26858,33.02455],[35.26715,33.02407],[35.26713,33.02322],[35.26557,33.02328],[35.26546,33.02145],[35.26393,33.02157],[35.2639,33.02102],[35.26254,33.02148],[35.26208,33.02285],[35.26117,33.02205],[35.25875,33.02355],[35.24943,33.02527],[35.2474,33.02695],[35.24863,33.02766],[35.24802,33.02867],[35.24826,33.03117],[35.25355,33.02979],[35.25533,33.03126],[35.26037,33.03146],[35.26115,33.02886],[35.26181,33.0287],[35.26773,33.02981]]]]}},{"type":"Feature","id":520,"properties":{"y":520,"b":1,"r":7.069,"n":62,"p":8771,"nm":"משהד","nmAr":null,"d":false},"geometry":{"type":"MultiPolygon","coordinates":[[[[35.33601,32.73503],[35.33841,32.73405],[35.33994,32.73474],[35.34203,32.73278],[35.34414,32.7306],[35.34277,32.73089],[35.34222,32.72916],[35.33462,32.73227],[35.33202,32.73201],[35.332,32.73331],[35.32925,32.73396],[35.32705,32.73256],[35.32525,32.73492],[35.3289,32.73601],[35.329422,32.737389],[35.329704,32.737858],[35.33085,32.73852],[35.3326,32.73831],[35.33467,32.73736],[35.33601,32.73503]]],[[[35.32502,32.73529],[35.32506,32.73021],[35.3224,32.7317],[35.32272,32.73347],[35.32135,32.73373],[35.32195,32.73495],[35.32049,32.73504],[35.31911,32.73404],[35.31765,32.7345],[35.31595,32.73678],[35.31581,32.73827],[35.31361,32.74026],[35.30812,32.74228],[35.30889,32.74368],[35.30627,32.74421],[35.30718,32.74687],[35.3055,32.74912],[35.30458,32.75232],[35.30511,32.75335],[35.30358,32.75466],[35.30354,32.75749],[35.30132,32.76004],[35.3017,32.76052],[35.30411,32.75874],[35.30532,32.75875],[35.30699,32.75447],[35.31035,32.75244],[35.31207,32.7522],[35.31289,32.75505],[35.31431,32.75589],[35.31799,32.75206],[35.31701,32.74935],[35.31799,32.74949],[35.318,32.7513],[35.31873,32.75174],[35.31825,32.75243],[35.32181,32.75119],[35.32539,32.75189],[35.3276,32.75358],[35.32467,32.75449],[35.32491,32.75526],[35.32266,32.75872],[35.31999,32.75878],[35.32136,32.76078],[35.32033,32.76442],[35.31745,32.76632],[35.31454,32.76605],[35.31195,32.76424],[35.31266,32.76615],[35.30938,32.76818],[35.31026,32.76964],[35.31358,32.76827],[35.31489,32.76966],[35.31772,32.76981],[35.31862,32.77404],[35.31794,32.77481],[35.31247,32.77559],[35.31371,32.7774],[35.31937,32.77678],[35.32139,32.77752],[35.32262,32.77576],[35.32423,32.7762],[35.32349,32.77451],[35.32233,32.77445],[35.32134,32.77122],[35.32488,32.77037],[35.32987,32.77129],[35.32994,32.76989],[35.32815,32.76996],[35.3273,32.7647],[35.33337,32.7637],[35.33303,32.76132],[35.33164,32.76096],[35.32746,32.75708],[35.3293,32.75377],[35.32875,32.75336],[35.3298,32.7518],[35.329,32.75144],[35.33234,32.74872],[35.33087,32.74734],[35.33136,32.74532],[35.33236,32.74579],[35.33233,32.74686],[35.33367,32.7462],[35.33477,32.74295],[35.33374,32.74169],[35.33188,32.74147],[35.329704,32.737858],[35.32957,32.73778],[35.329422,32.737389],[35.32873,32.73624],[35.32502,32.73529]]]]}},{"type":"Feature","id":522,"properties":{"y":522,"b":1,"r":12.612,"n":173,"p":13717,"nm":"נחף","nmAr":null,"d":false},"geometry":{"type":"MultiPolygon","coordinates":[[[[35.31232,32.9269],[35.30602,32.92408],[35.29563,32.92555],[35.29658,32.93128],[35.29606,32.93694],[35.29845,32.93684],[35.29793,32.94197],[35.29934,32.94295],[35.306236,32.943365],[35.30589,32.94402],[35.31054,32.9451],[35.31687,32.94338],[35.3212,32.94403],[35.32172,32.94342],[35.32309,32.94384],[35.32248,32.94455],[35.32416,32.94467],[35.32439,32.94393],[35.32859,32.94519],[35.32962,32.94468],[35.32919,32.94589],[35.32985,32.94546],[35.32886,32.94028],[35.32939,32.93821],[35.3312,32.93588],[35.33145,32.93305],[35.3379,32.93011],[35.32869,32.93066],[35.32144,32.92847],[35.31232,32.9269]],[[35.31435,32.93837],[35.314543,32.938383],[35.314312,32.938443],[35.31435,32.93837]],[[35.31696,32.93766],[35.317124,32.937345],[35.31724,32.93856],[35.31696,32.93766]],[[35.31513,32.93542],[35.315263,32.935207],[35.31696,32.93766],[35.31513,32.93542]],[[35.31631,32.93354],[35.31999,32.93212],[35.31732,32.93335],[35.316156,32.933785],[35.31631,32.93354]]]]}},{"type":"Feature","id":525,"properties":{"y":525,"b":1,"r":11.605,"n":52,"p":4481,"nm":"סאג'ור","nmAr":null,"d":false},"geometry":{"type":"MultiPolygon","coordinates":[[[[35.35442,32.94421],[35.35568,32.94115],[35.35477,32.93882],[35.35658,32.93743],[35.3392,32.93021],[35.33153,32.93294],[35.3312,32.93588],[35.32939,32.93821],[35.32886,32.94028],[35.32985,32.94546],[35.33421,32.94621],[35.33515,32.94761],[35.34517,32.9475],[35.35109,32.9457],[35.35087,32.94493],[35.35442,32.94421]]]]}},{"type":"Feature","id":529,"properties":{"y":529,"b":2,"r":15.315,"n":212,"p":13843,"nm":"אעבלין","nmAr":null,"d":true},"geometry":{"type":"MultiPolygon","coordinates":[[[[35.20233,32.82729],[35.20468,32.82524],[35.20951,32.82608],[35.20981,32.82248],[35.20858,32.8209],[35.20667,32.82067],[35.20577,32.81664],[35.20368,32.81533],[35.20404,32.81494],[35.20224,32.81278],[35.20315,32.80828],[35.19951,32.80734],[35.1958,32.80513],[35.19413,32.80583],[35.19431,32.80693],[35.19225,32.80835],[35.19412,32.81169],[35.18701,32.81275],[35.187656,32.814239],[35.18591,32.81168],[35.18573,32.81331],[35.18491,32.81333],[35.18345,32.81586],[35.1765,32.81753],[35.17644,32.82269],[35.17354,32.82373],[35.17057,32.82372],[35.16629,32.82549],[35.16697,32.8277],[35.1657,32.82866],[35.16638,32.82998],[35.16164,32.82975],[35.16056,32.83206],[35.15932,32.8318],[35.15201,32.83503],[35.1393,32.84878],[35.14,32.85005],[35.14783,32.84859],[35.14807,32.84977],[35.15296,32.84896],[35.1529,32.84817],[35.16018,32.84635],[35.16012,32.84518],[35.16406,32.84375],[35.16372,32.8429],[35.16895,32.84157],[35.16859,32.84063],[35.17114,32.83991],[35.17036,32.83913],[35.17487,32.83816],[35.17626,32.83978],[35.17772,32.83855],[35.1779,32.83953],[35.17876,32.83886],[35.17931,32.83993],[35.18154,32.83873],[35.18162,32.84039],[35.18836,32.83747],[35.18552,32.83222],[35.18832,32.83678],[35.19615,32.83697],[35.19618,32.83589],[35.19708,32.83588],[35.19692,32.83475],[35.19912,32.83436],[35.19863,32.83179],[35.20284,32.83053],[35.20221,32.82859],[35.20233,32.82729]],[[35.19223,32.81879],[35.192149,32.819285],[35.18956,32.81703],[35.188412,32.815348],[35.19223,32.81879]],[[35.19211,32.81952],[35.18793,32.81978],[35.192128,32.819413],[35.19211,32.81952]],[[35.190789,32.825409],[35.190789,32.825409],[35.19302,32.82491],[35.190789,32.825409]]]]}},{"type":"Feature","id":530,"properties":{"y":530,"b":1,"r":13.795,"n":80,"p":5799,"nm":"עיילבון","nmAr":null,"d":false},"geometry":{"type":"MultiPolygon","coordinates":[[[[35.40075,32.85858],[35.40363,32.85804],[35.40351,32.85607],[35.40574,32.85553],[35.40563,32.85326],[35.39681,32.85433],[35.39727,32.85205],[35.40083,32.84756],[35.40116,32.84594],[35.40036,32.84428],[35.40465,32.84664],[35.40925,32.8458],[35.41556,32.84793],[35.4158,32.84526],[35.41293,32.84287],[35.40854,32.84399],[35.41125,32.84162],[35.41065,32.84107],[35.412,32.83894],[35.41332,32.83983],[35.41148,32.83645],[35.41184,32.83589],[35.40819,32.83257],[35.40812,32.82986],[35.40564,32.82753],[35.40556,32.82614],[35.39833,32.82486],[35.3956,32.8299],[35.39351,32.8319],[35.39354,32.83333],[35.39509,32.834],[35.39626,32.83356],[35.39625,32.83551],[35.39766,32.83804],[35.39421,32.83858],[35.39464,32.83904],[35.3934,32.84225],[35.39228,32.84322],[35.39316,32.84508],[35.39014,32.84389],[35.38688,32.84368],[35.38444,32.84578],[35.38767,32.84653],[35.38828,32.84753],[35.38721,32.84844],[35.39091,32.85051],[35.39045,32.85328],[35.38911,32.85371],[35.39296,32.85506],[35.39279,32.85608],[35.39514,32.85603],[35.39452,32.85726],[35.39548,32.85829],[35.39384,32.85995],[35.40075,32.85858]]]]}},{"type":"Feature","id":531,"properties":{"y":531,"b":1,"r":11.396,"n":309,"p":27115,"nm":"עראבה","nmAr":null,"d":false},"geometry":{"type":"MultiPolygon","coordinates":[[[[35.34865,32.84027],[35.34741,32.8404],[35.34735,32.840517],[35.34865,32.84027]]],[[[35.34292,32.83922],[35.34221,32.8387],[35.33992,32.83961],[35.33949,32.83801],[35.3405,32.83738],[35.34012,32.83685],[35.33602,32.83955],[35.32982,32.84005],[35.32913,32.84135],[35.32643,32.84225],[35.32282,32.84202],[35.32322,32.84437],[35.32684,32.84388],[35.327454,32.845108],[35.32608,32.84521],[35.32605,32.84601],[35.3246,32.84688],[35.32065,32.84731],[35.32152,32.85001],[35.32007,32.85081],[35.31971,32.85289],[35.32248,32.85334],[35.32399,32.85256],[35.32459,32.8532],[35.32157,32.85465],[35.32142,32.8562],[35.32357,32.85848],[35.32535,32.85916],[35.32765,32.86347],[35.33083,32.86353],[35.33185,32.86254],[35.33655,32.86129],[35.336649,32.861161],[35.33688,32.86635],[35.33425,32.86658],[35.3347,32.87185],[35.33373,32.87305],[35.33383,32.87486],[35.3396,32.87198],[35.34164,32.87244],[35.3431,32.87207],[35.3435,32.86782],[35.34447,32.86783],[35.34499,32.86528],[35.34709,32.86528],[35.34721,32.86403],[35.34848,32.86392],[35.34782,32.86309],[35.3495,32.8632],[35.34951,32.86154],[35.3545,32.86056],[35.35414,32.85895],[35.35771,32.857],[35.35777,32.85633],[35.36092,32.85613],[35.36172,32.85495],[35.36089,32.85385],[35.36179,32.8527],[35.36083,32.85238],[35.36051,32.85035],[35.35852,32.84863],[35.36059,32.84658],[35.35428,32.84754],[35.3544,32.8468],[35.35068,32.84684],[35.34771,32.84838],[35.34838,32.84689],[35.34698,32.84703],[35.34703,32.84638],[35.34436,32.84687],[35.34511,32.84561],[35.34854,32.84492],[35.34561,32.84481],[35.34458,32.84435],[35.34477,32.8435],[35.34352,32.84419],[35.343324,32.843374],[35.34431,32.84247],[35.34643,32.84232],[35.34735,32.840517],[35.3417,32.84159],[35.34292,32.83922]],[[35.33676,32.8481],[35.33584,32.85207],[35.33628,32.84946],[35.33676,32.8481]],[[35.337788,32.852806],[35.33562,32.85716],[35.33677,32.85418],[35.337788,32.852806]],[[35.3384,32.85198],[35.34131,32.85067],[35.338251,32.852181],[35.3384,32.85198]],[[35.34233,32.8505],[35.341405,32.851173],[35.34131,32.85067],[35.34233,32.8505]],[[35.338135,32.85949],[35.33795,32.85946],[35.337751,32.859263],[35.338135,32.85949]],[[35.339656,32.859737],[35.34244,32.85668],[35.3398,32.85976],[35.339656,32.859737]],[[35.341512,32.851745],[35.342,32.8522],[35.34244,32.85668],[35.341512,32.851745]]]]}},{"type":"Feature","id":532,"properties":{"y":532,"b":1,"r":9.691,"n":135,"p":13931,"nm":"עין מאהל","nmAr":null,"d":false},"geometry":{"type":"MultiPolygon","coordinates":[[[[35.35524,32.70782],[35.35226,32.70831],[35.34697,32.70682],[35.3452,32.70424],[35.3417,32.70526],[35.33694,32.70807],[35.34199,32.70985],[35.34043,32.71482],[35.34095,32.71591],[35.34291,32.71601],[35.34355,32.71914],[35.3414,32.72102],[35.34524,32.7225],[35.34639,32.72224],[35.34589,32.72452],[35.34648,32.72514],[35.34597,32.72581],[35.3511,32.72776],[35.35617,32.72846],[35.355799,32.728089],[35.35794,32.72875],[35.35992,32.73107],[35.36357,32.73214],[35.3671,32.73067],[35.36907,32.72884],[35.37316,32.72813],[35.37446,32.7264],[35.37529,32.72655],[35.37655,32.72413],[35.36762,32.72388],[35.36714,32.72211],[35.36807,32.71961],[35.36318,32.71891],[35.3635,32.71728],[35.36182,32.71607],[35.36108,32.71656],[35.35943,32.71429],[35.35962,32.71136],[35.35831,32.71016],[35.35958,32.70623],[35.35712,32.70461],[35.356928,32.706113],[35.35524,32.70782]],[[35.353781,32.721866],[35.353787,32.721956],[35.35377,32.72195],[35.353781,32.721866]],[[35.35421,32.71856],[35.35556,32.71685],[35.354059,32.719724],[35.35421,32.71856]],[[35.355502,32.727792],[35.35301,32.7253],[35.35464,32.72624],[35.355502,32.727792]]]]}},{"type":"Feature","id":534,"properties":{"y":534,"b":1,"r":9.615,"n":124,"p":12896,"nm":"עספיא","nmAr":null,"d":false},"geometry":{"type":"MultiPolygon","coordinates":[[[[35.07887,32.71078],[35.07962,32.71003],[35.08274,32.70905],[35.08329,32.70553],[35.08197,32.70479],[35.08246,32.7036],[35.08076,32.70349],[35.08108,32.70273],[35.07988,32.70279],[35.07896,32.70141],[35.07516,32.70207],[35.07467,32.70314],[35.07593,32.70414],[35.07461,32.70487],[35.07396,32.70371],[35.07164,32.70274],[35.06987,32.70316],[35.06934,32.70445],[35.06802,32.70278],[35.06514,32.70255],[35.06293,32.70107],[35.05881,32.70136],[35.05903,32.70217],[35.05615,32.70454],[35.05604,32.70642],[35.05872,32.70658],[35.06009,32.70747],[35.05999,32.7084],[35.06176,32.70861],[35.06081,32.71051],[35.06173,32.71223],[35.06493,32.71182],[35.06558,32.71272],[35.06646,32.71242],[35.063679,32.71398],[35.05879,32.71282],[35.05307,32.71461],[35.05281,32.71728],[35.05185,32.71758],[35.05124,32.71685],[35.04732,32.71899],[35.04664,32.71816],[35.0453,32.71868],[35.04604,32.71984],[35.04844,32.72068],[35.04915,32.72225],[35.04695,32.72272],[35.04873,32.72476],[35.0501,32.72467],[35.04936,32.72663],[35.04818,32.72743],[35.04861,32.72945],[35.04705,32.73046],[35.04628,32.73282],[35.04147,32.7348],[35.04238,32.73712],[35.04511,32.73816],[35.04908,32.73686],[35.04979,32.73738],[35.05055,32.73636],[35.05115,32.73683],[35.05123,32.7356],[35.05219,32.73492],[35.05415,32.73549],[35.05378,32.7336],[35.05504,32.73327],[35.05518,32.73241],[35.05401,32.73149],[35.0534,32.72992],[35.05397,32.72959],[35.05546,32.73029],[35.0567,32.73275],[35.059,32.73155],[35.05985,32.73198],[35.05994,32.73032],[35.06289,32.73048],[35.06343,32.73149],[35.06489,32.73083],[35.0639,32.72966],[35.0653,32.72819],[35.06667,32.72352],[35.06903,32.72148],[35.07136,32.7205],[35.07237,32.72117],[35.07647,32.71859],[35.07724,32.71957],[35.07835,32.71744],[35.08166,32.71634],[35.08292,32.71445],[35.08224,32.71367],[35.0781,32.71283],[35.08061,32.71194],[35.07907,32.71174],[35.07981,32.71152],[35.07887,32.71078]],[[35.06522,32.71565],[35.06303,32.71453],[35.063157,32.714431],[35.06522,32.71565]],[[35.06957,32.71404],[35.06403,32.71931],[35.06815,32.71892],[35.06494,32.71963],[35.063601,32.719234],[35.06402,32.71916],[35.06559,32.71717],[35.06957,32.71404]],[[35.063189,32.719307],[35.05885,32.72328],[35.06306,32.71933],[35.063189,32.719307]]]]}},{"type":"Feature","id":535,"properties":{"y":535,"b":1,"r":8.602,"n":28,"p":3255,"nm":"פסוטה","nmAr":null,"d":false},"geometry":{"type":"MultiPolygon","coordinates":[[[[35.31727,33.06112],[35.31973,33.06086],[35.32291,33.06183],[35.3241,33.05917],[35.32705,33.05689],[35.32734,33.05306],[35.32922,33.05223],[35.33138,33.04985],[35.32902,33.04371],[35.33042,33.04343],[35.32866,33.04179],[35.32836,33.03993],[35.32594,33.0378],[35.32455,33.03885],[35.31283,33.04019],[35.3138,33.03855],[35.31321,33.03782],[35.31039,33.03833],[35.30229,33.0367],[35.29905,33.03683],[35.29725,33.03806],[35.29587,33.04166],[35.29479,33.04144],[35.29487,33.04303],[35.2914,33.0445],[35.29178,33.04569],[35.28536,33.0447],[35.28556,33.0463],[35.28443,33.04875],[35.28537,33.04981],[35.28478,33.05133],[35.28562,33.05253],[35.28508,33.05356],[35.28317,33.05386],[35.28236,33.05742],[35.29384,33.06431],[35.29784,33.06622],[35.30263,33.06635],[35.3153,33.0696],[35.31712,33.06508],[35.31568,33.06286],[35.31727,33.06112]]]]}},{"type":"Feature","id":536,"properties":{"y":536,"b":0,"r":3.932,"n":24,"p":6104,"nm":"פקיעין (בוקייעה)","nmAr":null,"d":false},"geometry":{"type":"MultiPolygon","coordinates":[[[[35.33353,32.96011],[35.32974,32.95953],[35.324,32.9604],[35.32359,32.96226],[35.3179,32.96297],[35.31737,32.96378],[35.31371,32.96473],[35.31317,32.96717],[35.31742,32.97356],[35.31916,32.97359],[35.31945,32.97474],[35.3208,32.97442],[35.32179,32.97641],[35.32326,32.976],[35.32444,32.97758],[35.32707,32.97834],[35.32811,32.97946],[35.32789,32.98438],[35.33362,32.98063],[35.33742,32.97992],[35.33963,32.97729],[35.34028,32.974],[35.34439,32.967],[35.34381,32.96636],[35.3425,32.96704],[35.34163,32.96644],[35.34291,32.96228],[35.3411,32.96086],[35.33822,32.96095],[35.33789,32.95963],[35.33889,32.95938],[35.33798,32.95827],[35.33353,32.96011]]],[[[35.31663,32.99226],[35.32025,32.98935],[35.31728,32.98896],[35.31609,32.98735],[35.31212,32.98595],[35.31198,32.98677],[35.30911,32.98852],[35.30711,32.98871],[35.30498,32.98985],[35.30492,32.99085],[35.30298,32.99136],[35.30422,32.99554],[35.30817,32.99482],[35.31663,32.99226]]]]}},{"type":"Feature","id":537,"properties":{"y":537,"b":2,"r":18.146,"n":249,"p":13722,"nm":"פוריידיס","nmAr":null,"d":false},"geometry":{"type":"MultiPolygon","coordinates":[[[[34.95268,32.59153],[34.94826,32.59167],[34.94573,32.59008],[34.93993,32.59241],[34.93999,32.59324],[34.93624,32.59487],[34.93752,32.60233],[34.93822,32.60532],[34.94082,32.60419],[34.95012,32.60409],[34.95178,32.60331],[34.95346,32.61035],[34.95462,32.6102],[34.95528,32.60564],[34.95649,32.60415],[34.95653,32.60146],[34.95883,32.60058],[34.96052,32.60312],[34.96405,32.60489],[34.96636,32.60465],[34.96623,32.60364],[34.97056,32.60404],[34.9706,32.60253],[34.96613,32.59957],[34.96701,32.5995],[34.96247,32.59512],[34.9609,32.58866],[34.95876,32.58682],[34.95806,32.58739],[34.95757,32.5862],[34.95452,32.58874],[34.954492,32.588837],[34.95268,32.59153]]]]}},{"type":"Feature","id":538,"properties":{"y":538,"b":2,"r":27.848,"n":208,"p":7469,"nm":"שעב","nmAr":null,"d":false},"geometry":{"type":"MultiPolygon","coordinates":[[[[35.19491,32.89402],[35.19441,32.89563],[35.19253,32.89589],[35.19266,32.89902],[35.19494,32.89822],[35.19846,32.89888],[35.20539,32.90085],[35.20713,32.90284],[35.20921,32.90198],[35.20986,32.90302],[35.21071,32.90257],[35.21262,32.90357],[35.22133,32.90125],[35.22115,32.90039],[35.22224,32.8998],[35.22163,32.89706],[35.23047,32.89448],[35.24221,32.89507],[35.24989,32.8909],[35.25172,32.89092],[35.25415,32.88891],[35.25049,32.88436],[35.24783,32.88511],[35.24696,32.88456],[35.23753,32.88484],[35.23635,32.8857],[35.23276,32.88385],[35.2304,32.88384],[35.22946,32.88473],[35.22701,32.88264],[35.22391,32.88551],[35.21799,32.88593],[35.22175,32.88734],[35.22251,32.88844],[35.22168,32.88995],[35.21434,32.89115],[35.21037,32.88964],[35.21025,32.89799],[35.2059,32.89877],[35.20441,32.8976],[35.20419,32.89456],[35.19854,32.89504],[35.19865,32.89278],[35.19491,32.89402]]]]}},{"type":"Feature","id":541,"properties":{"y":541,"b":3,"r":39.995,"n":620,"p":15502,"nm":"ג'סר א-זרקא","nmAr":null,"d":false},"geometry":{"type":"MultiPolygon","coordinates":[[[[34.904441,32.538301],[34.90774,32.5388],[34.91204,32.54557],[34.91556,32.54752],[34.9163,32.54233],[34.91568,32.5375],[34.91558,32.53537],[34.91537,32.52971],[34.91136,32.531],[34.90055,32.53194],[34.90131,32.53366],[34.90033,32.53914],[34.90132,32.54003],[34.90224,32.53936],[34.904441,32.538301]]]]}},{"type":"Feature","id":542,"properties":{"y":542,"b":1,"r":12.218,"n":237,"p":19397,"nm":"ריינה","nmAr":null,"d":false},"geometry":{"type":"MultiPolygon","coordinates":[[[[35.32318,32.71474],[35.32192,32.7139],[35.32253,32.71255],[35.31998,32.71181],[35.31772,32.71215],[35.31707,32.71329],[35.315508,32.713732],[35.31553,32.71262],[35.31269,32.71181],[35.31215,32.71358],[35.31108,32.71386],[35.30692,32.7119],[35.30692,32.71383],[35.30558,32.71407],[35.3055,32.71515],[35.30408,32.71618],[35.30288,32.7165],[35.30005,32.71506],[35.29871,32.71897],[35.29478,32.72119],[35.2896,32.72197],[35.28589,32.72402],[35.28433,32.72622],[35.28426,32.72783],[35.28399,32.72879],[35.27946,32.72946],[35.28228,32.73144],[35.28326,32.73016],[35.28389,32.73198],[35.28347,32.73628],[35.28488,32.73875],[35.2905,32.7416],[35.29174,32.74444],[35.29491,32.74512],[35.29494,32.74651],[35.30345,32.74563],[35.30361,32.74636],[35.306,32.74421],[35.30889,32.74368],[35.30812,32.74228],[35.31361,32.74026],[35.31581,32.73827],[35.31595,32.73678],[35.31765,32.7345],[35.31911,32.73404],[35.32049,32.73504],[35.32195,32.73495],[35.32135,32.73373],[35.32272,32.73347],[35.3225,32.73156],[35.32524,32.73044],[35.32665,32.73005],[35.32782,32.72694],[35.32824,32.72734],[35.32933,32.72651],[35.32741,32.72488],[35.32804,32.72435],[35.32674,32.72318],[35.32867,32.72248],[35.32861,32.7216],[35.33098,32.72168],[35.33168,32.72103],[35.33066,32.72096],[35.32903,32.71803],[35.32621,32.7154],[35.32328,32.7163],[35.32318,32.71474]],[[35.30465,32.72452],[35.29398,32.7277],[35.293643,32.727754],[35.30465,32.72452]],[[35.31009,32.71877],[35.310287,32.718757],[35.30456,32.72101],[35.31009,32.71877]],[[35.31099,32.71871],[35.312365,32.720015],[35.31035,32.718753],[35.31099,32.71871]],[[35.312716,32.720024],[35.314611,32.721423],[35.312848,32.720318],[35.312716,32.720024]],[[35.31223,32.71894],[35.313056,32.717851],[35.312405,32.719329],[35.31223,32.71894]],[[35.322466,32.724852],[35.3195,32.72608],[35.32176,32.72482],[35.322466,32.724852]],[[35.323835,32.725577],[35.323325,32.724892],[35.3235,32.7249],[35.323835,32.725577]],[[35.322968,32.728496],[35.324343,32.726605],[35.32442,32.72676],[35.322968,32.728496]],[[35.32279,32.72874],[35.322799,32.728727],[35.32473,32.72945],[35.32279,32.72874]]]]}},{"type":"Feature","id":543,"properties":{"y":543,"b":1,"r":10.131,"n":79,"p":7798,"nm":"ראמה","nmAr":null,"d":false},"geometry":{"type":"MultiPolygon","coordinates":[[[[35.38887,32.94139],[35.39089,32.94109],[35.39181,32.93922],[35.38673,32.93637],[35.38804,32.93457],[35.38633,32.93307],[35.38746,32.93265],[35.38642,32.93118],[35.38968,32.92872],[35.38937,32.92414],[35.38534,32.92517],[35.38496,32.92417],[35.38303,32.92392],[35.38353,32.92248],[35.38002,32.92263],[35.37914,32.92006],[35.37832,32.91978],[35.37695,32.92016],[35.37689,32.92101],[35.37805,32.92124],[35.37768,32.92199],[35.37459,32.92184],[35.37413,32.92262],[35.36884,32.92134],[35.3684,32.92224],[35.36548,32.92197],[35.36542,32.92306],[35.36406,32.92354],[35.36435,32.92496],[35.36192,32.92517],[35.35753,32.9237],[35.35545,32.92493],[35.35614,32.92664],[35.35417,32.92821],[35.35492,32.92912],[35.3547,32.93096],[35.35724,32.93],[35.35858,32.93027],[35.36084,32.93191],[35.36178,32.93465],[35.36157,32.93602],[35.36012,32.93624],[35.36014,32.93719],[35.35681,32.93712],[35.35477,32.93882],[35.35568,32.94115],[35.35442,32.94421],[35.35802,32.94337],[35.35956,32.9441],[35.35929,32.94479],[35.36203,32.94532],[35.36241,32.94635],[35.36524,32.94629],[35.36723,32.94757],[35.37106,32.94443],[35.37095,32.94329],[35.3726,32.94223],[35.37209,32.9413],[35.37459,32.94004],[35.37813,32.94147],[35.38187,32.94054],[35.3829,32.93925],[35.38608,32.93933],[35.38821,32.93994],[35.388,32.94089],[35.38887,32.94139]]]]}},{"type":"Feature","id":565,"properties":{"y":565,"b":2,"r":16.773,"n":228,"p":13593,"nm":"אזור","nmAr":null,"d":true},"geometry":{"type":"MultiPolygon","coordinates":[[[[34.8213,32.01806],[34.81437,32.01051],[34.80834,32.01819],[34.804425,32.022119],[34.8039,32.02169],[34.79881,32.02595],[34.80006,32.02606],[34.79059,32.03282],[34.79165,32.03448],[34.79707,32.03231],[34.79887,32.03416],[34.80647,32.02869],[34.81409,32.0232],[34.81297,32.02195],[34.81417,32.02314],[34.81491,32.02261],[34.8213,32.01806]]]]}},{"type":"Feature","id":587,"properties":{"y":587,"b":1,"r":9.867,"n":40,"p":4054,"nm":"סביון*","nmAr":null,"d":false},"geometry":{"type":"MultiPolygon","coordinates":[[[[34.88332,32.05486],[34.88431,32.04942],[34.89115,32.04983],[34.89156,32.03888],[34.88933,32.04028],[34.88334,32.04037],[34.88305,32.0382],[34.88006,32.03657],[34.87648,32.03639],[34.87558,32.03709],[34.87595,32.03823],[34.87358,32.03997],[34.86881,32.04175],[34.86743,32.04401],[34.86674,32.04398],[34.86778,32.03678],[34.86693,32.03321],[34.86622,32.033],[34.86714,32.03681],[34.86581,32.04656],[34.86722,32.04643],[34.86834,32.04804],[34.86678,32.05527],[34.87961,32.05605],[34.87954,32.05693],[34.88286,32.05738],[34.88332,32.05486]]]]}},{"type":"Feature","id":627,"properties":{"y":627,"b":1,"r":14.893,"n":158,"p":10609,"nm":"ג'לג'וליה","nmAr":null,"d":false},"geometry":{"type":"MultiPolygon","coordinates":[[[[34.95963,32.15749],[34.9601,32.15589],[34.95699,32.15542],[34.95714,32.15474],[34.95586,32.15416],[34.95608,32.15336],[34.96044,32.1533],[34.96028,32.1495],[34.96252,32.1491],[34.96235,32.14776],[34.95968,32.14568],[34.95069,32.14522],[34.95086,32.14678],[34.95225,32.14673],[34.95346,32.14994],[34.94829,32.15089],[34.94754,32.14827],[34.94636,32.1489],[34.94158,32.14636],[34.94163,32.14296],[34.93766,32.14271],[34.93728,32.14408],[34.93413,32.14064],[34.93611,32.15198],[34.93733,32.15308],[34.93759,32.14923],[34.94829,32.15498],[34.94832,32.15597],[34.95239,32.15592],[34.95963,32.15749]]]]}},{"type":"Feature","id":628,"properties":{"y":628,"b":1,"r":7.671,"n":97,"p":12645,"nm":"ג'ת","nmAr":null,"d":false},"geometry":{"type":"MultiPolygon","coordinates":[[[[35.01534,32.39385],[35.01553,32.39379],[35.01534,32.39381],[35.01534,32.39385]]],[[[35.03928,32.38825],[35.03602,32.3913],[35.02397,32.3983],[35.01995,32.39715],[35.01953,32.39251],[35.01553,32.39375],[35.015612,32.39799],[35.01559,32.39796],[35.01559,32.398],[35.015613,32.398],[35.015669,32.40092],[35.00969,32.40139],[35.01012,32.40465],[35.00705,32.40509],[35.00768,32.40931],[35.00948,32.40659],[35.01195,32.40814],[35.01185,32.41509],[35.01455,32.41552],[35.01493,32.41901],[35.01774,32.41657],[35.02168,32.41533],[35.02626,32.41347],[35.03199,32.41281],[35.03159,32.41233],[35.03321,32.40972],[35.03482,32.41024],[35.03949,32.40757],[35.03875,32.40515],[35.04978,32.39737],[35.0481,32.39225],[35.0465,32.39357],[35.04641,32.39505],[35.0463,32.3941],[35.04322,32.38698],[35.03928,32.38825]],[[35.019673,32.406831],[35.01739,32.40747],[35.017349,32.407314],[35.019673,32.406831]],[[35.032406,32.404186],[35.032,32.40445],[35.029664,32.404756],[35.032406,32.404186]]]]}},{"type":"Feature","id":633,"properties":{"y":633,"b":2,"r":17.486,"n":69,"p":3946,"nm":"כפר ברא","nmAr":null,"d":false},"geometry":{"type":"MultiPolygon","coordinates":[[[[34.97654,32.13546],[34.97915,32.13573],[34.98871,32.13414],[34.9853,32.1299],[34.98487,32.12729],[34.98608,32.12294],[34.97854,32.12541],[34.97718,32.12463],[34.97593,32.12548],[34.97253,32.12438],[34.97022,32.12597],[34.96927,32.12854],[34.96745,32.12898],[34.96734,32.12994],[34.96343,32.12988],[34.96273,32.12918],[34.96146,32.13509],[34.97286,32.13306],[34.97403,32.13397],[34.97314,32.1352],[34.97654,32.13546]]]]}},{"type":"Feature","id":634,"properties":{"y":634,"b":1,"r":12.972,"n":328,"p":25285,"nm":"כפר קאסם","nmAr":null,"d":true},"geometry":{"type":"MultiPolygon","coordinates":[[[[34.9889,32.11496],[34.99285,32.11246],[34.99379,32.10945],[34.99352,32.10734],[34.99195,32.10793],[34.99227,32.1086],[34.99051,32.11038],[34.9886,32.10979],[34.98482,32.11025],[34.98429,32.10911],[34.98028,32.10742],[34.97252,32.10744],[34.97198,32.10904],[34.97032,32.10889],[34.96939,32.11022],[34.96832,32.11025],[34.96392,32.11051],[34.96402,32.10878],[34.96279,32.10821],[34.96159,32.10919],[34.9615,32.11072],[34.95998,32.11054],[34.96018,32.11279],[34.95842,32.1129],[34.95848,32.11173],[34.95781,32.11201],[34.95703,32.10995],[34.95625,32.10303],[34.95174,32.10355],[34.95066,32.10694],[34.94876,32.10714],[34.94729,32.11416],[34.94595,32.11664],[34.9436,32.12282],[34.9448,32.12411],[34.94616,32.12943],[34.94715,32.13056],[34.95089,32.13029],[34.95094,32.13159],[34.9517,32.13179],[34.95194,32.1296],[34.95669,32.1302],[34.96273,32.12918],[34.96343,32.12988],[34.96734,32.12994],[34.96745,32.12898],[34.96927,32.12854],[34.97022,32.12597],[34.97253,32.12438],[34.97593,32.12548],[34.97718,32.12463],[34.97854,32.12541],[34.98608,32.12294],[34.98883,32.11925],[34.9889,32.11496]],[[34.96829,32.113215],[34.96893,32.11752],[34.96826,32.11611],[34.96829,32.113215]],[[34.9725,32.11634],[34.972661,32.116351],[34.96696,32.11847],[34.966705,32.118386],[34.96893,32.11752],[34.9725,32.11634]],[[34.981121,32.116933],[34.975424,32.116532],[34.98101,32.1169],[34.981121,32.116933]]]]}},{"type":"Feature","id":637,"properties":{"y":637,"b":1,"r":14.38,"n":376,"p":26147,"nm":"ערערה","nmAr":null,"d":true},"geometry":{"type":"MultiPolygon","coordinates":[[[[35.10295,32.49268],[35.10218,32.49237],[35.10257,32.49114],[35.09447,32.49008],[35.09374,32.48903],[35.09022,32.48873],[35.090329,32.489378],[35.08916,32.48763],[35.08739,32.4874],[35.08623,32.48928],[35.08443,32.48922],[35.08426,32.49103],[35.07857,32.49247],[35.0689,32.4999],[35.07528,32.50145],[35.08562,32.50259],[35.09117,32.50515],[35.10984,32.5082],[35.1176,32.51231],[35.11999,32.50791],[35.12158,32.50457],[35.11918,32.50439],[35.12137,32.50104],[35.11929,32.49728],[35.1219,32.49562],[35.12092,32.49404],[35.11878,32.49517],[35.11624,32.49383],[35.11479,32.49448],[35.11298,32.4941],[35.10803,32.49656],[35.10386,32.49471],[35.10203,32.49334],[35.10295,32.49268]],[[35.09594,32.4944],[35.096037,32.494401],[35.09484,32.4955],[35.09594,32.4944]],[[35.100101,32.49677],[35.09988,32.4968],[35.099689,32.496605],[35.100101,32.49677]]],[[[35.06784,32.50884],[35.06798,32.51245],[35.06943,32.51534],[35.08108,32.51532],[35.08247,32.51169],[35.08538,32.51046],[35.08612,32.5069],[35.08712,32.50707],[35.08822,32.50442],[35.08549,32.50303],[35.07391,32.50168],[35.06751,32.49982],[35.06454,32.507],[35.06784,32.50884]]]]}},{"type":"Feature","id":638,"properties":{"y":638,"b":2,"r":17.393,"n":421,"p":24205,"nm":"קלנסווה","nmAr":null,"d":false},"geometry":{"type":"MultiPolygon","coordinates":[[[[34.98982,32.28096],[34.99075,32.28055],[34.98502,32.28062],[34.98687,32.27852],[34.975521,32.277457],[34.97545,32.27725],[34.97021,32.27801],[34.9702,32.27911],[34.96763,32.27887],[34.96738,32.28277],[34.96881,32.28342],[34.95727,32.28494],[34.95873,32.28756],[34.95789,32.28756],[34.95815,32.2889],[34.95949,32.28898],[34.959849,32.291564],[34.95968,32.29161],[34.96013,32.29506],[34.96179,32.29491],[34.9651,32.30037],[34.96648,32.30521],[34.96724,32.30513],[34.96648,32.30604],[34.96757,32.30894],[34.97234,32.30875],[34.97595,32.30526],[34.97708,32.3051],[34.9779,32.30429],[34.98228,32.30427],[34.98231,32.3052],[34.98601,32.30468],[34.98584,32.30357],[34.98686,32.30333],[34.996,32.30187],[34.9986,32.30063],[34.99338,32.29726],[34.99435,32.29732],[34.99466,32.29536],[34.99311,32.29381],[34.99118,32.28364],[34.988041,32.284136],[34.99087,32.28364],[34.9898,32.28365],[34.98982,32.28096]],[[34.97992,32.28542],[34.97815,32.290687],[34.97884,32.28767],[34.97992,32.28542]],[[34.97685,32.28132],[34.980843,32.285274],[34.980826,32.285277],[34.97685,32.28132]]]]}},{"type":"Feature","id":654,"properties":{"y":654,"b":2,"r":19.932,"n":399,"p":20018,"nm":"כפר קרע","nmAr":null,"d":false},"geometry":{"type":"MultiPolygon","coordinates":[[[[35.04664,32.49099],[35.04616,32.49404],[35.04278,32.4946],[35.045336,32.495118],[35.03447,32.49483],[35.03414,32.49617],[35.03109,32.49637],[35.02931,32.49764],[35.02492,32.49666],[35.02574,32.50541],[35.02733,32.50982],[35.02847,32.51045],[35.03626,32.51109],[35.036766,32.510955],[35.04563,32.51291],[35.05063,32.51714],[35.05857,32.5177],[35.059303,32.515753],[35.05863,32.51806],[35.06302,32.51956],[35.0638,32.51892],[35.06464,32.5189],[35.06395,32.5179],[35.06478,32.5143],[35.06886,32.51436],[35.06943,32.51528],[35.06798,32.51245],[35.06784,32.50884],[35.06454,32.507],[35.06765,32.49947],[35.06334,32.4971],[35.06059,32.50209],[35.060313,32.502295],[35.06124,32.50051],[35.05022,32.49258],[35.04664,32.49099]],[[35.04817,32.50372],[35.05226,32.50469],[35.048171,32.50373],[35.04817,32.50372]],[[35.05463,32.50437],[35.054626,32.504426],[35.05226,32.50469],[35.05463,32.50437]],[[35.05456,32.50544],[35.054424,32.50588],[35.054573,32.505249],[35.05456,32.50544]],[[35.05971,32.51436],[35.05408,32.50734],[35.054111,32.507209],[35.05973,32.51429],[35.05971,32.51436]]]]}},{"type":"Feature","id":666,"properties":{"y":666,"b":2,"r":16.213,"n":125,"p":7710,"nm":"עומר","nmAr":null,"d":false},"geometry":{"type":"MultiPolygon","coordinates":[[[[34.8718,31.28725],[34.86963,31.28673],[34.8708,31.28249],[34.86823,31.27416],[34.86806,31.26835],[34.86987,31.26356],[34.86657,31.264],[34.86275,31.26267],[34.85241,31.25439],[34.84947,31.25292],[34.84905,31.25137],[34.84541,31.24821],[34.84235,31.24746],[34.83957,31.24828],[34.83886,31.24715],[34.83758,31.24806],[34.83728,31.24955],[34.83512,31.24886],[34.82875,31.25034],[34.82944,31.25701],[34.83335,31.25704],[34.83336,31.25972],[34.83235,31.26106],[34.82966,31.25943],[34.83008,31.26699],[34.82571,31.28183],[34.82673,31.29166],[34.83731,31.293],[34.84071,31.29055],[34.85369,31.30265],[34.86811,31.30211],[34.86793,31.29799],[34.86158,31.29873],[34.86099,31.2932],[34.8679,31.29169],[34.8718,31.28725]]]]}},{"type":"Feature","id":681,"properties":{"y":681,"b":2,"r":15.003,"n":435,"p":28994,"nm":"גבעת שמואל","nmAr":null,"d":true},"geometry":{"type":"MultiPolygon","coordinates":[[[[34.84501,32.06569],[34.84555,32.07125],[34.84748,32.07086],[34.84713,32.07014],[34.84807,32.0695],[34.85016,32.06937],[34.84994,32.06713],[34.84501,32.06569]]],[[[34.85479,32.08025],[34.86012,32.08019],[34.85915,32.06814],[34.85618,32.06779],[34.84994,32.06713],[34.851028,32.073267],[34.84688,32.07502],[34.84434,32.0725],[34.84327,32.07282],[34.84443,32.07849],[34.84539,32.08321],[34.84581,32.09024],[34.84806,32.08952],[34.84784,32.08819],[34.8488,32.08761],[34.84821,32.08682],[34.85208,32.08623],[34.85212,32.08679],[34.85629,32.08593],[34.85528,32.08042],[34.85222,32.07999],[34.85479,32.08025]]]]}},{"type":"Feature","id":696,"properties":{"y":696,"b":0,"r":5.804,"n":39,"p":6720,"nm":"כפר חבד","nmAr":null,"d":false},"geometry":{"type":"MultiPolygon","coordinates":[[[[34.85022,31.99546],[34.85954,31.98647],[34.85831,31.98346],[34.85659,31.98334],[34.85619,31.98474],[34.85523,31.98494],[34.8456,31.98527],[34.84553,31.98467],[34.84308,31.98611],[34.846,31.98915],[34.84692,31.99125],[34.84879,31.99157],[34.84538,31.99272],[34.84592,31.99529],[34.84961,31.99487],[34.85022,31.99546]]]]}},{"type":"Feature","id":812,"properties":{"y":812,"b":1,"r":8.864,"n":66,"p":7446,"nm":"שלומי","nmAr":null,"d":false},"geometry":{"type":"MultiPolygon","coordinates":[[[[35.15765,33.0863],[35.15851,33.08418],[35.16106,33.08267],[35.15929,33.07833],[35.16062,33.0726],[35.16265,33.07178],[35.15283,33.07085],[35.15334,33.07052],[35.15202,33.07045],[35.14995,33.06853],[35.14933,33.06633],[35.15086,33.06033],[35.15092,33.05652],[35.15334,33.05357],[35.15351,33.05175],[35.14508,33.04534],[35.14377,33.04686],[35.14383,33.05369],[35.14255,33.05649],[35.14271,33.05853],[35.14168,33.05848],[35.14221,33.06319],[35.13887,33.06348],[35.13895,33.06471],[35.14136,33.06674],[35.14024,33.06852],[35.14004,33.07104],[35.1404,33.07312],[35.14225,33.07543],[35.13525,33.07746],[35.13165,33.07599],[35.13176,33.07967],[35.13022,33.07942],[35.13021,33.08292],[35.13621,33.08361],[35.13855,33.08504],[35.14796,33.08591],[35.15097,33.08523],[35.15765,33.0863]]]]}},{"type":"Feature","id":831,"properties":{"y":831,"b":2,"r":28.559,"n":319,"p":11170,"nm":"ירוחם","nmAr":null,"d":false},"geometry":{"type":"MultiPolygon","coordinates":[[[[34.87634,31.01294],[34.95901,31.01342],[34.95906,30.98891],[34.96485,30.99039],[34.97049,30.9904],[34.98232,30.98742],[34.98744,30.98488],[34.99255,30.98408],[34.99632,30.98274],[34.99425,30.98082],[34.99417,30.97958],[34.99512,30.979],[34.99474,30.97675],[34.99245,30.97608],[34.99136,30.97663],[34.99061,30.97542],[34.98245,30.97094],[34.97775,30.97026],[34.97359,30.97159],[34.9705,30.96615],[34.96497,30.96357],[34.96612,30.96077],[34.9637,30.95878],[34.96214,30.9592],[34.95612,30.96566],[34.94802,30.95885],[34.88598,30.95972],[34.87525,30.96897],[34.87512,30.98964],[34.87203,30.98903],[34.86947,30.99305],[34.86888,30.99623],[34.86716,30.99726],[34.86629,31.00044],[34.86789,31.00204],[34.86645,31.00389],[34.86636,31.00623],[34.8685,31.0119],[34.87245,31.01415],[34.87634,31.01294]]]]}},{"type":"Feature","id":874,"properties":{"y":874,"b":2,"r":16.871,"n":457,"p":27088,"nm":"מגדל העמק","nmAr":null,"d":true},"geometry":{"type":"MultiPolygon","coordinates":[[[[35.23602,32.66253],[35.23633,32.66402],[35.23856,32.66482],[35.24054,32.66666],[35.2341,32.66914],[35.23415,32.669162],[35.23176,32.66917],[35.22847,32.67109],[35.23136,32.67389],[35.23004,32.67521],[35.22927,32.68026],[35.23012,32.68304],[35.22899,32.68641],[35.23229,32.68867],[35.23368,32.68778],[35.235,32.68851],[35.23578,32.68813],[35.23858,32.69055],[35.24022,32.69099],[35.24438,32.69104],[35.24453,32.69175],[35.244868,32.691114],[35.24457,32.69313],[35.24822,32.69307],[35.24866,32.69435],[35.24808,32.69469],[35.25246,32.69732],[35.25588,32.69791],[35.25612,32.69629],[35.25522,32.69561],[35.25599,32.69574],[35.25662,32.69458],[35.25671,32.69253],[35.25977,32.69203],[35.26038,32.69119],[35.26153,32.69211],[35.26507,32.69095],[35.26484,32.6902],[35.2635,32.69068],[35.2625,32.68929],[35.26086,32.6889],[35.2604,32.68825],[35.26134,32.6874],[35.26059,32.68673],[35.26175,32.68592],[35.25934,32.6853],[35.26116,32.68418],[35.26074,32.68317],[35.25846,32.68208],[35.25788,32.68017],[35.25902,32.67871],[35.26221,32.67875],[35.26427,32.67866],[35.26469,32.67774],[35.26284,32.67614],[35.25984,32.67388],[35.25424,32.67247],[35.252785,32.672908],[35.25307,32.67271],[35.24822,32.67171],[35.24771,32.66775],[35.24589,32.6674],[35.24669,32.66298],[35.23602,32.66253]],[[35.2322,32.6803],[35.231002,32.680861],[35.23082,32.68055],[35.22927,32.68026],[35.2322,32.6803]],[[35.23694,32.68537],[35.237947,32.684652],[35.23578,32.68813],[35.23694,32.68537]],[[35.240075,32.669862],[35.24009,32.66938],[35.24589,32.6674],[35.240075,32.669862]],[[35.23999,32.674099],[35.24163,32.6777],[35.24598,32.67762],[35.24158,32.67776],[35.24636,32.68097],[35.24161,32.67789],[35.24111,32.67716],[35.23999,32.674099]],[[35.249721,32.675029],[35.2485,32.67628],[35.24598,32.67762],[35.249721,32.675029]],[[35.233599,32.677459],[35.232441,32.677854],[35.23247,32.67756],[35.23333,32.67715],[35.233599,32.677459]],[[35.23565,32.67676],[35.23614,32.67464],[35.236518,32.674575],[35.23565,32.67676]],[[35.24558,32.68252],[35.244623,32.682584],[35.249102,32.681833],[35.249182,32.681858],[35.24558,32.68252]],[[35.239158,32.683789],[35.23969,32.68341],[35.240396,32.683292],[35.239158,32.683789]],[[35.24496,32.69094],[35.245597,32.690908],[35.244915,32.691024],[35.24496,32.69094]],[[35.24448,32.6893],[35.24652,32.69075],[35.24641,32.690769],[35.24448,32.6893]]]]}},{"type":"Feature","id":913,"properties":{"y":913,"b":3,"r":30.298,"n":193,"p":6370,"nm":"שבלי - אום אל-גנם","nmAr":null,"d":false},"geometry":{"type":"MultiPolygon","coordinates":[[[[35.41087,32.68809],[35.41125,32.68699],[35.41036,32.6854],[35.41121,32.68398],[35.40999,32.68189],[35.41171,32.67846],[35.40888,32.67791],[35.40521,32.67863],[35.40407,32.67561],[35.39937,32.67614],[35.39806,32.67257],[35.38703,32.67516],[35.38687,32.67704],[35.39131,32.67883],[35.39709,32.67698],[35.39985,32.67941],[35.40162,32.6801],[35.40307,32.67884],[35.40387,32.67989],[35.40498,32.67937],[35.40628,32.67998],[35.40667,32.68102],[35.4064,32.68242],[35.40193,32.68684],[35.39987,32.68713],[35.3958,32.69061],[35.38924,32.69162],[35.38911,32.69258],[35.38671,32.69326],[35.38358,32.69311],[35.38397,32.69585],[35.38309,32.69964],[35.38563,32.70021],[35.38782,32.70266],[35.38934,32.6963],[35.40809,32.69298],[35.40834,32.68964],[35.41087,32.68809]]]]}},{"type":"Feature","id":922,"properties":{"y":922,"b":0,"r":5.635,"n":80,"p":14198,"nm":"רכסים","nmAr":null,"d":false},"geometry":{"type":"MultiPolygon","coordinates":[[[[35.11176,32.75489],[35.11668,32.75277],[35.11792,32.74875],[35.12179,32.74301],[35.112,32.74118],[35.11111,32.74235],[35.10924,32.74222],[35.10815,32.74347],[35.10578,32.74326],[35.10251,32.74601],[35.09904,32.74434],[35.09643,32.74619],[35.09712,32.74812],[35.09831,32.74862],[35.09574,32.74902],[35.09635,32.75189],[35.0993,32.75315],[35.09621,32.75425],[35.09454,32.75703],[35.10482,32.75609],[35.10371,32.7582],[35.10469,32.75692],[35.1079,32.75785],[35.10971,32.7537],[35.11079,32.75487],[35.11033,32.75632],[35.11176,32.75489]]]]}},{"type":"Feature","id":944,"properties":{"y":944,"b":1,"r":13.26,"n":108,"p":8145,"nm":"בסמת טבעון","nmAr":null,"d":false},"geometry":{"type":"MultiPolygon","coordinates":[[[[35.15088,32.75042],[35.15322,32.74853],[35.15466,32.75011],[35.15372,32.75074],[35.15396,32.75141],[35.15642,32.75227],[35.15832,32.7511],[35.15669,32.74957],[35.15639,32.7473],[35.162,32.74486],[35.16235,32.74546],[35.16422,32.74467],[35.16228,32.7439],[35.1602,32.74134],[35.16009,32.73935],[35.16102,32.73743],[35.15917,32.7372],[35.15829,32.73801],[35.15791,32.73705],[35.1564,32.73732],[35.15566,32.73677],[35.15642,32.73607],[35.15523,32.73386],[35.15301,32.7337],[35.15215,32.73274],[35.14896,32.73183],[35.14986,32.73552],[35.14966,32.73696],[35.14831,32.73759],[35.15175,32.73991],[35.15168,32.74261],[35.14981,32.74342],[35.14778,32.74235],[35.14646,32.73958],[35.14354,32.73647],[35.14273,32.73516],[35.14458,32.73474],[35.14451,32.73394],[35.14268,32.73329],[35.14279,32.73253],[35.13959,32.73359],[35.1397,32.73059],[35.13671,32.73042],[35.13314,32.73166],[35.13306,32.73274],[35.13097,32.7302],[35.12837,32.72991],[35.13068,32.7343],[35.12883,32.73482],[35.12929,32.73673],[35.13262,32.73701],[35.13256,32.73537],[35.13495,32.73526],[35.13715,32.73642],[35.13662,32.7385],[35.14305,32.74035],[35.1421,32.74282],[35.1426,32.74439],[35.14181,32.74507],[35.14265,32.74715],[35.14208,32.74789],[35.14355,32.74841],[35.14382,32.7504],[35.14471,32.75054],[35.14364,32.75163],[35.14406,32.75261],[35.14855,32.75309],[35.14855,32.75179],[35.15088,32.75042]]]]}},{"type":"Feature","id":962,"properties":{"y":962,"b":2,"r":27.343,"n":194,"p":7095,"nm":"טובא-זנגרייה","nmAr":null,"d":false},"geometry":{"type":"MultiPolygon","coordinates":[[[[35.60383,32.95953],[35.6021,32.95847],[35.59861,32.96147],[35.5927,32.96256],[35.59508,32.95836],[35.5992,32.95389],[35.59513,32.95114],[35.59363,32.95291],[35.59422,32.9533],[35.5937,32.95386],[35.5968,32.95597],[35.5961,32.95661],[35.59504,32.95588],[35.59274,32.95882],[35.59009,32.95897],[35.58799,32.96011],[35.58508,32.95865],[35.58608,32.95736],[35.58514,32.95535],[35.58231,32.95567],[35.58186,32.95498],[35.5798,32.95612],[35.57879,32.95479],[35.57585,32.95755],[35.57493,32.96153],[35.58258,32.96016],[35.5831,32.9613],[35.5819,32.96226],[35.58181,32.96491],[35.58315,32.96632],[35.58359,32.96844],[35.58722,32.96844],[35.5884,32.96924],[35.58806,32.97152],[35.58322,32.97628],[35.58628,32.97722],[35.58678,32.97854],[35.58851,32.97894],[35.59005,32.9783],[35.58898,32.97692],[35.59467,32.97416],[35.60302,32.96845],[35.60473,32.96633],[35.60237,32.96476],[35.60485,32.96113],[35.60383,32.95953]]]]}},{"type":"Feature","id":975,"properties":{"y":975,"b":2,"r":17.863,"n":153,"p":8565,"nm":"זרזיר","nmAr":null,"d":false},"geometry":{"type":"MultiPolygon","coordinates":[[[[35.21791,32.73741],[35.22074,32.73707],[35.22052,32.73579],[35.23002,32.73676],[35.23156,32.73394],[35.23621,32.73101],[35.23789,32.72711],[35.23702,32.72551],[35.23402,32.72655],[35.23065,32.72451],[35.22463,32.72346],[35.22337,32.72179],[35.22638,32.72055],[35.22853,32.71839],[35.23068,32.71808],[35.22911,32.7176],[35.22826,32.71545],[35.2304,32.71322],[35.22953,32.71075],[35.222,32.71364],[35.21817,32.71354],[35.21839,32.71259],[35.2151,32.71177],[35.21477,32.71269],[35.21211,32.71203],[35.21279,32.71375],[35.21435,32.71455],[35.21644,32.7141],[35.21826,32.71582],[35.21861,32.71753],[35.21708,32.7188],[35.21916,32.72026],[35.21039,32.72625],[35.20955,32.73112],[35.21109,32.73127],[35.21109,32.73214],[35.21217,32.73265],[35.21578,32.73191],[35.21456,32.73266],[35.21711,32.73314],[35.21901,32.73576],[35.21793,32.73644],[35.21791,32.73741]]]]}},{"type":"Feature","id":978,"properties":{"y":978,"b":1,"r":14.12,"n":83,"p":5878,"nm":"כעביה-טבאש-חג'אג'רה","nmAr":null,"d":false},"geometry":{"type":"MultiPolygon","coordinates":[[[[35.20207,32.73951],[35.20106,32.73971],[35.2,32.74196],[35.19718,32.74189],[35.197245,32.742221],[35.20084,32.74309],[35.20326,32.74261],[35.20326,32.74192],[35.20153,32.74218],[35.20207,32.73951]]],[[[35.1972,32.74221],[35.197269,32.74234],[35.197245,32.742221],[35.1972,32.74221]]],[[[35.19421,32.74547],[35.19434,32.74682],[35.19881,32.74692],[35.20107,32.74552],[35.19799,32.7437],[35.197269,32.74234],[35.19753,32.74366],[35.19644,32.74442],[35.19525,32.74412],[35.19421,32.74547]]],[[[35.19861,32.74791],[35.19581,32.74878],[35.19882,32.74832],[35.19861,32.74791]]],[[[35.17717,32.74622],[35.17662,32.74623],[35.17679,32.74718],[35.17288,32.7467],[35.17339,32.7462],[35.17235,32.7456],[35.17167,32.74602],[35.1724,32.74683],[35.1719,32.747],[35.16962,32.74534],[35.16616,32.74672],[35.16562,32.74843],[35.16891,32.74983],[35.16949,32.75193],[35.17136,32.75265],[35.17264,32.75187],[35.17237,32.74896],[35.17551,32.74829],[35.17636,32.74729],[35.1806,32.7477],[35.17978,32.74897],[35.18097,32.75129],[35.17865,32.75132],[35.17541,32.75342],[35.17767,32.75219],[35.17809,32.75287],[35.17742,32.75318],[35.17791,32.7538],[35.1789,32.75339],[35.17922,32.75493],[35.1798,32.75415],[35.17794,32.75206],[35.17853,32.75155],[35.18177,32.75152],[35.1819,32.7529],[35.18469,32.75278],[35.18905,32.74891],[35.189438,32.750521],[35.18906,32.74651],[35.18752,32.74654],[35.18593,32.74773],[35.18121,32.74559],[35.17873,32.74727],[35.17741,32.74714],[35.17717,32.74622]]],[[[35.189566,32.751885],[35.18964,32.75136],[35.189438,32.750521],[35.189566,32.751885]]],[[[35.18968,32.75309],[35.189566,32.751885],[35.18887,32.75685],[35.18522,32.75659],[35.18468,32.75764],[35.18218,32.756],[35.18155,32.75612],[35.18168,32.75751],[35.17886,32.75817],[35.18088,32.76006],[35.18474,32.76078],[35.1882,32.76022],[35.18767,32.75785],[35.18928,32.758],[35.19168,32.75682],[35.1904,32.75575],[35.19077,32.7533],[35.18968,32.75309]]]]}},{"type":"Feature","id":998,"properties":{"y":998,"b":2,"r":16.02,"n":163,"p":10175,"nm":"ביר אל-מכסור","nmAr":null,"d":false},"geometry":{"type":"MultiPolygon","coordinates":[[[[35.23921,32.79868],[35.23934,32.79666],[35.23695,32.79641],[35.23688,32.79122],[35.2343,32.79085],[35.23351,32.789],[35.23021,32.78888],[35.22965,32.78526],[35.22872,32.78396],[35.22884,32.77648],[35.22668,32.77688],[35.22601,32.77498],[35.22446,32.77427],[35.22335,32.77089],[35.22144,32.76964],[35.21616,32.77109],[35.21422,32.77087],[35.21215,32.77661],[35.2136,32.77601],[35.21578,32.7844],[35.21402,32.78582],[35.21456,32.78826],[35.21344,32.78858],[35.21376,32.79078],[35.21523,32.79228],[35.20907,32.79351],[35.2093,32.79603],[35.21033,32.79642],[35.2153,32.79399],[35.21545,32.79602],[35.21452,32.79816],[35.21557,32.79943],[35.21527,32.8006],[35.21798,32.7975],[35.22006,32.79815],[35.22151,32.79735],[35.22427,32.79768],[35.22661,32.79638],[35.22729,32.79452],[35.22953,32.79312],[35.23345,32.79477],[35.23183,32.7968],[35.23664,32.7973],[35.23921,32.79868]]]]}},{"type":"Feature","id":1015,"properties":{"y":1015,"b":2,"r":16.048,"n":409,"p":25486,"nm":"מבשרת ציון","nmAr":null,"d":true},"geometry":{"type":"MultiPolygon","coordinates":[[[[35.15265,31.79449],[35.15156,31.7923],[35.15171,31.78644],[35.14813,31.78631],[35.14699,31.78521],[35.14697,31.78403],[35.14168,31.78266],[35.14056,31.78105],[35.13842,31.7815],[35.13781,31.78508],[35.13856,31.78623],[35.13774,31.78729],[35.141162,31.789937],[35.13828,31.78914],[35.13522,31.78633],[35.1338,31.78803],[35.13396,31.79011],[35.13665,31.79235],[35.1353,31.79403],[35.13248,31.79496],[35.1328,31.79707],[35.13914,31.79795],[35.13916,31.7993],[35.13905,31.80303],[35.14178,31.80393],[35.14212,31.80512],[35.14233,31.80841],[35.1439,31.80901],[35.14542,31.81089],[35.14832,31.81202],[35.15584,31.81081],[35.16013,31.80908],[35.16458,31.80934],[35.16983,31.80845],[35.17199,31.80512],[35.17105,31.80332],[35.16839,31.80342],[35.16875,31.80272],[35.16962,31.80167],[35.16912,31.79885],[35.16426,31.79539],[35.16036,31.7952],[35.1549,31.79698],[35.15202,31.796677],[35.15201,31.7947],[35.15265,31.79449]],[[35.145638,31.798515],[35.14496,31.79904],[35.13916,31.7993],[35.145638,31.798515]],[[35.145929,31.798056],[35.147411,31.797142],[35.146,31.798235],[35.145929,31.798056]],[[35.14829,31.7966],[35.15129,31.7966],[35.148073,31.796734],[35.14829,31.7966]],[[35.152018,31.804617],[35.151468,31.804842],[35.15132,31.80472],[35.14762,31.80605],[35.15128,31.80472],[35.152018,31.804617]],[[35.15314,31.80446],[35.15477,31.80598],[35.15292,31.804491],[35.15314,31.80446]],[[35.159051,31.806118],[35.15896,31.80615],[35.15477,31.80598],[35.159051,31.806118]],[[35.14552,31.79703],[35.1467,31.79422],[35.145839,31.79783],[35.14552,31.79703]]]]}},{"type":"Feature","id":1020,"properties":{"y":1020,"b":2,"r":22.037,"n":460,"p":20874,"nm":"אור עקיבא","nmAr":null,"d":true},"geometry":{"type":"MultiPolygon","coordinates":[[[[34.91701,32.48159],[34.91305,32.48434],[34.91714,32.4887],[34.91852,32.4928],[34.91799,32.49648],[34.91403,32.50512],[34.9121,32.50971],[34.91215,32.51256],[34.91451,32.52312],[34.92244,32.52397],[34.92395,32.51533],[34.923754,32.514708],[34.92392,32.51345],[34.92795,32.50967],[34.928,32.50569],[34.92928,32.5037],[34.92794,32.50087],[34.9256,32.49568],[34.91979,32.48067],[34.91701,32.48159]],[[34.91937,32.51144],[34.919294,32.511809],[34.9121,32.50971],[34.91937,32.51144]],[[34.92209,32.5132],[34.922186,32.512939],[34.92392,32.51345],[34.92209,32.5132]],[[34.92277,32.51461],[34.92329,32.51393],[34.92343,32.514176],[34.92277,32.51461]]],[[[34.9376,32.49507],[34.93216,32.49868],[34.93333,32.49995],[34.93602,32.50049],[34.94005,32.49779],[34.9376,32.49507]]]]}},{"type":"Feature","id":1031,"properties":{"y":1031,"b":2,"r":22.393,"n":739,"p":33002,"nm":"שדרות","nmAr":null,"d":true},"geometry":{"type":"MultiPolygon","coordinates":[[[[34.5967,31.51769],[34.59446,31.51941],[34.58761,31.51717],[34.58625,31.52254],[34.587315,31.522993],[34.58504,31.52236],[34.58119,31.52773],[34.57984,31.53058],[34.57989,31.53549],[34.58087,31.54156],[34.587,31.53897],[34.59792,31.54051],[34.60263,31.53786],[34.60421,31.5387],[34.60655,31.535],[34.60929,31.53113],[34.610377,31.529684],[34.6104,31.52971],[34.61526,31.52443],[34.61087,31.5225],[34.60753,31.51663],[34.6034,31.51844],[34.60064,31.51527],[34.59824,31.5163],[34.610267,31.529563],[34.60485,31.52397],[34.60197,31.5209],[34.5974,31.51533],[34.5967,31.51769]],[[34.588599,31.52354],[34.590334,31.532458],[34.59031,31.53244],[34.588598,31.52354],[34.588599,31.52354]],[[34.59524,31.5234],[34.59262,31.52452],[34.592593,31.52448],[34.59524,31.5234]],[[34.599626,31.526774],[34.5995,31.52679],[34.59678,31.52587],[34.599626,31.526774]],[[34.60157,31.52644],[34.601615,31.526517],[34.600437,31.526669],[34.60157,31.52644]],[[34.60149,31.53434],[34.60002,31.53378],[34.601578,31.534216],[34.60149,31.53434]],[[34.60211,31.53346],[34.601683,31.534066],[34.60153,31.53239],[34.60211,31.53346]],[[34.60324,31.53016],[34.601838,31.526901],[34.603783,31.530244],[34.60352,31.53011],[34.60153,31.53239],[34.60324,31.53016]]]]}},{"type":"Feature","id":1034,"properties":{"y":1034,"b":2,"r":28.905,"n":743,"p":25705,"nm":"קריית מלאכי","nmAr":null,"d":true},"geometry":{"type":"MultiPolygon","coordinates":[[[[34.77143,31.7247],[34.76805,31.72277],[34.76719,31.71849],[34.75469,31.72152],[34.75673,31.72935],[34.76014,31.72846],[34.76324,31.72874],[34.7666,31.72619],[34.77143,31.7247]]],[[[34.73378,31.72462],[34.7332,31.72628],[34.73551,31.73021],[34.73984,31.73106],[34.74112,31.7305],[34.741477,31.730937],[34.7384,31.73122],[34.73578,31.73032],[34.73429,31.73418],[34.73437,31.73667],[34.74111,31.73688],[34.741181,31.736535],[34.74146,31.73787],[34.74309,31.74376],[34.74597,31.73974],[34.74785,31.74063],[34.75023,31.73937],[34.75224,31.73991],[34.75522,31.73807],[34.75693,31.73789],[34.75875,31.73615],[34.7579,31.73546],[34.7581,31.73379],[34.75359,31.7304],[34.74871,31.72668],[34.7458,31.72324],[34.745788,31.723248],[34.74041,31.71813],[34.73378,31.72462]],[[34.74553,31.73698],[34.745524,31.736928],[34.745637,31.736959],[34.74146,31.73787],[34.74553,31.73698]],[[34.75224,31.73215],[34.75303,31.73246],[34.75226,31.73234],[34.75215,31.732259],[34.75359,31.7304],[34.75224,31.73215]],[[34.74578,31.72815],[34.74685,31.73073],[34.74906,31.72999],[34.7449,31.73161],[34.7468,31.73062],[34.745697,31.728046],[34.74578,31.72815]],[[34.74158,31.73458],[34.742395,31.73415],[34.74237,31.73457],[34.74158,31.73458]]]]}},{"type":"Feature","id":1054,"properties":{"y":1054,"b":2,"r":18.644,"n":426,"p":22849,"nm":"תל שבע","nmAr":null,"d":true},"geometry":{"type":"MultiPolygon","coordinates":[[[[34.86931,31.23715],[34.86848,31.23903],[34.86511,31.23858],[34.86168,31.23523],[34.85656,31.23846],[34.85287,31.23662],[34.85002,31.23997],[34.847433,31.240901],[34.84739,31.24078],[34.8444,31.2413],[34.84385,31.2421],[34.84407,31.24703],[34.83713,31.24638],[34.83512,31.24886],[34.83728,31.24955],[34.83758,31.24806],[34.83886,31.24715],[34.83957,31.24828],[34.84235,31.24746],[34.84541,31.24821],[34.84905,31.25137],[34.84947,31.25292],[34.85241,31.25439],[34.86331,31.26299],[34.86691,31.26404],[34.86987,31.26356],[34.86894,31.26591],[34.87432,31.26353],[34.87999,31.2592],[34.88473,31.25811],[34.88486,31.25269],[34.88627,31.24932],[34.88711,31.24208],[34.8882,31.2398],[34.8844,31.23877],[34.88126,31.23672],[34.87637,31.23628],[34.87354,31.23792],[34.87008,31.23734],[34.86931,31.23715]],[[34.86312,31.24532],[34.863212,31.245366],[34.8555,31.24515],[34.853528,31.244642],[34.86312,31.24532]],[[34.86457,31.24605],[34.86548,31.24772],[34.863442,31.245482],[34.86457,31.24605]]]]}},{"type":"Feature","id":1059,"properties":{"y":1059,"b":1,"r":8.795,"n":211,"p":23990,"nm":"כסיפה","nmAr":null,"d":false},"geometry":{"type":"MultiPolygon","coordinates":[[[[35.07219,31.25334],[35.08248,31.25401],[35.09008,31.25298],[35.09557,31.25088],[35.09959,31.24769],[35.10329,31.25178],[35.1249,31.25195],[35.12394,31.2468],[35.122,31.24452],[35.11133,31.23966],[35.10242,31.23909],[35.10066,31.23494],[35.0956,31.2302],[35.09476,31.2254],[35.09004,31.22122],[35.08903,31.22155],[35.087,31.22568],[35.08715,31.22886],[35.08547,31.22839],[35.08426,31.22581],[35.08333,31.22541],[35.08089,31.22868],[35.07894,31.22975],[35.0778,31.2322],[35.07864,31.23546],[35.07805,31.23621],[35.07615,31.23535],[35.07363,31.23208],[35.0709,31.23156],[35.06534,31.22691],[35.06209,31.22712],[35.0601,31.22854],[35.05909,31.231],[35.05936,31.23613],[35.05672,31.23908],[35.05628,31.24114],[35.05748,31.24367],[35.06215,31.24869],[35.05819,31.25373],[35.05844,31.25507],[35.06186,31.25818],[35.07219,31.25334]]]]}},{"type":"Feature","id":1060,"properties":{"y":1060,"b":1,"r":12.554,"n":201,"p":16011,"nm":"לקיה","nmAr":null,"d":false},"geometry":{"type":"MultiPolygon","coordinates":[[[[34.87817,31.32814],[34.88496,31.32249],[34.87419,31.31285],[34.86961,31.31307],[34.86585,31.31519],[34.8611,31.31383],[34.85862,31.31393],[34.85582,31.31572],[34.85398,31.31811],[34.8537,31.32182],[34.8549,31.32876],[34.85736,31.3355],[34.86054,31.33818],[34.86442,31.33788],[34.86858,31.33631],[34.87122,31.33076],[34.87335,31.33217],[34.87817,31.32814]]]]}},{"type":"Feature","id":1061,"properties":{"y":1061,"b":2,"r":25.416,"n":1123,"p":44184,"nm":"נצרת עילית","nmAr":null,"d":true},"geometry":{"type":"MultiPolygon","coordinates":[[[[35.31781,32.68483],[35.31582,32.68393],[35.31681,32.68305],[35.31195,32.68387],[35.30552,32.68364],[35.30542,32.68691],[35.30186,32.69019],[35.30506,32.69052],[35.30418,32.69256],[35.30253,32.6927],[35.30332,32.69522],[35.30453,32.69463],[35.30587,32.69498],[35.30919,32.698407],[35.30903,32.6984],[35.31,32.69956],[35.30884,32.69998],[35.30921,32.70266],[35.31244,32.701],[35.311,32.70187],[35.31357,32.70667],[35.31309,32.70797],[35.31215,32.70827],[35.30674,32.70875],[35.30608,32.70944],[35.30679,32.71178],[35.31045,32.7137],[35.31206,32.71367],[35.31269,32.71181],[35.31552,32.71261],[35.31519,32.71386],[35.31707,32.71329],[35.31772,32.71215],[35.31998,32.71181],[35.32253,32.71255],[35.32192,32.7139],[35.32318,32.71474],[35.32328,32.7163],[35.32621,32.7154],[35.32903,32.71803],[35.33066,32.72096],[35.331779,32.720786],[35.33098,32.72168],[35.32861,32.7216],[35.32867,32.72248],[35.32674,32.72318],[35.328891,32.724823],[35.32805,32.72433],[35.32741,32.72488],[35.32933,32.72651],[35.32824,32.72734],[35.32782,32.72694],[35.32665,32.73005],[35.32464,32.73056],[35.32524,32.73484],[35.32701,32.73259],[35.32925,32.73396],[35.332,32.73331],[35.33202,32.73201],[35.33462,32.73227],[35.34091,32.72957],[35.3393,32.72794],[35.34114,32.72976],[35.34222,32.72916],[35.34277,32.73089],[35.34414,32.7306],[35.34203,32.73278],[35.34202,32.73469],[35.34455,32.73474],[35.34535,32.73655],[35.35148,32.73481],[35.35131,32.73818],[35.35472,32.74033],[35.35458,32.74088],[35.36013,32.74134],[35.36575,32.7395],[35.36927,32.73734],[35.37205,32.73699],[35.37987,32.74002],[35.38293,32.73976],[35.38309,32.74176],[35.38999,32.74225],[35.39412,32.744],[35.39665,32.74306],[35.39579,32.73995],[35.39926,32.73914],[35.40188,32.73639],[35.41151,32.73551],[35.41234,32.72475],[35.40875,32.72432],[35.4057,32.72583],[35.38577,32.72764],[35.38417,32.72456],[35.376746,32.724132],[35.38274,32.72419],[35.37627,32.71871],[35.37703,32.7136],[35.3794,32.71075],[35.37736,32.70802],[35.38206,32.7046],[35.3834,32.7025],[35.37848,32.69982],[35.37297,32.69856],[35.36945,32.70063],[35.3683,32.69945],[35.36363,32.69818],[35.3643,32.6967],[35.36335,32.69605],[35.36184,32.69675],[35.36062,32.69625],[35.35836,32.69764],[35.35402,32.69422],[35.35108,32.69374],[35.35051,32.69543],[35.35032,32.69314],[35.35217,32.68483],[35.34424,32.68117],[35.34215,32.68113],[35.33572,32.68876],[35.32695,32.68918],[35.3207,32.69197],[35.320663,32.691979],[35.32659,32.68906],[35.3218,32.68744],[35.31966,32.68748],[35.31782,32.68597],[35.31781,32.68483]],[[35.31222,32.69033],[35.31782,32.68597],[35.312321,32.69037],[35.31222,32.69033]],[[35.30609,32.6913],[35.306296,32.691186],[35.30587,32.69498],[35.30609,32.6913]],[[35.315599,32.703205],[35.31401,32.70263],[35.31244,32.701],[35.315599,32.703205]],[[35.32961,32.71195],[35.32971,32.71192],[35.32621,32.7154],[35.32961,32.71195]],[[35.31591,32.69301],[35.31763,32.69268],[35.31285,32.69372],[35.31591,32.69301]],[[35.313465,32.694903],[35.312166,32.692767],[35.31285,32.69372],[35.313465,32.694903]],[[35.316282,32.708744],[35.31625,32.70878],[35.31311,32.70907],[35.312855,32.708858],[35.316282,32.708744]],[[35.319306,32.706202],[35.320096,32.708077],[35.31909,32.70685],[35.319306,32.706202]],[[35.319279,32.70522],[35.32221,32.70548],[35.31957,32.70541],[35.319279,32.70522]],[[35.3238,32.70372],[35.323799,32.703711],[35.324432,32.70377],[35.3195,32.70424],[35.3238,32.70372]],[[35.319065,32.701028],[35.31974,32.70109],[35.321319,32.701682],[35.319065,32.701028]],[[35.314072,32.69863],[35.314066,32.69863],[35.313819,32.695584],[35.31389,32.69572],[35.314072,32.69863]],[[35.307264,32.690647],[35.3076,32.69046],[35.307723,32.69049],[35.307264,32.690647]],[[35.308545,32.690688],[35.31112,32.69131],[35.311284,32.691538],[35.308545,32.690688]],[[35.318729,32.70093],[35.31797,32.70071],[35.317406,32.700183],[35.318729,32.70093]],[[35.333301,32.707608],[35.32719,32.70811],[35.327114,32.70807],[35.333296,32.707606],[35.333301,32.707608]],[[35.33634,32.71025],[35.334377,32.708203],[35.33439,32.70821],[35.33634,32.71025]],[[35.330601,32.71165],[35.33301,32.71092],[35.33634,32.71025],[35.330601,32.71165]],[[35.33697,32.70816],[35.3417,32.70526],[35.3452,32.70424],[35.34697,32.70682],[35.35387,32.70821],[35.35627,32.70704],[35.35712,32.70461],[35.35789,32.70487],[35.35958,32.70623],[35.35831,32.71016],[35.35962,32.71136],[35.35943,32.71429],[35.36108,32.71656],[35.36182,32.71607],[35.3635,32.71728],[35.36318,32.71891],[35.36807,32.71961],[35.36714,32.72211],[35.36762,32.72388],[35.376535,32.72413],[35.37529,32.72655],[35.37446,32.7264],[35.37316,32.72813],[35.36907,32.72884],[35.3671,32.73067],[35.36357,32.73214],[35.35992,32.73107],[35.35794,32.72875],[35.3511,32.72776],[35.34597,32.72581],[35.34648,32.72514],[35.345462,32.724371],[35.34583,32.7245],[35.34639,32.72224],[35.34524,32.7225],[35.3414,32.72102],[35.34355,32.71914],[35.34291,32.71601],[35.34095,32.71591],[35.34043,32.71482],[35.34199,32.70985],[35.34095,32.7091],[35.33439,32.70821],[35.33697,32.70816]],[[35.32528,32.70385],[35.32698,32.706],[35.325057,32.703829],[35.32528,32.70385]],[[35.321206,32.708466],[35.32027,32.70829],[35.320235,32.708247],[35.321206,32.708466]],[[35.322742,32.708814],[35.32277,32.70882],[35.32493,32.7125],[35.32475,32.712821],[35.322742,32.708814]],[[35.325259,32.71294],[35.32493,32.71318],[35.324871,32.713062],[35.325259,32.71294]],[[35.32707,32.710451],[35.32693,32.71172],[35.326427,32.712087],[35.32707,32.710451]],[[35.3274,32.70961],[35.33141,32.70971],[35.327357,32.70972],[35.3274,32.70961]],[[35.331107,32.726124],[35.33616,32.72573],[35.33139,32.72629],[35.331107,32.726124]]],[[[35.28958,32.68975],[35.28828,32.69092],[35.28929,32.69251],[35.29212,32.6921],[35.28983,32.68675],[35.2871,32.68738],[35.28958,32.68975]]],[[[35.30355,32.75578],[35.30358,32.75466],[35.30511,32.75335],[35.30458,32.75232],[35.3055,32.74912],[35.30718,32.74687],[35.30627,32.74421],[35.30361,32.74636],[35.30442,32.74959],[35.3024,32.75282],[35.30264,32.75559],[35.30355,32.75578]]],[[[35.31264,32.76618],[35.31195,32.76424],[35.31248,32.7641],[35.31454,32.76605],[35.31823,32.7661],[35.32033,32.76442],[35.32144,32.76224],[35.31999,32.75878],[35.32266,32.75872],[35.32491,32.75526],[35.32467,32.75449],[35.3276,32.75357],[35.32539,32.75189],[35.32181,32.75119],[35.31825,32.75243],[35.31873,32.75174],[35.318,32.7513],[35.31799,32.74949],[35.31701,32.74935],[35.31799,32.75206],[35.31431,32.75589],[35.31289,32.75505],[35.31207,32.7522],[35.30919,32.75287],[35.30614,32.75554],[35.30532,32.75875],[35.30411,32.75874],[35.3017,32.76052],[35.29903,32.76021],[35.29168,32.76566],[35.28973,32.7693],[35.29644,32.76892],[35.30078,32.76901],[35.30578,32.76753],[35.30684,32.76889],[35.30836,32.76862],[35.31264,32.76618]]]]}},{"type":"Feature","id":1063,"properties":{"y":1063,"b":1,"r":12.3,"n":277,"p":22521,"nm":"מעלות-תרשיחא","nmAr":null,"d":true},"geometry":{"type":"MultiPolygon","coordinates":[[[[35.29161,33.01929],[35.29149,33.01615],[35.29205,33.01525],[35.29355,33.01511],[35.29413,33.01305],[35.29261,33.01011],[35.29373,33.00917],[35.29684,33.00997],[35.29776,33.01077],[35.29688,33.01452],[35.2992,33.01559],[35.2999,33.02031],[35.30499,33.0194],[35.30596,33.01793],[35.3062,33.01147],[35.30766,33.00971],[35.30556,33.00825],[35.30499,33.00674],[35.3023,33.0079],[35.29895,33.00778],[35.29542,33.00595],[35.29344,33.00831],[35.2912,33.0094],[35.28596,33.00657],[35.28762,33.00558],[35.2853,33.0027],[35.28671,33.00215],[35.28535,33.0011],[35.28486,32.99907],[35.27959,33.00133],[35.27965,32.99943],[35.27716,32.99995],[35.27304,32.9994],[35.27074,33.00776],[35.27242,32.99962],[35.26701,33.00195],[35.26,33.00252],[35.25235,33.00792],[35.23653,33.00879],[35.2378,33.01413],[35.24465,33.01384],[35.24533,33.01455],[35.24883,33.01385],[35.25069,33.01457],[35.2514,33.01423],[35.25031,33.01418],[35.25081,33.01157],[35.25298,33.01014],[35.25557,33.01001],[35.2567,33.01033],[35.25598,33.01113],[35.25758,33.01132],[35.25736,33.00932],[35.25899,33.00879],[35.26036,33.00717],[35.26608,33.0116],[35.2657,33.01386],[35.26643,33.01486],[35.26739,33.01477],[35.26771,33.01598],[35.26621,33.01629],[35.26619,33.01757],[35.26869,33.01764],[35.26832,33.01662],[35.26956,33.01631],[35.26993,33.01726],[35.27084,33.01715],[35.27226,33.02079],[35.271983,33.021749],[35.27196,33.02174],[35.27085,33.02242],[35.26946,33.02033],[35.27083,33.02268],[35.27077,33.02462],[35.26903,33.02593],[35.26802,33.02833],[35.26874,33.02845],[35.26856,33.02936],[35.27125,33.02843],[35.2779,33.0292],[35.280042,33.02702],[35.27978,33.02627],[35.28193,33.0258],[35.28204,33.02516],[35.28712,33.02607],[35.28939,33.02414],[35.29372,33.0204],[35.29171,33.01951],[35.2898,33.01665],[35.29161,33.01929]],[[35.272605,33.013998],[35.27152,33.01209],[35.27074,33.00776],[35.272605,33.013998]],[[35.28567,33.02434],[35.28486,33.024094],[35.28939,33.02414],[35.28567,33.02434]],[[35.280202,33.017459],[35.28,33.01739],[35.27683,33.0148],[35.280202,33.017459]],[[35.28427,33.018696],[35.28387,33.01871],[35.281418,33.017874],[35.28427,33.018696]],[[35.28027,33.00681],[35.280805,33.00717],[35.27776,33.00785],[35.277494,33.00766],[35.28027,33.00681]],[[35.277022,33.007322],[35.27646,33.00692],[35.27582,33.00443],[35.277022,33.007322]],[[35.27692,33.02284],[35.276857,33.022647],[35.277244,33.022853],[35.27692,33.02284]],[[35.281976,33.023077],[35.283433,33.023659],[35.281714,33.023136],[35.28201,33.02315],[35.281976,33.023077]]],[[[35.28013,33.02693],[35.280042,33.02702],[35.28021,33.0275],[35.28013,33.02693]]]]}},{"type":"Feature","id":1066,"properties":{"y":1066,"b":1,"r":14.969,"n":103,"p":6881,"nm":"בני עיש","nmAr":null,"d":false},"geometry":{"type":"MultiPolygon","coordinates":[[[[34.76528,31.79508],[34.76269,31.79305],[34.76268,31.78984],[34.76391,31.78943],[34.76317,31.78632],[34.76405,31.78594],[34.76286,31.78221],[34.76138,31.78338],[34.7616,31.78483],[34.75892,31.78529],[34.759411,31.787628],[34.75412,31.78858],[34.75529,31.79221],[34.75859,31.79128],[34.76011,31.79207],[34.76097,31.79703],[34.76313,31.80077],[34.76685,31.795],[34.76528,31.79508]],[[34.75951,31.78761],[34.76011,31.79096],[34.759411,31.787628],[34.75951,31.78761]]]]}},{"type":"Feature","id":1113,"properties":{"y":1113,"b":0,"r":4.365,"n":53,"p":12142,"nm":"צור הדסה","nmAr":null,"d":true},"geometry":{"type":"MultiPolygon","coordinates":[[[[35.10235,31.71955],[35.10407,31.71916],[35.10181,31.71621],[35.10125,31.71232],[35.09911,31.7134],[35.09678,31.71173],[35.09344,31.71272],[35.09592,31.71429],[35.0926,31.71549],[35.09316,31.71853],[35.09416,31.7196],[35.0939,31.7206],[35.09223,31.72148],[35.09143,31.72075],[35.09094,31.7175],[35.08944,31.71616],[35.08736,31.71553],[35.08656,31.71435],[35.08531,31.7164],[35.08855,31.71967],[35.08838,31.72062],[35.09153,31.7224],[35.09427,31.72272],[35.09864,31.72023],[35.10235,31.71955]]]]}},{"type":"Feature","id":1137,"properties":{"y":1137,"b":0,"r":6.407,"n":42,"p":6555,"nm":"קריית יערים","nmAr":null,"d":false},"geometry":{"type":"MultiPolygon","coordinates":[[[[35.0913,31.80126],[35.09156,31.80267],[35.09304,31.80407],[35.09964,31.80372],[35.10309,31.80633],[35.104,31.80531],[35.10501,31.80622],[35.10573,31.80583],[35.1066,31.80392],[35.10726,31.80392],[35.10412,31.8017],[35.0913,31.80126]]],[[[35.10135,31.80903],[35.10179,31.80997],[35.10274,31.80946],[35.1031,31.80667],[35.10135,31.80903]]]]}},{"type":"Feature","id":1139,"properties":{"y":1139,"b":2,"r":15.005,"n":710,"p":47317,"nm":"כרמיאל","nmAr":null,"d":true},"geometry":{"type":"MultiPolygon","coordinates":[[[[35.30154,32.89488],[35.30111,32.89431],[35.29796,32.89306],[35.29591,32.89342],[35.29497,32.89597],[35.29362,32.89647],[35.28945,32.89526],[35.28875,32.89433],[35.28526,32.89528],[35.28415,32.89317],[35.28257,32.89266],[35.27918,32.89506],[35.27657,32.8937],[35.27476,32.89385],[35.27255,32.89588],[35.27062,32.89661],[35.269,32.89599],[35.2688,32.89844],[35.26757,32.90017],[35.26821,32.90109],[35.26594,32.90112],[35.26483,32.90213],[35.26539,32.90363],[35.26189,32.90418],[35.26048,32.9082],[35.2631,32.90921],[35.26275,32.911],[35.26415,32.91275],[35.26162,32.91457],[35.26409,32.91421],[35.26425,32.91586],[35.26555,32.91667],[35.26772,32.91599],[35.26768,32.91741],[35.26975,32.91862],[35.26966,32.91953],[35.27629,32.92175],[35.27998,32.92272],[35.29257,32.92527],[35.30093,32.92411],[35.301071,32.923857],[35.30633,32.92377],[35.31372,32.92711],[35.32435,32.92868],[35.32869,32.93066],[35.33882,32.93015],[35.34356,32.93222],[35.34497,32.92898],[35.34611,32.92916],[35.34832,32.92767],[35.35468,32.92812],[35.35614,32.92664],[35.35545,32.92493],[35.35702,32.92385],[35.36192,32.92517],[35.36286,32.92422],[35.36215,32.92399],[35.36022,32.91943],[35.35851,32.92001],[35.35849,32.91847],[35.35356,32.91844],[35.35277,32.917],[35.3472,32.91769],[35.34743,32.91537],[35.34622,32.9137],[35.34698,32.91237],[35.34659,32.91104],[35.34438,32.91175],[35.34477,32.91238],[35.34234,32.91212],[35.34278,32.91326],[35.33688,32.91368],[35.33605,32.91194],[35.33373,32.9103],[35.32565,32.91189],[35.32347,32.90863],[35.32207,32.90906],[35.32187,32.91065],[35.31848,32.90921],[35.31716,32.90687],[35.31647,32.90329],[35.31427,32.90585],[35.31315,32.90492],[35.31584,32.90075],[35.31795,32.90072],[35.31713,32.8994],[35.31397,32.89696],[35.30995,32.89569],[35.30695,32.89611],[35.30597,32.89789],[35.30642,32.89944],[35.30302,32.90052],[35.29905,32.90025],[35.29425,32.90359],[35.29986,32.89907],[35.30154,32.89488]],[[35.29316,32.9086],[35.294,32.90646],[35.292374,32.911575],[35.29211,32.91143],[35.29316,32.9086]],[[35.29119,32.90599],[35.29412,32.90457],[35.294128,32.90457],[35.29119,32.90599]],[[35.27776,32.91148],[35.28063,32.91975],[35.277725,32.911426],[35.27776,32.91148]],[[35.276921,32.910188],[35.271862,32.90299],[35.27244,32.90329],[35.276921,32.910188]],[[35.28395,32.90721],[35.28443,32.9092],[35.28898,32.90785],[35.289392,32.907924],[35.280891,32.910523],[35.28439,32.90917],[35.28395,32.90721]],[[35.284611,32.906419],[35.284596,32.90642],[35.28483,32.906133],[35.284611,32.906419]],[[35.286186,32.904368],[35.286124,32.902705],[35.28621,32.90276],[35.2863,32.90422],[35.286186,32.904368]],[[35.298907,32.922],[35.30241,32.92145],[35.29887,32.92224],[35.298907,32.922]],[[35.30306,32.91718],[35.30274,32.92118],[35.302064,32.922072],[35.30241,32.92145],[35.30306,32.91718]],[[35.29752,32.9195],[35.297675,32.919624],[35.29368,32.92122],[35.29752,32.9195]],[[35.29186,32.92069],[35.291932,32.920372],[35.29368,32.92122],[35.29186,32.92069]],[[35.292804,32.919502],[35.292005,32.920051],[35.29208,32.91972],[35.292804,32.919502]],[[35.29978,32.91742],[35.29729,32.9167],[35.297276,32.916451],[35.29978,32.91742]],[[35.297083,32.914173],[35.29716,32.91421],[35.29787,32.9127],[35.297225,32.915544],[35.29715,32.91421],[35.297083,32.914173]],[[35.30073,32.91103],[35.297624,32.909351],[35.29762,32.9093],[35.30073,32.91103]],[[35.3042,32.90257],[35.30488,32.90695],[35.304172,32.902521],[35.3042,32.90257]],[[35.2991,32.92076],[35.301092,32.919912],[35.30116,32.92004],[35.2991,32.92076]],[[35.307203,32.920807],[35.31126,32.91684],[35.30766,32.92065],[35.307203,32.920807]]]]}},{"type":"Feature","id":1161,"properties":{"y":1161,"b":2,"r":18.643,"n":1474,"p":79065,"nm":"רהט","nmAr":null,"d":true},"geometry":{"type":"MultiPolygon","coordinates":[[[[34.76678,31.37353],[34.76267,31.37334],[34.7601,31.37176],[34.75861,31.37327],[34.75697,31.3718],[34.75603,31.37205],[34.75583,31.37333],[34.75403,31.37304],[34.75252,31.37083],[34.75118,31.37086],[34.74961,31.3721],[34.749,31.36901],[34.74806,31.36978],[34.74639,31.36952],[34.74648,31.37106],[34.74342,31.37076],[34.74403,31.36906],[34.74142,31.36741],[34.74357,31.36479],[34.73554,31.36691],[34.73418,31.37308],[34.73106,31.37487],[34.73125,31.37795],[34.72982,31.38165],[34.72042,31.38287],[34.72068,31.38374],[34.7182,31.38491],[34.71733,31.38332],[34.71593,31.38388],[34.71565,31.38336],[34.71121,31.38511],[34.7124,31.38827],[34.72055,31.38467],[34.72273,31.38724],[34.72021,31.38667],[34.71975,31.38815],[34.72053,31.3894],[34.72194,31.38925],[34.72208,31.38985],[34.7243,31.38911],[34.72537,31.38985],[34.72617,31.38917],[34.72458,31.38714],[34.72904,31.38722],[34.73151,31.38878],[34.73033,31.38939],[34.73136,31.39082],[34.73314,31.39329],[34.73458,31.39254],[34.73696,31.39577],[34.74043,31.39967],[34.74878,31.40267],[34.74973,31.40487],[34.752465,31.40614],[34.74825,31.40861],[34.74684,31.41107],[34.74731,31.41135],[34.74869,31.40887],[34.75314,31.40633],[34.75679,31.40735],[34.75997,31.40725],[34.77497,31.40136],[34.78044,31.39949],[34.783,31.40248],[34.78715,31.40397],[34.78843,31.407],[34.78858,31.3922],[34.79011,31.38392],[34.78695,31.38315],[34.78617,31.38197],[34.78362,31.38256],[34.78184,31.38155],[34.78249,31.37443],[34.78361,31.37117],[34.77205,31.36754],[34.76744,31.36971],[34.76656,31.37123],[34.7677,31.37611],[34.767584,31.37692],[34.76678,31.37353]],[[34.76201,31.38347],[34.76368,31.38459],[34.763667,31.384633],[34.76201,31.38347]],[[34.767428,31.378014],[34.76733,31.3787],[34.766886,31.379098],[34.767428,31.378014]],[[34.742963,31.389323],[34.74572,31.39075],[34.75151,31.39368],[34.7432,31.38949],[34.742963,31.389323]],[[34.75625,31.396547],[34.75583,31.39721],[34.755693,31.397098],[34.75625,31.396547]],[[34.75578,31.40041],[34.755575,31.400965],[34.75583,31.39721],[34.75578,31.40041]],[[34.75943,31.3934],[34.760075,31.393293],[34.758198,31.394619],[34.75943,31.3934]],[[34.75518,31.39338],[34.7547,31.393076],[34.75943,31.3934],[34.75518,31.39338]],[[34.75319,31.39212],[34.7489,31.38661],[34.754508,31.392954],[34.75319,31.39212]],[[34.74664,31.38559],[34.74645,31.38496],[34.749165,31.386626],[34.7489,31.38661],[34.74664,31.38559]],[[34.76318,31.38622],[34.763476,31.386476],[34.762915,31.38628],[34.76318,31.38622]],[[34.73874,31.38535],[34.740534,31.387616],[34.740169,31.387359],[34.74019,31.38736],[34.73874,31.38535]],[[34.73465,31.38441],[34.732662,31.383274],[34.73874,31.38535],[34.73465,31.38441]],[[34.73912,31.38304],[34.733208,31.383007],[34.741968,31.382344],[34.73912,31.38304]],[[34.743238,31.382471],[34.742841,31.382278],[34.74308,31.38226],[34.743238,31.382471]],[[34.761353,31.393081],[34.76136,31.39308],[34.76107,31.38938],[34.761382,31.39308],[34.761353,31.393081]],[[34.76779,31.392781],[34.772859,31.393548],[34.77268,31.39362],[34.767772,31.392842],[34.76781,31.39284],[34.76779,31.392781]],[[34.76629,31.38891],[34.766437,31.389305],[34.765752,31.388445],[34.76629,31.38891]]]]}},{"type":"Feature","id":1167,"properties":{"y":1167,"b":2,"r":19.51,"n":117,"p":5997,"nm":"קיסריה","nmAr":null,"d":false},"geometry":{"type":"MultiPolygon","coordinates":[[[[34.91317,32.51722],[34.91185,32.51065],[34.91812,32.49607],[34.91852,32.4928],[34.91773,32.48981],[34.91305,32.48434],[34.90905,32.48625],[34.90031,32.48548],[34.89885,32.48608],[34.90122,32.49045],[34.90345,32.49026],[34.90383,32.49976],[34.90499,32.50244],[34.90378,32.50553],[34.89744,32.51151],[34.90097,32.51958],[34.90281,32.52128],[34.90192,32.52194],[34.90317,32.52807],[34.90593,32.5301],[34.90779,32.53044],[34.91528,32.52886],[34.91317,32.51722]]]]}},{"type":"Feature","id":1192,"properties":{"y":1192,"b":2,"r":23.306,"n":475,"p":20381,"nm":"ערערה-בנגב","nmAr":null,"d":true},"geometry":{"type":"MultiPolygon","coordinates":[[[[35.02991,31.14174],[35.02821,31.14026],[34.99479,31.14014],[34.9874,31.14733],[35.00041,31.15359],[34.99757,31.15956],[35.00358,31.16468],[35.00281,31.1676],[35.00428,31.17525],[35.00722,31.17472],[35.01658,31.17023],[35.02544,31.17008],[35.02939,31.17001],[35.02951,31.16725],[35.04522,31.16734],[35.04852,31.15831],[35.03948,31.15029],[35.02991,31.14174]],[[35.02521,31.16628],[35.025553,31.165892],[35.02544,31.17008],[35.02521,31.16628]]]]}},{"type":"Feature","id":1200,"properties":{"y":1200,"b":1,"r":11.022,"n":1093,"p":99169,"nm":"מודיעין-מכבים-רעות*","nmAr":null,"d":true},"geometry":{"type":"MultiPolygon","coordinates":[[[[34.98389,31.8781],[34.97857,31.87906],[34.97617,31.87728],[34.97366,31.87307],[34.97685,31.86775],[34.97393,31.86584],[34.95634,31.87575],[34.94192,31.89124],[34.94018,31.8938],[34.93853,31.89861],[34.93546,31.90903],[34.9357,31.91058],[34.93672,31.91292],[34.94087,31.91356],[34.94169,31.91432],[34.94458,31.91164],[34.9473,31.9112],[34.94774,31.91047],[34.95041,31.91126],[34.95093,31.91445],[34.95342,31.91686],[34.95652,31.91806],[34.95885,31.92282],[34.96066,31.92369],[34.96301,31.92805],[34.96436,31.9282],[34.96383,31.93175],[34.96664,31.93192],[34.96944,31.93032],[34.97409,31.93276],[34.98176,31.93061],[34.98615,31.93185],[34.99054,31.93213],[34.99378,31.92799],[35.00206,31.92488],[35.00098,31.92421],[35.00209,31.92486],[35.0152,31.91525],[35.01695,31.91111],[35.01925,31.9069],[35.02598,31.90285],[35.03541,31.90201],[35.03888,31.9028],[35.03841,31.89784],[35.03919,31.89414],[35.03801,31.88794],[35.03915,31.88587],[35.039,31.88432],[35.03823,31.87726],[35.03746,31.87638],[35.03729,31.87049],[35.0362,31.86723],[35.02964,31.87094],[35.02575,31.86856],[35.01804,31.86176],[35.0119,31.86015],[35.00788,31.85993],[35.00607,31.86055],[35.00147,31.85807],[34.99918,31.85898],[35.00178,31.86266],[35.00164,31.86699],[34.99436,31.8738],[34.99183,31.87485],[34.98389,31.8781]],[[35.014473,31.909609],[35.01517,31.90971],[35.01695,31.91111],[35.014473,31.909609]],[[34.999399,31.881974],[35.00707,31.88566],[34.99997,31.8825],[34.999399,31.881974]],[[34.99843,31.88108],[34.998426,31.881086],[34.997813,31.879357],[34.998968,31.881576],[34.99843,31.88108]],[[34.996261,31.876632],[34.99643,31.8767],[34.99653,31.876891],[34.996261,31.876632]],[[35.01261,31.91113],[35.013529,31.909473],[35.014109,31.909557],[35.01261,31.91113]],[[35.00817,31.90965],[35.01351,31.90947],[35.013514,31.909471],[35.00817,31.90965]],[[35.00572,31.9084],[35.00559,31.908053],[35.00817,31.90965],[35.00572,31.9084]],[[35.00472,31.90573],[35.004956,31.903374],[35.005176,31.906947],[35.00472,31.90573]],[[35.00501,31.89918],[35.00625,31.89902],[35.005022,31.899561],[35.00501,31.89918]],[[35.00659,31.89746],[35.00323,31.895776],[35.00826,31.89801],[35.009825,31.898878],[35.009819,31.898886],[35.00665,31.89757],[35.00625,31.89902],[35.00659,31.89746]],[[35.0069,31.89466],[35.007187,31.894344],[35.007065,31.894774],[35.0069,31.89466]],[[35.00769,31.89379],[35.009599,31.893734],[35.00952,31.89384],[35.007531,31.893965],[35.00769,31.89379]],[[35.010488,31.892155],[35.010384,31.89276],[35.01035,31.89273],[35.010488,31.892155]],[[35.011177,31.889285],[35.01123,31.88938],[35.010999,31.890026],[35.011177,31.889285]],[[35.01003,31.887927],[35.01021,31.88774],[35.010221,31.887564],[35.010956,31.888886],[35.01003,31.887927]],[[35.001831,31.918437],[35.0031,31.92261],[35.0018,31.91851],[35.001831,31.918437]],[[34.9975,31.91609],[34.997427,31.9157],[35.002981,31.916857],[35.001881,31.918319],[35.00239,31.91712],[34.9975,31.91609]],[[34.994324,31.913403],[34.99571,31.91352],[34.99881,31.914249],[34.9974,31.91434],[34.997283,31.914925],[34.99715,31.91421],[34.994324,31.913403]],[[34.992854,31.90368],[34.99056,31.90775],[34.99273,31.9037],[34.992854,31.90368]],[[34.999411,31.902977],[34.998821,31.902698],[34.99905,31.90266],[34.999411,31.902977]],[[34.99719,31.90852],[35.000525,31.903955],[35.000528,31.903958],[34.99719,31.90852]],[[34.998064,31.881654],[34.996733,31.883741],[34.99683,31.88313],[34.998064,31.881654]],[[34.996636,31.884348],[34.996997,31.885086],[34.99657,31.88476],[34.996636,31.884348]],[[35.000564,31.888206],[35.00092,31.88847],[35.000943,31.888847],[35.000564,31.888206]],[[35.001125,31.891816],[35.001237,31.893642],[35.00101,31.89337],[35.001125,31.891816]],[[35.002713,31.895413],[35.002938,31.895629],[35.00286,31.89559],[35.002713,31.895413]],[[35.00162,31.9116],[35.00003,31.91417],[34.999755,31.914188],[35.00162,31.9116]],[[35.01557,31.89689],[35.012179,31.896066],[35.01232,31.89589],[35.01557,31.89689]],[[35.024872,31.894564],[35.02093,31.89608],[35.024872,31.894564],[35.024872,31.894564]],[[35.02436,31.88876],[35.02454,31.88551],[35.024691,31.884901],[35.024418,31.889318],[35.02436,31.88876]],[[35.02522,31.882768],[35.025359,31.882207],[35.02559,31.88231],[35.02522,31.882768]],[[35.01829,31.88051],[35.019821,31.880633],[35.018242,31.880613],[35.01829,31.88051]],[[35.021296,31.880752],[35.02226,31.88083],[35.024837,31.881975],[35.02404,31.88205],[35.021296,31.880752]],[[35.01544,31.90594],[35.01351,31.90375],[35.01009,31.90246],[35.009913,31.902232],[35.01302,31.90323],[35.016424,31.906188],[35.01544,31.90594]],[[35.00943,31.90873],[35.009047,31.908565],[35.010435,31.90853],[35.00943,31.90873]],[[35.01123,31.90639],[35.01022,31.90745],[35.011211,31.906225],[35.01123,31.90639]],[[35.011003,31.904415],[35.011131,31.905524],[35.01087,31.90445],[35.011003,31.904415]]]]}},{"type":"Feature","id":1224,"properties":{"y":1224,"b":0,"r":4.679,"n":42,"p":8976,"nm":"כוכב יאיר","nmAr":null,"d":true},"geometry":{"type":"MultiPolygon","coordinates":[[[[34.99043,32.20958],[34.98892,32.20758],[34.98733,32.20712],[34.98496,32.20848],[34.98259,32.20919],[34.98405,32.21059],[34.98488,32.21292],[34.98392,32.21408],[34.98125,32.21508],[34.98223,32.21719],[34.97953,32.21832],[34.98105,32.2205],[34.98301,32.21964],[34.988833,32.21954],[34.98734,32.22162],[34.98761,32.22237],[34.99282,32.22258],[34.9913,32.22446],[34.99242,32.22545],[34.99584,32.22622],[34.99324,32.22765],[34.99328,32.22866],[34.99572,32.22936],[34.9985,32.22837],[34.99959,32.22917],[34.99665,32.23245],[35.00221,32.23232],[35.0045,32.23058],[35.00559,32.23063],[35.00619,32.23094],[35.00519,32.233],[35.00841,32.23313],[35.01015,32.23216],[35.01083,32.23057],[35.00178,32.22132],[34.99998,32.21965],[34.998343,32.219632],[34.99994,32.21961],[34.99142,32.2129],[34.99043,32.20958]],[[34.99008,32.21562],[34.990121,32.215573],[34.990553,32.216015],[34.99008,32.21562]],[[35.00109,32.22273],[34.998341,32.22591],[34.9983,32.22584],[35.00109,32.22273]]]]}},{"type":"Feature","id":1247,"properties":{"y":1247,"b":1,"r":13.481,"n":450,"p":33380,"nm":"קציר-חריש","nmAr":null,"d":false},"geometry":{"type":"MultiPolygon","coordinates":[[[[35.06231,32.45064],[35.06385,32.45569],[35.06143,32.45832],[35.06165,32.45412],[35.06085,32.45316],[35.05788,32.45342],[35.05441,32.45504],[35.05013,32.45305],[35.05001,32.4549],[35.04578,32.45563],[35.04489,32.4538],[35.0406,32.45223],[35.03772,32.45393],[35.03629,32.45983],[35.03389,32.46339],[35.03466,32.46718],[35.03599,32.46509],[35.0377,32.46561],[35.03869,32.47206],[35.04011,32.47074],[35.04701,32.46991],[35.05143,32.46688],[35.05137,32.46224],[35.05344,32.46228],[35.05445,32.463],[35.05397,32.46355],[35.05542,32.46433],[35.05783,32.46329],[35.05853,32.46432],[35.06058,32.46397],[35.06057,32.46489],[35.06125,32.46456],[35.06304,32.46573],[35.06247,32.46602],[35.06264,32.46804],[35.0633,32.46798],[35.06429,32.47],[35.06357,32.47032],[35.06385,32.47098],[35.06888,32.47125],[35.0704,32.47245],[35.07288,32.47594],[35.07485,32.48233],[35.07633,32.48362],[35.08575,32.48408],[35.08788,32.4822],[35.08993,32.48234],[35.09475,32.48394],[35.0938,32.4869],[35.0963,32.4896],[35.10792,32.49133],[35.11061,32.49063],[35.11152,32.48885],[35.11664,32.48827],[35.11597,32.48644],[35.11926,32.48609],[35.11932,32.48472],[35.12344,32.48336],[35.12291,32.48221],[35.11315,32.47911],[35.11352,32.48303],[35.11429,32.48364],[35.11186,32.48474],[35.11303,32.48267],[35.11196,32.48151],[35.11193,32.48017],[35.10878,32.47775],[35.10637,32.47885],[35.10252,32.47845],[35.10128,32.48149],[35.09099,32.47805],[35.08978,32.47974],[35.0897,32.48155],[35.08878,32.48161],[35.08849,32.48002],[35.08449,32.47967],[35.08382,32.47874],[35.07575,32.48024],[35.07396,32.46969],[35.07597,32.46866],[35.07652,32.46652],[35.07813,32.46684],[35.07894,32.46484],[35.07202,32.45723],[35.07301,32.45596],[35.07258,32.45461],[35.06695,32.45178],[35.06534,32.44944],[35.06231,32.45064]],[[35.05366,32.46124],[35.05237,32.4599],[35.0516,32.46025],[35.05402,32.45885],[35.05333,32.46021],[35.05411,32.46007],[35.05438,32.46235],[35.05344,32.46228],[35.05366,32.46124]],[[35.06923,32.4597],[35.07196,32.46281],[35.07079,32.46479],[35.0686,32.46459],[35.0675,32.46056],[35.06825,32.4595],[35.06923,32.4597]]]]}},{"type":"Feature","id":1263,"properties":{"y":1263,"b":0,"r":4.675,"n":26,"p":5562,"nm":"כפר ורדים","nmAr":null,"d":false},"geometry":{"type":"MultiPolygon","coordinates":[[[[35.27265,33.00004],[35.2743,32.99912],[35.27716,32.99995],[35.27894,32.99922],[35.27965,32.99943],[35.27964,33.00153],[35.2821,33.00042],[35.2822,32.99796],[35.28384,32.99363],[35.27952,32.99238],[35.27776,32.98935],[35.27484,32.98924],[35.27456,32.99056],[35.2704,32.9902],[35.26537,32.99164],[35.26391,32.99133],[35.26032,32.99272],[35.25305,32.9927],[35.24575,32.99392],[35.24477,32.99501],[35.24454,32.99916],[35.24369,32.99936],[35.24347,33.00095],[35.24486,33.00126],[35.24448,33.00369],[35.23897,33.00328],[35.23748,33.00591],[35.23863,33.00641],[35.23827,33.00826],[35.24083,33.00867],[35.25235,33.00792],[35.26,33.00252],[35.2669,33.00198],[35.271,32.99984],[35.27265,33.00004]]]]}},{"type":"Feature","id":1268,"properties":{"y":1268,"b":1,"r":10.688,"n":117,"p":10947,"nm":"מיתר","nmAr":null,"d":false},"geometry":{"type":"MultiPolygon","coordinates":[[[[35.02119,31.35374],[35.01884,31.35346],[35.01788,31.35166],[35.01947,31.34566],[35.02308,31.34214],[35.0225,31.34013],[35.02017,31.3405],[35.02069,31.33808],[35.01854,31.33497],[35.01952,31.3325],[35.01651,31.32421],[35.01751,31.32282],[35.01541,31.31925],[35.00977,31.31831],[35.00441,31.31437],[34.99023,31.31145],[34.98749,31.3077],[34.98279,31.30405],[34.96651,31.30521],[34.96622,31.30456],[34.96346,31.30457],[34.96011,31.30282],[34.95374,31.30391],[34.94229,31.31052],[34.9406,31.3106],[34.93744,31.31426],[34.92505,31.30853],[34.91751,31.30215],[34.91617,31.29927],[34.91019,31.30107],[34.90167,31.30789],[34.9101,31.3145],[34.90725,31.31711],[34.90579,31.32027],[34.90432,31.31937],[34.90348,31.32039],[34.90179,31.32039],[34.8852,31.32984],[34.88633,31.33135],[34.88697,31.33489],[34.88846,31.33536],[34.89035,31.33364],[34.89046,31.33708],[34.8929,31.33708],[34.89421,31.33898],[34.89601,31.33964],[34.89605,31.34405],[34.89815,31.3446],[34.89999,31.34766],[34.90274,31.34813],[34.90316,31.34919],[34.902434,31.350191],[34.9032,31.34943],[34.90749,31.34955],[34.90668,31.34439],[34.91459,31.34095],[34.91746,31.34605],[34.91818,31.34537],[34.91457,31.34004],[34.91171,31.3333],[34.90571,31.32421],[34.90698,31.31846],[34.91044,31.31481],[34.91702,31.32036],[34.92228,31.32735],[34.92454,31.32882],[34.92825,31.33731],[34.93232,31.34099],[34.93313,31.3464],[34.94024,31.34658],[34.94701,31.35003],[34.95536,31.35044],[34.9502,31.34762],[34.94983,31.34541],[34.95035,31.343],[34.95953,31.33201],[34.9571,31.32565],[34.96601,31.31848],[34.97641,31.3163],[34.97734,31.31806],[34.98059,31.32051],[34.98,31.32348],[34.98493,31.32161],[34.98863,31.32343],[34.99014,31.32287],[34.99043,31.32187],[34.99157,31.32199],[34.99329,31.32561],[34.99711,31.32794],[34.99799,31.33205],[34.99521,31.33179],[34.98409,31.33512],[34.98221,31.35172],[34.98789,31.35245],[34.99984,31.35675],[35.024,31.35915],[35.02331,31.35752],[35.02125,31.35668],[35.02119,31.35374]]],[[[34.902434,31.350191],[34.902217,31.350407],[34.90229,31.35039],[34.902434,31.350191]]],[[[34.90156,31.35106],[34.902217,31.350407],[34.89975,31.35098],[34.90156,31.35106]]]]}},{"type":"Feature","id":1271,"properties":{"y":1271,"b":1,"r":9.974,"n":72,"p":7219,"nm":"להבים","nmAr":null,"d":false},"geometry":{"type":"MultiPolygon","coordinates":[[[[34.79868,31.3558],[34.79768,31.37263],[34.80235,31.37329],[34.81236,31.37666],[34.81635,31.37684],[34.8208,31.37538],[34.829,31.36936],[34.82723,31.36748],[34.8249,31.36674],[34.8216,31.36223],[34.82152,31.35908],[34.82952,31.34825],[34.81617,31.34842],[34.81605,31.35435],[34.80986,31.35368],[34.80377,31.35589],[34.8024,31.35714],[34.80093,31.35687],[34.80104,31.34862],[34.79798,31.34869],[34.79868,31.3558]]]]}},{"type":"Feature","id":1286,"properties":{"y":1286,"b":2,"r":18.581,"n":233,"p":12540,"nm":"שגב-שלום","nmAr":null,"d":false},"geometry":{"type":"MultiPolygon","coordinates":[[[[34.84608,31.22115],[34.8413,31.21026],[34.84535,31.20786],[34.84785,31.203],[34.84789,31.19158],[34.84979,31.19053],[34.84985,31.18497],[34.843,31.1805],[34.83692,31.18051],[34.83471,31.18279],[34.83466,31.18624],[34.83082,31.18936],[34.83081,31.19429],[34.82846,31.19469],[34.82849,31.19595],[34.83247,31.19671],[34.83248,31.21043],[34.83133,31.21101],[34.83476,31.21681],[34.83721,31.22307],[34.84608,31.22115]]]]}},{"type":"Feature","id":1290,"properties":{"y":1290,"b":1,"r":9.387,"n":70,"p":7457,"nm":"זמר","nmAr":null,"d":false},"geometry":{"type":"MultiPolygon","coordinates":[[[[35.04206,32.35054],[35.03953,32.34908],[35.035,32.34875],[35.03473,32.34701],[35.03334,32.34723],[35.03322,32.34643],[35.02859,32.34688],[35.02504,32.35302],[35.0191,32.35479],[35.02072,32.35765],[35.02027,32.35924],[35.01545,32.35887],[35.01432,32.37092],[35.01808,32.37153],[35.01723,32.37202],[35.0177,32.3751],[35.02367,32.37345],[35.02511,32.37602],[35.02768,32.3725],[35.02924,32.37219],[35.02879,32.37348],[35.03014,32.37433],[35.02996,32.37538],[35.03196,32.37616],[35.03909,32.3767],[35.0422,32.3778],[35.04946,32.37631],[35.05145,32.36744],[35.05041,32.36503],[35.05085,32.36428],[35.0487,32.35984],[35.04564,32.35869],[35.04453,32.35906],[35.04108,32.35528],[35.04206,32.35054]]]]}},{"type":"Feature","id":1292,"properties":{"y":1292,"b":2,"r":17.532,"n":379,"p":21617,"nm":"ג'דיידה-מכר","nmAr":null,"d":true},"geometry":{"type":"MultiPolygon","coordinates":[[[[35.15772,32.91763],[35.15415,32.9196],[35.14484,32.92228],[35.14366,32.92289],[35.14415,32.92578],[35.13765,32.92584],[35.13734,32.92471],[35.13329,32.92584],[35.13799,32.92977],[35.12878,32.92214],[35.13271,32.92036],[35.1297,32.91751],[35.12877,32.91433],[35.1211,32.9154],[35.12192,32.91742],[35.12131,32.91805],[35.12192,32.92082],[35.12627,32.92011],[35.12888,32.92238],[35.121,32.92268],[35.12076,32.93087],[35.1264,32.93155],[35.12634,32.93504],[35.13031,32.93505],[35.13009,32.9482],[35.14945,32.94647],[35.15697,32.94356],[35.15689,32.94226],[35.15906,32.94228],[35.15894,32.94119],[35.16166,32.94051],[35.1638,32.94148],[35.16122,32.93435],[35.16005,32.92575],[35.15896,32.92004],[35.15772,32.91763]],[[35.141893,32.939166],[35.14328,32.93995],[35.14945,32.94647],[35.141893,32.939166]],[[35.15255,32.9273],[35.15634,32.92712],[35.15247,32.927351],[35.15255,32.9273]],[[35.14011,32.93641],[35.140628,32.937943],[35.14047,32.93779],[35.14011,32.93641]]]]}},{"type":"Feature","id":1295,"properties":{"y":1295,"b":1,"r":7.071,"n":49,"p":6930,"nm":"יאנוח-ג'ת","nmAr":null,"d":false},"geometry":{"type":"MultiPolygon","coordinates":[[[[35.24575,32.99392],[35.25305,32.9927],[35.26032,32.99272],[35.26902,32.99035],[35.27456,32.99056],[35.27484,32.98924],[35.27766,32.98935],[35.27801,32.98727],[35.28197,32.98514],[35.28009,32.98112],[35.27889,32.98169],[35.27584,32.98101],[35.26995,32.98217],[35.26479,32.97985],[35.26447,32.97866],[35.26254,32.97778],[35.2635,32.97658],[35.26599,32.97568],[35.2641,32.97177],[35.26657,32.97114],[35.25937,32.97],[35.25446,32.97016],[35.25313,32.96811],[35.25136,32.96937],[35.24675,32.9701],[35.24609,32.9677],[35.24509,32.96702],[35.24574,32.96595],[35.24264,32.96446],[35.23748,32.96558],[35.23288,32.96379],[35.23091,32.9646],[35.22855,32.96174],[35.22416,32.96457],[35.22254,32.96461],[35.22011,32.96705],[35.21888,32.9666],[35.2177,32.96732],[35.21629,32.96564],[35.21418,32.9675],[35.21151,32.9665],[35.20718,32.96723],[35.21209,32.96722],[35.21826,32.96835],[35.21771,32.96946],[35.2182,32.97189],[35.21662,32.97461],[35.21659,32.97529],[35.21754,32.97524],[35.21676,32.97671],[35.21355,32.97707],[35.21372,32.97987],[35.21227,32.98144],[35.21116,32.98562],[35.21728,32.98513],[35.21738,32.98602],[35.21957,32.98746],[35.22762,32.9874],[35.22806,32.98859],[35.23547,32.98673],[35.23686,32.98916],[35.2405,32.98698],[35.24143,32.99467],[35.24575,32.99392]]]]}},{"type":"Feature","id":1296,"properties":{"y":1296,"b":0,"r":4.445,"n":41,"p":9223,"nm":"כסרא-סמיע","nmAr":null,"d":false},"geometry":{"type":"MultiPolygon","coordinates":[[[[35.29527,32.9886],[35.29598,32.98765],[35.29517,32.98671],[35.2998,32.98628],[35.30522,32.9874],[35.30597,32.98854],[35.30911,32.98852],[35.31198,32.98677],[35.31265,32.98549],[35.31423,32.98517],[35.31411,32.98414],[35.31564,32.98279],[35.31648,32.98298],[35.31646,32.98196],[35.31916,32.98033],[35.31817,32.97919],[35.3179,32.9759],[35.31954,32.97428],[35.31916,32.97359],[35.31742,32.97356],[35.31317,32.96717],[35.31411,32.96348],[35.31318,32.96131],[35.31605,32.95909],[35.31705,32.95684],[35.3156,32.95692],[35.31417,32.9548],[35.31364,32.95583],[35.31224,32.9559],[35.31169,32.9555],[35.31251,32.95461],[35.31105,32.95402],[35.30483,32.95368],[35.30547,32.95137],[35.30469,32.95102],[35.30525,32.95006],[35.30432,32.94913],[35.29813,32.95009],[35.29023,32.95003],[35.28468,32.95136],[35.2718,32.95732],[35.27118,32.95978],[35.2735,32.96864],[35.2751,32.96802],[35.27663,32.96963],[35.27827,32.96984],[35.27882,32.97187],[35.2859,32.96916],[35.28838,32.9702],[35.28884,32.97791],[35.28668,32.98008],[35.28009,32.98112],[35.28197,32.98514],[35.27776,32.98783],[35.27766,32.98935],[35.27915,32.99203],[35.2835,32.9931],[35.28387,32.99424],[35.28582,32.99212],[35.28627,32.99269],[35.28911,32.99161],[35.29087,32.99214],[35.29092,32.99106],[35.29338,32.98843],[35.2945,32.99048],[35.29527,32.9886]]]]}},{"type":"Feature","id":1303,"properties":{"y":1303,"b":1,"r":13.899,"n":345,"p":24822,"nm":"חורה","nmAr":null,"d":false},"geometry":{"type":"MultiPolygon","coordinates":[[[[34.96234,31.30396],[34.96449,31.30214],[34.9636,31.30004],[34.96101,31.29863],[34.95519,31.29738],[34.95071,31.29854],[34.94799,31.2936],[34.9485,31.28888],[34.94758,31.28626],[34.94275,31.27894],[34.94005,31.27719],[34.93283,31.28313],[34.92909,31.28788],[34.92111,31.2937],[34.91617,31.29927],[34.91751,31.30215],[34.92505,31.30853],[34.93744,31.31426],[34.9406,31.3106],[34.94229,31.31052],[34.95273,31.30426],[34.95867,31.30281],[34.96234,31.30396]]]]}},{"type":"Feature","id":1304,"properties":{"y":1304,"b":1,"r":8.007,"n":182,"p":22731,"nm":"שוהם","nmAr":null,"d":true},"geometry":{"type":"MultiPolygon","coordinates":[[[[34.95305,31.98881],[34.95019,31.98678],[34.95099,31.98449],[34.94161,31.98257],[34.93717,31.98284],[34.9387,31.98643],[34.93685,31.98263],[34.93171,31.98417],[34.93262,31.98897],[34.93427,31.9883],[34.93855,31.99053],[34.93676,31.99151],[34.93685,31.99248],[34.93708,31.99331],[34.94049,31.99458],[34.94124,31.99951],[34.940169,31.999716],[34.93972,31.99956],[34.9392,32.00442],[34.94,32.00754],[34.95022,32.01264],[34.95306,32.01267],[34.95291,32.00705],[34.95268,32.00482],[34.95895,32.0037],[34.96486,32.00417],[34.9659,32.00277],[34.96779,32.00137],[34.96709,31.99825],[34.96799,31.99528],[34.96754,31.9926],[34.96571,31.99098],[34.95956,31.9889],[34.95689,31.98808],[34.95305,31.98881]],[[34.94453,31.98792],[34.945088,31.988387],[34.9387,31.98643],[34.94453,31.98792]],[[34.93943,31.98855],[34.94447,31.99017],[34.94187,31.99325],[34.93825,31.99118],[34.93855,31.99053],[34.93943,31.98855]],[[34.94597,31.99985],[34.944981,32.002517],[34.94495,32.00235],[34.945736,31.999749],[34.94597,31.99985]],[[34.946072,31.996515],[34.94625,31.9996],[34.94825,31.99981],[34.94597,31.99985],[34.946072,31.996515]],[[34.958921,31.991493],[34.95887,31.9917],[34.958514,31.991894],[34.958921,31.991493]],[[34.945725,31.990485],[34.945391,31.98864],[34.94563,31.98884],[34.945725,31.990485]],[[34.94527,32.0041],[34.945019,32.002729],[34.945883,32.004337],[34.94527,32.0041]]],[[[34.96214,32.01351],[34.95382,32.01379],[34.95398,32.02089],[34.96435,32.02216],[34.96587,32.0183],[34.96602,32.01455],[34.96214,32.01351]]]]}},{"type":"Feature","id":1309,"properties":{"y":1309,"b":0,"r":6.082,"n":301,"p":49488,"nm":"אלעד","nmAr":null,"d":true},"geometry":{"type":"MultiPolygon","coordinates":[[[[34.96584,32.04526],[34.96425,32.04564],[34.96182,32.04491],[34.96141,32.04595],[34.95907,32.04488],[34.95717,32.04541],[34.95608,32.04441],[34.95505,32.04476],[34.955128,32.046052],[34.95429,32.0471],[34.95258,32.04706],[34.94893,32.04424],[34.94551,32.04693],[34.94396,32.05268],[34.9437,32.05559],[34.94756,32.05376],[34.95083,32.05341],[34.95286,32.05342],[34.954174,32.052641],[34.95407,32.05277],[34.95554,32.05364],[34.95539,32.05453],[34.95311,32.05558],[34.95534,32.05836],[34.95759,32.05905],[34.95902,32.06077],[34.9644,32.0574],[34.96801,32.06051],[34.97042,32.06124],[34.96843,32.05248],[34.96785,32.04994],[34.96655,32.04422],[34.96584,32.04526]],[[34.95914,32.05302],[34.958963,32.052975],[34.96144,32.05261],[34.96195,32.05122],[34.96165,32.04836],[34.96214,32.05054],[34.96153,32.05275],[34.96843,32.05248],[34.95914,32.05302]],[[34.961533,32.048309],[34.96478,32.04766],[34.964918,32.04782],[34.96165,32.04836],[34.961533,32.048309]],[[34.9481,32.04967],[34.948178,32.04954],[34.94916,32.05179],[34.9481,32.04967]],[[34.94921,32.04783],[34.949494,32.047845],[34.948643,32.04877],[34.94921,32.04783]],[[34.95835,32.04693],[34.95636,32.04788],[34.955545,32.047961],[34.95835,32.04693]],[[34.95477,32.0519],[34.954721,32.051869],[34.955586,32.052109],[34.95477,32.0519]]]]}},{"type":"Feature","id":1319,"properties":{"y":1319,"b":0,"r":3.264,"n":17,"p":5209,"nm":"בת חפר","nmAr":null,"d":false},"geometry":{"type":"MultiPolygon","coordinates":[[[[35.0164,32.33649],[35.01584,32.32464],[35.01275,32.32576],[35.01036,32.33409],[35.01044,32.3352],[35.01117,32.33534],[35.01118,32.33763],[35.00952,32.33803],[35.01059,32.34116],[35.01498,32.34023],[35.01648,32.33902],[35.0164,32.33649]]]]}},{"type":"Feature","id":1326,"properties":{"y":1326,"b":1,"r":10.053,"n":108,"p":10743,"nm":"בסמה","nmAr":null,"d":false},"geometry":{"type":"MultiPolygon","coordinates":[[[[35.08364,32.47192],[35.0803,32.47096],[35.07992,32.47185],[35.08173,32.47249],[35.08162,32.47457],[35.08044,32.47456],[35.08001,32.47642],[35.08048,32.47892],[35.08382,32.47874],[35.08449,32.47967],[35.08849,32.48002],[35.08902,32.48163],[35.0897,32.48155],[35.08978,32.47974],[35.09099,32.47805],[35.08937,32.47776],[35.08937,32.47593],[35.09574,32.47831],[35.09859,32.47832],[35.09212,32.47607],[35.08764,32.47212],[35.08787,32.4712],[35.08407,32.46946],[35.08325,32.47041],[35.08387,32.47045],[35.08364,32.47192]],[[35.08473,32.47231],[35.08541,32.47072],[35.08671,32.47143],[35.08676,32.47264],[35.08473,32.47231]]],[[[35.11624,32.49383],[35.11789,32.49199],[35.12085,32.49079],[35.12087,32.48957],[35.12251,32.48879],[35.12141,32.48679],[35.11882,32.48832],[35.11156,32.48956],[35.11416,32.49251],[35.11354,32.49414],[35.11624,32.49383]]],[[[35.09659,32.52767],[35.09647,32.53009],[35.09498,32.53118],[35.0944,32.53288],[35.09086,32.53152],[35.09107,32.53411],[35.09299,32.53588],[35.09632,32.53641],[35.10015,32.54256],[35.10616,32.54319],[35.1089,32.54215],[35.10844,32.53919],[35.10966,32.53954],[35.11168,32.53867],[35.11273,32.53933],[35.1162,32.53702],[35.11506,32.53638],[35.11438,32.5333],[35.11284,32.53337],[35.11285,32.53057],[35.11481,32.53017],[35.11491,32.52928],[35.11227,32.52672],[35.11161,32.52714],[35.11071,32.52554],[35.10965,32.52549],[35.1085,32.52649],[35.10608,32.52662],[35.10458,32.52889],[35.09945,32.52895],[35.09659,32.52767]]]]}},{"type":"Feature","id":1327,"properties":{"y":1327,"b":1,"r":8.448,"n":134,"p":15861,"nm":"מעלה עירון","nmAr":null,"d":true},"geometry":{"type":"MultiPolygon","coordinates":[[[[35.16136,32.54401],[35.16093,32.54332],[35.16217,32.53967],[35.15798,32.53999],[35.15632,32.53747],[35.15578,32.53808],[35.15388,32.53773],[35.15487,32.53638],[35.15345,32.53749],[35.15172,32.53749],[35.15281,32.53852],[35.15151,32.53949],[35.15267,32.54033],[35.14949,32.5428],[35.14868,32.54547],[35.14531,32.55027],[35.14544,32.55185],[35.14294,32.5529],[35.14217,32.55435],[35.14371,32.55691],[35.14805,32.56003],[35.16726,32.5629],[35.17105,32.56132],[35.17224,32.56213],[35.17172,32.55871],[35.16718,32.55502],[35.1659,32.55534],[35.1653,32.55317],[35.1633,32.55196],[35.16449,32.55153],[35.16015,32.55178],[35.1607,32.5509],[35.16197,32.55087],[35.16251,32.54955],[35.16173,32.54802],[35.15931,32.54455],[35.16136,32.54401]]],[[[35.20921,32.54263],[35.20469,32.54195],[35.20152,32.53997],[35.19627,32.54025],[35.19501,32.54111],[35.19658,32.54176],[35.19445,32.54236],[35.19474,32.54384],[35.19353,32.54476],[35.19545,32.54427],[35.19542,32.54772],[35.19766,32.54748],[35.1983,32.54837],[35.20101,32.54629],[35.20392,32.5453],[35.20358,32.54275],[35.20555,32.54208],[35.20921,32.54263]]],[[[35.18715,32.55256],[35.19419,32.55181],[35.19594,32.54945],[35.19287,32.5496],[35.19075,32.54495],[35.18807,32.54413],[35.18433,32.544],[35.17755,32.54528],[35.17508,32.54378],[35.17391,32.54543],[35.1743,32.54637],[35.18006,32.5502],[35.1773,32.55191],[35.17951,32.55353],[35.18165,32.55304],[35.18435,32.55511],[35.1866,32.55509],[35.18626,32.55401],[35.18715,32.55256]]]]}},{"type":"Feature","id":1345,"properties":{"y":1345,"b":0,"r":5.226,"n":37,"p":7080,"nm":"צור יצחק","nmAr":null,"d":false},"geometry":{"type":"MultiPolygon","coordinates":[[[[35.00529,32.2435],[35.00531,32.24047],[35.00131,32.23951],[35.0002,32.23799],[34.99291,32.23953],[34.99337,32.24171],[34.99547,32.24323],[34.99801,32.24287],[34.99892,32.24407],[35.00038,32.24348],[35.00188,32.24481],[35.00529,32.2435]]]]}},{"type":"Feature","id":1348,"properties":{"y":1348,"b":1,"r":7.738,"n":49,"p":6332,"nm":"ביר הדאג'","nmAr":null,"d":false},"geometry":{"type":"MultiPolygon","coordinates":[[[[34.69994,31.01431],[34.69719,31.013],[34.69391,31.01798],[34.68972,31.02039],[34.68577,31.0244],[34.685694,31.033416],[34.68612,31.03215],[34.70326,31.03878],[34.71043,31.02979],[34.72301,31.02157],[34.7239,31.01899],[34.72387,31.01304],[34.71567,31.01535],[34.69994,31.01431]]],[[[34.685694,31.033416],[34.685328,31.034504],[34.68569,31.03392],[34.685694,31.033416]]],[[[34.685328,31.034504],[34.68291,31.03841],[34.68596,31.03902],[34.68595,31.03679],[34.68462,31.03661],[34.685328,31.034504]]]]}},{"type":"Feature","id":1359,"properties":{"y":1359,"b":2,"r":24.931,"n":162,"p":6498,"nm":"אל סייד","nmAr":null,"d":false},"geometry":{"type":"MultiPolygon","coordinates":[[[[34.93015,31.28662],[34.9223,31.28187],[34.92099,31.27972],[34.91892,31.28033],[34.91765,31.2773],[34.92039,31.2759],[34.91851,31.27391],[34.91549,31.27677],[34.91361,31.27472],[34.91124,31.27702],[34.91062,31.2767],[34.91036,31.27719],[34.9116,31.27769],[34.90979,31.27964],[34.90875,31.27941],[34.9041,31.28435],[34.90276,31.28393],[34.90051,31.28483],[34.90045,31.28622],[34.9032,31.29058],[34.91004,31.28968],[34.91069,31.29124],[34.91208,31.29183],[34.92018,31.29134],[34.92253,31.29218],[34.92151,31.29338],[34.93015,31.28662]]]]}},{"type":"Feature","id":2034,"properties":{"y":2034,"b":1,"r":12.939,"n":130,"p":10047,"nm":"חצור הגלילית","nmAr":null,"d":false},"geometry":{"type":"MultiPolygon","coordinates":[[[[35.55382,32.99114],[35.55674,32.99048],[35.5567,32.98851],[35.5548,32.98522],[35.55566,32.98206],[35.55782,32.9819],[35.55504,32.97672],[35.54936,32.97787],[35.54711,32.97493],[35.54114,32.97586],[35.54075,32.97486],[35.53899,32.9749],[35.53657,32.97619],[35.53526,32.9754],[35.5326,32.97548],[35.53238,32.97713],[35.5302,32.97672],[35.52901,32.97885],[35.52505,32.98005],[35.52578,32.98057],[35.52257,32.98375],[35.5243,32.98379],[35.52383,32.98705],[35.52615,32.98655],[35.52787,32.98792],[35.52822,32.99161],[35.52987,32.99251],[35.53054,32.99448],[35.53532,32.99346],[35.53679,32.99364],[35.5377,32.99535],[35.53977,32.99427],[35.54254,32.99476],[35.54474,32.99418],[35.548,32.99152],[35.55139,32.99212],[35.55382,32.99114]]]]}},{"type":"Feature","id":2100,"properties":{"y":2100,"b":1,"r":14.365,"n":413,"p":28751,"nm":"טירת כרמל","nmAr":null,"d":true},"geometry":{"type":"MultiPolygon","coordinates":[[[[34.98052,32.74839],[34.98022,32.74743],[34.9784,32.74668],[34.97869,32.74392],[34.97635,32.74541],[34.97382,32.74451],[34.97442,32.7463],[34.97109,32.74505],[34.97385,32.75088],[34.96974,32.75069],[34.9678,32.74802],[34.96437,32.7476],[34.96138,32.75662],[34.96113,32.76074],[34.96291,32.7724],[34.96443,32.7722],[34.96308,32.77258],[34.95681,32.77263],[34.95564,32.76729],[34.95233,32.76759],[34.95436,32.78425],[34.96291,32.7851],[34.96395,32.77372],[34.97304,32.77239],[34.97799,32.77135],[34.97807,32.77054],[34.977509,32.770212],[34.9775,32.76856],[34.97655,32.76761],[34.97924,32.76336],[34.97843,32.76219],[34.98206,32.76214],[34.98186,32.76061],[34.98044,32.75432],[34.97995,32.74843],[34.98052,32.74839]],[[34.97888,32.76112],[34.977106,32.760696],[34.98186,32.76061],[34.97888,32.76112]],[[34.96999,32.7564],[34.968572,32.7577],[34.96857,32.75767],[34.96999,32.7564]],[[34.97014,32.75913],[34.968581,32.757813],[34.968577,32.757763],[34.97014,32.75913]],[[34.97528,32.7602],[34.975272,32.760257],[34.97449,32.76007],[34.974488,32.760119],[34.97014,32.75913],[34.97528,32.7602]],[[34.97226,32.763423],[34.97225,32.76346],[34.968699,32.767208],[34.968646,32.767193],[34.97072,32.76506],[34.97226,32.763423]],[[34.974431,32.761382],[34.97443,32.76141],[34.97276,32.76153],[34.974431,32.761382]]]]}},{"type":"Feature","id":2200,"properties":{"y":2200,"b":2,"r":26.864,"n":988,"p":36778,"nm":"דימונה","nmAr":null,"d":true},"geometry":{"type":"MultiPolygon","coordinates":[[[[34.99965,31.05555],[34.99888,31.05585],[34.99565,31.05235],[34.98276,31.04569],[34.97534,31.03806],[34.97452,31.03571],[34.97201,31.03599],[34.96898,31.03767],[34.97239,31.04296],[34.98448,31.05499],[34.9895,31.05049],[34.99034,31.05049],[34.98997,31.07985],[34.99005,31.08605],[35.02253,31.0861],[35.02369,31.08694],[35.04508,31.10225],[35.05448,31.10257],[35.05672,31.10379],[35.05779,31.10629],[35.05867,31.10665],[35.06593,31.10346],[35.06702,31.10431],[35.07119,31.10423],[35.07258,31.10357],[35.07294,31.10214],[35.07132,31.09589],[35.07292,31.09278],[35.07293,31.08871],[35.07175,31.08731],[35.07305,31.08546],[35.07205,31.08123],[35.07252,31.07771],[35.07185,31.07454],[35.07297,31.06901],[35.07266,31.06727],[35.07181,31.06528],[35.07282,31.06083],[35.07282,31.05666],[35.07164,31.05467],[35.06869,31.0524],[35.06773,31.04824],[35.06362,31.03921],[35.06867,31.0379],[35.07328,31.03723],[35.08813,31.03788],[35.09284,31.03642],[35.10292,31.0364],[35.15976,31.03841],[35.18895,31.0411],[35.18745,31.03675],[35.18867,31.03034],[35.18411,31.02399],[35.18424,31.02249],[35.19189,31.01278],[35.19401,31.01371],[35.19532,31.01045],[35.19729,31.01007],[35.19933,31.00593],[35.20123,31.00449],[35.19613,30.9989],[35.19445,30.99859],[35.19324,30.99475],[35.19181,30.99352],[35.18503,30.99301],[35.18388,30.98994],[35.17991,30.98418],[35.16328,30.97871],[35.16837,30.97072],[35.17093,30.96843],[35.16585,30.96426],[35.16498,30.96265],[35.16518,30.96092],[35.16304,30.95828],[35.1575,30.95377],[35.15729,30.95271],[35.16071,30.94399],[35.15809,30.94282],[35.15817,30.93937],[35.15234,30.9358],[35.14247,30.93269],[35.14074,30.93441],[35.13443,30.93517],[35.13309,30.93492],[35.13015,30.93211],[35.12905,30.93216],[35.11015,30.94065],[35.10669,30.94308],[35.09926,30.95227],[35.0873,30.95047],[35.05626,30.96311],[35.05566,30.96528],[35.05646,30.96858],[35.05625,30.9738],[35.05806,30.98428],[35.06612,30.99233],[35.08205,31.01736],[35.07335,31.01722],[35.07187,31.01818],[35.07117,31.018],[35.07212,31.01749],[35.07158,31.01633],[35.06941,31.01581],[35.06563,31.01722],[35.06441,31.0201],[35.06226,31.01881],[35.05566,31.01738],[35.0516,31.01767],[35.04697,31.01942],[35.03913,31.01961],[35.03884,31.0209],[35.04013,31.02207],[35.01982,31.0278],[35.00807,31.02718],[35.0064,31.02834],[35.00634,31.03161],[35.00364,31.03251],[34.98593,31.0345],[35.00024,31.04487],[34.99752,31.04782],[34.99772,31.05025],[34.99965,31.05555]],[[35.05294,31.06359],[35.04951,31.06432],[35.05295,31.06357],[35.07282,31.06083],[35.05294,31.06359]],[[35.03458,31.06782],[35.03456,31.07481],[35.03454,31.07682],[35.03458,31.06782]],[[35.03843,31.07484],[35.039289,31.075201],[35.03456,31.07481],[35.03843,31.07484]],[[35.03672,31.06339],[35.03855,31.06371],[35.03184,31.06363],[35.03672,31.06339]],[[35.02744,31.061636],[35.0298,31.06225],[35.03184,31.06363],[35.02744,31.061636]],[[35.02838,31.067203],[35.03202,31.06768],[35.02959,31.06744],[35.02838,31.067203]],[[35.031734,31.071858],[35.031734,31.071859],[35.00369,31.0716],[35.0293,31.07175],[35.031734,31.071858]],[[35.02447,31.05929],[35.025815,31.060899],[35.02553,31.06077],[35.02447,31.05929]],[[35.02642,31.06682],[35.02236,31.0646],[35.026704,31.066876],[35.02642,31.06682]],[[35.04263,31.06582],[35.042653,31.065815],[35.04276,31.06721],[35.04263,31.06582]],[[35.039699,31.076834],[35.039697,31.076834],[35.039407,31.075251],[35.03962,31.07534],[35.039699,31.076834]]]]}},{"type":"Feature","id":2300,"properties":{"y":2300,"b":1,"r":12.2,"n":234,"p":19180,"nm":"קריית טבעון","nmAr":null,"d":true},"geometry":{"type":"MultiPolygon","coordinates":[[[[35.10591,32.7112],[35.11555,32.7111],[35.11201,32.71114],[35.11293,32.71137],[35.11364,32.71317],[35.11666,32.71432],[35.11428,32.71731],[35.11618,32.7213],[35.1208,32.71534],[35.120885,32.715314],[35.11765,32.71963],[35.11949,32.72071],[35.11988,32.72418],[35.1229,32.7264],[35.1338,32.72684],[35.13684,32.72736],[35.13975,32.72918],[35.13959,32.73359],[35.14279,32.73253],[35.14268,32.73329],[35.14451,32.73394],[35.14458,32.73474],[35.14273,32.73516],[35.14646,32.73958],[35.14778,32.74235],[35.14981,32.74342],[35.15168,32.74261],[35.15175,32.73991],[35.14831,32.73759],[35.14966,32.73696],[35.14986,32.73552],[35.14896,32.73183],[35.15057,32.73224],[35.15049,32.72916],[35.14701,32.72784],[35.14562,32.72833],[35.14442,32.72667],[35.1441,32.72422],[35.13565,32.72102],[35.13675,32.71984],[35.13217,32.71851],[35.13155,32.7116],[35.13345,32.70772],[35.13594,32.70753],[35.13553,32.70511],[35.13316,32.70145],[35.13078,32.7034],[35.12796,32.7032],[35.12293,32.70138],[35.12131,32.70158],[35.11973,32.70379],[35.11486,32.70404],[35.114,32.70499],[35.1105,32.70236],[35.11278,32.70037],[35.11179,32.69799],[35.10958,32.69687],[35.11163,32.69161],[35.11135,32.68908],[35.11007,32.68866],[35.11148,32.68752],[35.10955,32.68524],[35.10791,32.68508],[35.10726,32.68583],[35.10824,32.68788],[35.10714,32.69396],[35.10396,32.69618],[35.10284,32.69829],[35.103,32.69954],[35.10428,32.70004],[35.10428,32.70187],[35.103,32.70291],[35.10328,32.70451],[35.10113,32.70714],[35.10072,32.7156],[35.09832,32.71849],[35.10192,32.71892],[35.1041,32.71299],[35.10591,32.7112]],[[35.12489,32.71212],[35.124981,32.712113],[35.12469,32.71413],[35.12489,32.71212]]]]}},{"type":"Feature","id":2400,"properties":{"y":2400,"b":2,"r":22.623,"n":879,"p":38855,"nm":"אור יהודה","nmAr":null,"d":true},"geometry":{"type":"MultiPolygon","coordinates":[[[[34.84954,32.02233],[34.8486,32.02004],[34.84723,32.01947],[34.84599,32.0206],[34.84574,32.02216],[34.84355,32.02267],[34.84295,32.02146],[34.84103,32.02193],[34.83978,32.02134],[34.83892,32.02305],[34.83701,32.02427],[34.836991,32.02501],[34.83699,32.02501],[34.83688,32.02574],[34.83472,32.0258],[34.83313,32.02683],[34.83096,32.0266],[34.82969,32.02744],[34.82844,32.02635],[34.82732,32.0268],[34.82891,32.02967],[34.82989,32.03807],[34.84335,32.03659],[34.843294,32.035759],[34.84361,32.03655],[34.84583,32.03623],[34.84813,32.03592],[34.854562,32.034904],[34.85494,32.03602],[34.85525,32.04032],[34.85941,32.0402],[34.86007,32.04006],[34.861,32.03512],[34.86078,32.033649],[34.86622,32.033],[34.86882,32.03325],[34.86739,32.02794],[34.868259,32.027567],[34.86832,32.02764],[34.8728,32.02849],[34.87361,32.02804],[34.87382,32.0239],[34.87575,32.02413],[34.87568,32.02144],[34.87185,32.01965],[34.86639,32.01949],[34.86647,32.02114],[34.86593,32.01919],[34.86279,32.01822],[34.86077,32.01978],[34.85772,32.01934],[34.85445,32.01658],[34.85312,32.01681],[34.853921,32.02142],[34.84954,32.02233]],[[34.854172,32.022458],[34.85516,32.02257],[34.855143,32.022682],[34.854171,32.022466],[34.854172,32.022458]],[[34.862697,32.029675],[34.86255,32.02997],[34.86443,32.02991],[34.861543,32.030182],[34.862697,32.029675]],[[34.862633,32.028797],[34.86308,32.02891],[34.862954,32.029161],[34.862633,32.028797]],[[34.859801,32.025901],[34.86523,32.02448],[34.86008,32.02591],[34.859801,32.025901]],[[34.86504,32.02349],[34.86663,32.02659],[34.86523,32.02448],[34.86504,32.02349]],[[34.85999,32.02338],[34.859656,32.025896],[34.859656,32.025896],[34.85994,32.02375],[34.857716,32.023255],[34.86504,32.02349],[34.85999,32.02338]],[[34.84088,32.03074],[34.83934,32.02586],[34.842117,32.032812],[34.84088,32.03074]],[[34.85193,32.02769],[34.852126,32.028199],[34.85062,32.02792],[34.85193,32.02769]],[[34.867829,32.027053],[34.86581,32.02932],[34.86781,32.02703],[34.867829,32.027053]]]]}},{"type":"Feature","id":2500,"properties":{"y":2500,"b":2,"r":16.16,"n":384,"p":23762,"nm":"נשר","nmAr":null,"d":true},"geometry":{"type":"MultiPolygon","coordinates":[[[[35.05222,32.74904],[35.04722,32.74575],[35.03233,32.74555],[35.03089,32.74763],[35.03104,32.7505],[35.02998,32.75066],[35.02625,32.75499],[35.02117,32.75815],[35.02287,32.75985],[35.02212,32.76016],[35.02244,32.76071],[35.02657,32.76349],[35.027142,32.765826],[35.02425,32.76708],[35.01772,32.76731],[35.015,32.76611],[35.01598,32.76942],[35.01372,32.76955],[35.01431,32.77029],[35.01323,32.77043],[35.01469,32.77215],[35.0213,32.77097],[35.02585,32.77188],[35.029812,32.775157],[35.03036,32.77879],[35.034665,32.777513],[35.02637,32.78049],[35.0289,32.78131],[35.02889,32.78355],[35.03106,32.78449],[35.03162,32.78379],[35.03366,32.78511],[35.03738,32.78248],[35.04199,32.78724],[35.04551,32.78519],[35.04809,32.78817],[35.05198,32.7859],[35.05014,32.78377],[35.0507,32.7834],[35.04636,32.77656],[35.04358,32.77797],[35.05481,32.76983],[35.06411,32.77954],[35.0642,32.7804],[35.06628,32.77906],[35.06843,32.77961],[35.07071,32.7767],[35.07045,32.77224],[35.0685,32.77056],[35.06441,32.76924],[35.06623,32.76781],[35.0666,32.76452],[35.06427,32.76307],[35.06424,32.76189],[35.05988,32.75778],[35.05023,32.76924],[35.05245,32.76584],[35.05741,32.76007],[35.05222,32.74904]],[[35.03043,32.77378],[35.030748,32.773687],[35.030374,32.774026],[35.03043,32.77378]],[[35.03555,32.77228],[35.035784,32.772421],[35.035488,32.772298],[35.03555,32.77228]],[[35.039351,32.767164],[35.03934,32.76724],[35.03742,32.76801],[35.039351,32.767164]],[[35.03909,32.76557],[35.039614,32.765401],[35.039386,32.766929],[35.03909,32.76557]],[[35.04052,32.76511],[35.04102,32.765126],[35.039876,32.765317],[35.04052,32.76511]],[[35.04053,32.762448],[35.040795,32.762488],[35.04052,32.76511],[35.04053,32.762448]],[[35.04213,32.76516],[35.04252,32.76559],[35.041723,32.765147],[35.04213,32.76516]],[[35.04291,32.76602],[35.04156,32.76713],[35.042787,32.765884],[35.04291,32.76602]],[[35.040467,32.769905],[35.04022,32.76961],[35.04182,32.76871],[35.040467,32.769905]],[[35.041279,32.770359],[35.040942,32.770476],[35.04094,32.77047],[35.040759,32.770253],[35.041279,32.770359]],[[35.0433,32.76287],[35.0501,32.76784],[35.04665,32.7658],[35.0433,32.76287]],[[35.033008,32.764216],[35.03147,32.76395],[35.03304,32.76415],[35.033008,32.764216]],[[35.03292,32.76542],[35.032957,32.765228],[35.033158,32.765272],[35.03292,32.76542]],[[35.040349,32.76242],[35.03678,32.76302],[35.04015,32.76239],[35.040349,32.76242]],[[35.037982,32.77392],[35.037827,32.773651],[35.037889,32.773689],[35.037982,32.77392]],[[35.038918,32.776251],[35.03926,32.77615],[35.039019,32.77573],[35.04011,32.77692],[35.038918,32.776251]]]]}},{"type":"Feature","id":2530,"properties":{"y":2530,"b":2,"r":15.291,"n":479,"p":31325,"nm":"באר יעקב","nmAr":null,"d":false},"geometry":{"type":"MultiPolygon","coordinates":[[[[34.8524,31.95888],[34.85841,31.94791],[34.86391,31.94168],[34.85495,31.94017],[34.85119,31.9354],[34.84685,31.93205],[34.84538,31.92995],[34.83354,31.93218],[34.83439,31.9269],[34.82909,31.92755],[34.82329,31.92625],[34.82219,31.93056],[34.82077,31.9311],[34.82193,31.93504],[34.81783,31.93519],[34.8185,31.93993],[34.82054,31.93965],[34.8214,31.94477],[34.8276,31.9441],[34.83201,31.94735],[34.83351,31.95042],[34.83968,31.94777],[34.84395,31.94905],[34.84423,31.95152],[34.84588,31.95485],[34.84598,31.95778],[34.84482,31.95802],[34.84593,31.96179],[34.84298,31.9635],[34.84261,31.96225],[34.83847,31.96149],[34.83629,31.9634],[34.83534,31.96691],[34.84403,31.96922],[34.8524,31.95888]]]]}},{"type":"Feature","id":2550,"properties":{"y":2550,"b":1,"r":11.165,"n":351,"p":31437,"nm":"גדרה","nmAr":null,"d":true},"geometry":{"type":"MultiPolygon","coordinates":[[[[34.78774,31.81092],[34.79435,31.80645],[34.79376,31.80482],[34.79047,31.79804],[34.78811,31.7984],[34.78779,31.79696],[34.78742,31.79362],[34.77419,31.79662],[34.77816,31.80824],[34.7731,31.7938],[34.77203,31.79271],[34.76685,31.795],[34.76299,31.80066],[34.76299,31.80187],[34.766582,31.807714],[34.76418,31.80447],[34.75964,31.8063],[34.76591,31.83337],[34.76704,31.83364],[34.76724,31.83587],[34.7763,31.83635],[34.77756,31.83368],[34.78403,31.83594],[34.80101,31.83019],[34.79896,31.82482],[34.79286,31.82619],[34.79106,31.82496],[34.78936,31.82498],[34.78407,31.82799],[34.78367,31.82644],[34.78178,31.82792],[34.78109,31.82703],[34.77825,31.82754],[34.77588,31.82492],[34.78377,31.82181],[34.783598,31.82063],[34.78876,31.81954],[34.78935,31.81854],[34.78848,31.81454],[34.78926,31.81282],[34.7875,31.81118],[34.78422,31.80406],[34.78774,31.81092]],[[34.778845,31.816843],[34.77356,31.81894],[34.77747,31.81727],[34.777467,31.817228],[34.778845,31.816843]],[[34.77739,31.812355],[34.77739,31.816114],[34.7772,31.81337],[34.77739,31.812355]],[[34.7678,31.81148],[34.766708,31.80792],[34.76677,31.80802],[34.7678,31.81148]],[[34.779944,31.816536],[34.78025,31.81645],[34.78314,31.8175],[34.779944,31.816536]]]]}},{"type":"Feature","id":2560,"properties":{"y":2560,"b":2,"r":22.045,"n":621,"p":28170,"nm":"ערד","nmAr":null,"d":true},"geometry":{"type":"MultiPolygon","coordinates":[[[[35.13508,31.25424],[35.15399,31.27584],[35.21997,31.29882],[35.2253,31.29431],[35.26146,31.26337],[35.2371,31.24544],[35.22532,31.23665],[35.1694,31.19466],[35.12592,31.19469],[35.12592,31.25207],[35.11844,31.25209],[35.12336,31.26481],[35.12088,31.27132],[35.11554,31.27695],[35.11186,31.27869],[35.11018,31.281],[35.11544,31.2844],[35.1241,31.28718],[35.13104,31.28225],[35.12713,31.25623],[35.13677,31.25622],[35.13508,31.25424]],[[35.216236,31.246953],[35.21657,31.24587],[35.22532,31.23665],[35.216236,31.246953]],[[35.22606,31.26108],[35.21938,31.26242],[35.218338,31.262092],[35.22606,31.26108]],[[35.20126,31.24993],[35.196441,31.248934],[35.19699,31.24879],[35.20126,31.24993]],[[35.21175,31.25466],[35.211513,31.254662],[35.212592,31.253846],[35.21175,31.25466]],[[35.213536,31.250384],[35.21298,31.25347],[35.212895,31.253552],[35.2131,31.25082],[35.213536,31.250384]],[[35.21189,31.25665],[35.216,31.25962],[35.215986,31.259651],[35.21189,31.25665]],[[35.211393,31.264528],[35.213199,31.263518],[35.21251,31.26428],[35.211393,31.264528]]]]}},{"type":"Feature","id":2600,"properties":{"y":2600,"b":3,"r":46.379,"n":2465,"p":53149,"nm":"אילת","nmAr":null,"d":true},"geometry":{"type":"MultiPolygon","coordinates":[[[[34.96835,29.57437],[34.96993,29.57587],[34.96877,29.57763],[34.96983,29.58014],[34.96929,29.58011],[34.97128,29.58063],[34.97356,29.57988],[34.97265,29.5779],[34.97418,29.57657],[34.97252,29.57433],[34.97236,29.5722],[34.97483,29.56961],[34.97582,29.5716],[34.97554,29.57389],[34.9762,29.57385],[34.9763,29.57541],[34.97835,29.57666],[34.97798,29.54229],[34.96157,29.54872],[34.95462,29.54934],[34.95172,29.54528],[34.95216,29.54469],[34.9505,29.54204],[34.94794,29.54182],[34.94486,29.53736],[34.94293,29.53612],[34.94391,29.53538],[34.94192,29.53403],[34.94288,29.53309],[34.93966,29.52886],[34.93828,29.52859],[34.93517,29.52469],[34.93365,29.52417],[34.93074,29.52032],[34.92583,29.51595],[34.92662,29.5147],[34.92638,29.51283],[34.92363,29.51143],[34.92249,29.50848],[34.91887,29.50556],[34.91767,29.50179],[34.91423,29.49882],[34.90714,29.49525],[34.90369,29.49111],[34.90203,29.49042],[34.90295,29.49286],[34.90071,29.49849],[34.89387,29.51522],[34.88444,29.52759],[34.87819,29.54363],[34.87217,29.57929],[34.86602,29.59746],[34.86768,29.59999],[34.8687,29.59949],[34.86971,29.59669],[34.87294,29.5954],[34.87717,29.59174],[34.87941,29.58811],[34.88367,29.58764],[34.88552,29.5866],[34.88709,29.57942],[34.88631,29.57625],[34.88426,29.57655],[34.88382,29.57535],[34.889,29.57348],[34.88965,29.57135],[34.89258,29.57011],[34.89311,29.56818],[34.90754,29.56696],[34.92073,29.57706],[34.92072,29.61563],[34.94864,29.63371],[34.98861,29.63377],[34.9849,29.61222],[34.99523,29.61054],[34.99157,29.6037],[34.98637,29.6059],[34.98368,29.60267],[34.98056,29.59286],[34.97436,29.58109],[34.95689,29.58872],[34.95423,29.58461],[34.95844,29.57683],[34.96118,29.57748],[34.96629,29.57453],[34.96835,29.57437]],[[34.919766,29.542255],[34.919682,29.542208],[34.91969,29.5422],[34.919766,29.542255]],[[34.925947,29.547851],[34.92637,29.547],[34.926534,29.547016],[34.925947,29.547851]],[[34.92529,29.54917],[34.925356,29.549037],[34.925506,29.549234],[34.92529,29.54917]],[[34.93147,29.54416],[34.935117,29.547371],[34.93482,29.54764],[34.93727,29.55041],[34.9426,29.54748],[34.946411,29.545971],[34.946414,29.545978],[34.93077,29.553681],[34.93728,29.55043],[34.93483,29.5477],[34.931268,29.54433],[34.93147,29.54416]],[[34.93924,29.541734],[34.93929,29.54171],[34.9426,29.54748],[34.93924,29.541734]],[[34.92973,29.5542],[34.930032,29.554049],[34.93421,29.55375],[34.92973,29.5542]],[[34.931298,29.558621],[34.928093,29.550077],[34.92973,29.5542],[34.931298,29.558621]],[[34.9444,29.55051],[34.942529,29.552978],[34.94258,29.55273],[34.9444,29.55051]],[[34.952147,29.551737],[34.94836,29.55421],[34.94623,29.5553],[34.95135,29.55194],[34.952147,29.551737]],[[34.946729,29.557008],[34.94668,29.55694],[34.94623,29.5553],[34.946729,29.557008]],[[34.95382,29.55131],[34.953968,29.551833],[34.953391,29.551419],[34.95382,29.55131]],[[34.954906,29.555149],[34.95458,29.55461],[34.954396,29.553346],[34.954906,29.555149]],[[34.96381,29.56805],[34.95646,29.55772],[34.955425,29.556008],[34.96381,29.56805]],[[34.95521,29.561115],[34.95519,29.56055],[34.95521,29.55836],[34.95521,29.561115]],[[34.95744,29.57221],[34.95539,29.5662],[34.95536,29.565344],[34.95744,29.57221]],[[34.94837,29.567047],[34.94959,29.56774],[34.949708,29.567844],[34.94837,29.567047]],[[34.94105,29.56662],[34.940722,29.566546],[34.94437,29.56478],[34.944364,29.564772],[34.944533,29.564869],[34.94105,29.56662]],[[34.941739,29.561398],[34.944532,29.564496],[34.944361,29.564768],[34.941739,29.561398]],[[34.93644,29.56366],[34.940759,29.560311],[34.940821,29.560379],[34.93644,29.56366]],[[34.936925,29.564008],[34.93404,29.56276],[34.933642,29.562381],[34.93644,29.56366],[34.936925,29.564008]],[[34.9388,29.55775],[34.940926,29.560185],[34.940743,29.560288],[34.9388,29.55775]],[[34.97241,29.55275],[34.97252,29.5551],[34.968,29.55661],[34.96701,29.55452],[34.97241,29.55275]],[[34.9329,29.561676],[34.93219,29.561],[34.931546,29.559284],[34.9329,29.561676]],[[34.93918,29.5662],[34.937696,29.56456],[34.940351,29.566463],[34.93918,29.5662]],[[34.95104,29.56014],[34.94806,29.55887],[34.948048,29.558854],[34.95104,29.56014]]],[[[34.99781,29.62392],[34.99729,29.62243],[34.99636,29.61985],[34.98976,29.62156],[34.98947,29.62631],[34.99781,29.62392]]],[[[35.0074,29.70064],[34.99426,29.6913],[34.99492,29.69716],[34.99302,29.69482],[34.99153,29.69543],[34.99397,29.70004],[34.9961,29.70726],[34.99124,29.70912],[34.99256,29.70944],[34.99875,29.71594],[35.00533,29.73815],[35.01401,29.7378],[35.01491,29.75063],[35.01921,29.74971],[35.0206,29.75466],[35.02281,29.75419],[35.02142,29.74924],[35.02213,29.74909],[35.01038,29.70711],[35.00927,29.70735],[35.0074,29.70064]]],[[[34.97809,29.76064],[34.97532,29.76018],[34.97391,29.76154],[34.97553,29.76286],[34.97827,29.76311],[34.97809,29.76064]]]]}},{"type":"Feature","id":2610,"properties":{"y":2610,"b":1,"r":8.504,"n":1315,"p":154637,"nm":"בית שמש","nmAr":null,"d":true},"geometry":{"type":"MultiPolygon","coordinates":[[[[35.00703,31.70742],[35.00849,31.70719],[35.00832,31.70269],[35.01021,31.69434],[35.00987,31.69374],[35.00757,31.69429],[35.0057,31.69286],[35.00519,31.69122],[35.00144,31.68929],[35.00199,31.68867],[34.9999,31.68728],[34.99897,31.69013],[34.99644,31.69207],[34.98691,31.69267],[34.9835,31.69526],[34.97795,31.695],[34.97772,31.69242],[34.97662,31.69192],[34.96634,31.69441],[34.96304,31.69326],[34.95286,31.69357],[34.94702,31.69928],[34.94677,31.70063],[34.95023,31.70031],[34.95151,31.7015],[34.94647,31.70184],[34.94659,31.70427],[34.94963,31.70609],[34.94915,31.7068],[34.9501,31.70883],[34.9553,31.70921],[34.95942,31.71119],[34.962878,31.717729],[34.96147,31.71871],[34.96095,31.72148],[34.95918,31.72263],[34.95904,31.72416],[34.95654,31.72608],[34.95755,31.72795],[34.95626,31.73025],[34.95413,31.73243],[34.95043,31.73423],[34.94708,31.73898],[34.94742,31.75177],[34.94846,31.75149],[34.95006,31.74699],[34.95163,31.74884],[34.95159,31.75211],[34.95454,31.75029],[34.95523,31.74711],[34.96197,31.7405],[34.96416,31.74035],[34.96885,31.74333],[34.97147,31.74673],[34.9731,31.75094],[34.97352,31.75246],[34.98138,31.75817],[34.98651,31.75891],[34.99483,31.76318],[34.99685,31.76162],[34.99656,31.76085],[35.00532,31.76027],[35.0077,31.7624],[35.00963,31.76278],[35.00905,31.76386],[35.00989,31.76641],[35.01478,31.76851],[35.01711,31.76874],[35.02025,31.76757],[35.02431,31.76868],[35.03189,31.76834],[35.03131,31.76609],[35.02923,31.76571],[35.02034,31.76116],[35.0207,31.76079],[35.01716,31.76057],[35.01839,31.75989],[35.01868,31.75855],[35.01593,31.75748],[35.01421,31.75924],[35.01198,31.75933],[35.01117,31.76169],[35.00891,31.75952],[35.00916,31.75669],[35.00422,31.75606],[35.0015,31.75714],[34.99935,31.75661],[35.00066,31.75479],[34.99946,31.75311],[34.99982,31.75251],[35.00312,31.74811],[35.00286,31.74694],[35.0016,31.74692],[35.00042,31.74541],[34.99995,31.7425],[35.00529,31.73559],[35.00421,31.73269],[34.99941,31.73552],[34.994001,31.736558],[34.99741,31.73548],[34.99401,31.73516],[34.99335,31.73315],[34.99665,31.73302],[34.99558,31.73017],[34.99737,31.72917],[34.9988,31.729332],[34.99857,31.72951],[35.0032,31.72744],[35.00461,31.72873],[35.00462,31.73175],[35.00566,31.7308],[35.00574,31.72782],[35.0071,31.7255],[35.00908,31.72462],[35.00988,31.72285],[35.00918,31.7172],[35.00564,31.7079],[35.00761,31.70663],[35.00703,31.70742]],[[34.976192,31.749945],[34.976269,31.750047],[34.9731,31.75094],[34.976192,31.749945]],[[34.99859,31.75306],[34.99641,31.75261],[34.99711,31.75266],[34.99982,31.75251],[34.99859,31.75306]],[[35.00073,31.73662],[35.000722,31.736769],[34.99941,31.73552],[35.00073,31.73662]],[[34.98746,31.73515],[34.98744,31.73515],[34.99335,31.73315],[34.98746,31.73515]],[[34.98194,31.73515],[34.985947,31.737442],[34.985888,31.737448],[34.981053,31.735017],[34.98214,31.73501],[34.98312,31.7323],[34.98241,31.73481],[34.98744,31.73515],[34.98194,31.73515]],[[35.00415,31.70511],[35.004326,31.705187],[35.00071,31.70709],[34.999089,31.707361],[35.00415,31.70511]],[[34.988658,31.75546],[34.98872,31.75549],[34.98375,31.75541],[34.988658,31.75546]],[[34.98612,31.75436],[34.986186,31.754242],[34.988454,31.755359],[34.98612,31.75436]],[[34.986473,31.749516],[34.98658,31.7495],[34.9867,31.749497],[34.98774,31.75147],[34.986473,31.749516]],[[34.99497,31.74798],[34.995368,31.74862],[34.995346,31.748629],[34.99497,31.74798]],[[34.99318,31.74265],[34.99077,31.740975],[34.99092,31.74095],[34.99333,31.74276],[34.99614,31.74278],[34.98879,31.74285],[34.99318,31.74265]],[[34.992261,31.737053],[34.99254,31.73702],[34.992646,31.736987],[34.99221,31.73785],[34.99092,31.74095],[34.992261,31.737053]],[[34.996203,31.742614],[34.99903,31.74795],[34.99614,31.74278],[34.996203,31.742614]],[[34.9877,31.72479],[34.987739,31.724798],[34.98771,31.72685],[34.9877,31.72479]],[[34.99193,31.71952],[34.99181,31.719394],[34.99517,31.72007],[34.99193,31.71952]],[[34.98917,31.7128],[34.990827,31.71123],[34.99082,31.7113],[34.989232,31.713087],[34.98917,31.7128]],[[34.99135,31.70861],[34.992074,31.708534],[34.991342,31.708656],[34.99135,31.70861]],[[34.973302,31.741272],[34.97332,31.74129],[34.973951,31.74676],[34.97343,31.74605],[34.973302,31.741272]],[[34.978937,31.740617],[34.977522,31.740566],[34.97825,31.74044],[34.978937,31.740617]],[[34.981142,31.741251],[34.981118,31.741178],[34.981196,31.741198],[34.981142,31.741251]],[[34.983345,31.737785],[34.982959,31.738141],[34.98306,31.73779],[34.983345,31.737785]],[[34.987266,31.721487],[34.988075,31.721378],[34.98778,31.72152],[34.987266,31.721487]],[[34.98065,31.71328],[34.981152,31.713252],[34.980572,31.713312],[34.98065,31.71328]],[[34.97915,31.73503],[34.980233,31.735023],[34.97513,31.73702],[34.97915,31.73503]],[[34.981098,31.744228],[34.980764,31.743873],[34.981227,31.744201],[34.98112,31.74422],[34.981098,31.744228]],[[34.983012,31.741366],[34.984053,31.741738],[34.984012,31.741743],[34.983,31.74141],[34.983012,31.741366]],[[34.98068,31.75039],[34.978858,31.749325],[34.97887,31.74932],[34.98068,31.75039]],[[34.998082,31.713115],[34.99813,31.71332],[34.997087,31.714184],[34.998082,31.713115]],[[34.996798,31.714494],[34.99693,31.71551],[34.9967,31.7146],[34.996798,31.714494]],[[34.994587,31.717256],[34.99449,31.71704],[34.99693,31.71551],[34.994587,31.717256]],[[34.99731,31.73881],[34.997242,31.739038],[34.99648,31.73701],[34.99731,31.73881]],[[35.0007,31.737204],[35.00067,31.73778],[35.0003,31.737893],[35.0007,31.737204]]],[[[34.94706,31.76117],[34.95096,31.7606],[34.95081,31.7598],[34.95221,31.7594],[34.95124,31.75816],[34.95096,31.75762],[34.94827,31.75799],[34.9462,31.75937],[34.94706,31.76117]]]]}},{"type":"Feature","id":2620,"properties":{"y":2620,"b":1,"r":14.084,"n":609,"p":43240,"nm":"קריית אונו","nmAr":null,"d":true},"geometry":{"type":"MultiPolygon","coordinates":[[[[34.861,32.03512],[34.85944,32.04057],[34.86209,32.04036],[34.86252,32.03821],[34.86654,32.04077],[34.86689,32.03846],[34.86628,32.03323],[34.86048,32.03393],[34.861,32.03512]]],[[[34.86678,32.05527],[34.86834,32.04804],[34.86722,32.04643],[34.86577,32.04656],[34.85653,32.04733],[34.85074,32.0566],[34.846892,32.061775],[34.846338,32.062025],[34.846094,32.062029],[34.8457,32.06146],[34.84146,32.06235],[34.84084,32.06021],[34.83664,32.06105],[34.83954,32.0649],[34.84507,32.06527],[34.85309,32.06758],[34.859843,32.068021],[34.85978,32.06818],[34.86759,32.07053],[34.86651,32.06391],[34.86657,32.05645],[34.86678,32.05527]],[[34.86448,32.05506],[34.8605,32.05461],[34.85906,32.05885],[34.86016,32.05485],[34.85759,32.05409],[34.86448,32.05506]],[[34.86402,32.04979],[34.86457,32.05609],[34.86448,32.05506],[34.86402,32.04979]],[[34.86155,32.0595],[34.858876,32.059076],[34.85906,32.05885],[34.86155,32.0595]],[[34.846103,32.062042],[34.846256,32.062062],[34.84615,32.06211],[34.846103,32.062042]],[[34.851128,32.062694],[34.86103,32.06398],[34.85381,32.06336],[34.851128,32.062694]],[[34.86197,32.062652],[34.860517,32.066319],[34.86103,32.06398],[34.86197,32.062652]]]]}},{"type":"Feature","id":2630,"properties":{"y":2630,"b":2,"r":25.121,"n":1616,"p":64328,"nm":"קריית גת","nmAr":null,"d":true},"geometry":{"type":"MultiPolygon","coordinates":[[[[34.74988,31.60797],[34.7494,31.61852],[34.74973,31.62125],[34.75102,31.62285],[34.75824,31.62591],[34.76634,31.63108],[34.76866,31.63464],[34.76934,31.63875],[34.77754,31.63806],[34.77775,31.62495],[34.78099,31.61519],[34.78114,31.61236],[34.780653,31.612761],[34.78326,31.61006],[34.78458,31.61309],[34.78658,31.61332],[34.78746,31.61221],[34.78727,31.60966],[34.78636,31.60824],[34.78806,31.60738],[34.78745,31.6052],[34.79337,31.60289],[34.79424,31.60444],[34.79535,31.60399],[34.79423,31.60236],[34.79819,31.60009],[34.79954,31.59776],[34.80289,31.5987],[34.80392,31.59726],[34.80124,31.58425],[34.79567,31.58524],[34.79385,31.58674],[34.79111,31.58647],[34.78989,31.58427],[34.78717,31.5859],[34.78368,31.57529],[34.77738,31.57772],[34.77884,31.57987],[34.77814,31.58116],[34.77912,31.58384],[34.78018,31.58473],[34.77976,31.59016],[34.77627,31.59506],[34.77669,31.59837],[34.77542,31.59855],[34.77182,31.60209],[34.76992,31.60136],[34.76384,31.60065],[34.75523,31.59708],[34.75176,31.60324],[34.74988,31.60797]],[[34.75694,31.60863],[34.75374,31.6084],[34.74988,31.60797],[34.75694,31.60863]],[[34.75668,31.61875],[34.756668,31.61872],[34.758885,31.618945],[34.7494,31.61852],[34.75668,31.61875]],[[34.759938,31.612535],[34.76134,31.61268],[34.761369,31.612582],[34.76726,31.61496],[34.7631,31.61335],[34.759938,31.612535]],[[34.76905,31.613],[34.77207,31.61078],[34.76726,31.61496],[34.76905,31.613]],[[34.76958,31.60928],[34.774315,31.610929],[34.77207,31.61078],[34.76958,31.60928]],[[34.76298,31.60714],[34.76387,31.60646],[34.762944,31.607259],[34.76298,31.60714]],[[34.75867,31.60601],[34.75502,31.604547],[34.76298,31.60714],[34.75867,31.60601]],[[34.753371,31.603886],[34.75519,31.60223],[34.753379,31.603889],[34.753371,31.603886]],[[34.7574,31.60171],[34.757512,31.601737],[34.75519,31.60223],[34.7574,31.60171]],[[34.75587,31.61668],[34.75641,31.61217],[34.755873,31.616688],[34.75587,31.61668]],[[34.769429,31.607585],[34.76324,31.60476],[34.769429,31.607585],[34.769429,31.607585]],[[34.77605,31.6119],[34.77587,31.611471],[34.776454,31.611674],[34.77605,31.6119]],[[34.777,31.61137],[34.776645,31.611568],[34.77638,31.610641],[34.777,31.61137]],[[34.778828,31.607197],[34.77497,31.60431],[34.77874,31.60689],[34.778828,31.607197]],[[34.780463,31.612917],[34.77966,31.61187],[34.779308,31.608865],[34.780471,31.61291],[34.780463,31.612917]],[[34.77362,31.60616],[34.76937,31.60693],[34.7721,31.60642],[34.77362,31.60616]],[[34.774223,31.618025],[34.776946,31.615812],[34.7743,31.61799],[34.774223,31.618025]],[[34.76919,31.62032],[34.76759,31.61779],[34.767586,31.617758],[34.76919,31.62032]],[[34.763,31.61913],[34.762263,31.619097],[34.76759,31.61779],[34.763,31.61913]]]]}},{"type":"Feature","id":2640,"properties":{"y":2640,"b":1,"r":13.735,"n":1012,"p":73678,"nm":"ראש העין","nmAr":null,"d":true},"geometry":{"type":"MultiPolygon","coordinates":[[[[34.952926,32.085295],[34.95256,32.08451],[34.94709,32.08706],[34.94053,32.09306],[34.93526,32.09717],[34.93655,32.10021],[34.93487,32.09745],[34.93521,32.10637],[34.93641,32.10618],[34.93784,32.11229],[34.94113,32.11566],[34.94729,32.11416],[34.94876,32.10714],[34.95066,32.10694],[34.95172,32.10361],[34.956292,32.103077],[34.95629,32.10308],[34.95718,32.11043],[34.95781,32.11201],[34.95848,32.11173],[34.95842,32.1129],[34.96018,32.11279],[34.95998,32.11054],[34.9615,32.11072],[34.96159,32.10919],[34.96279,32.10821],[34.96402,32.10878],[34.96392,32.11051],[34.96832,32.11025],[34.96939,32.11022],[34.97032,32.10889],[34.97198,32.10904],[34.97252,32.10744],[34.98028,32.10742],[34.98429,32.10911],[34.98482,32.11025],[34.9886,32.10979],[34.99051,32.11038],[34.99227,32.1086],[34.99195,32.10793],[34.99352,32.10718],[34.99231,32.10574],[34.99034,32.10513],[34.99057,32.10358],[34.99107,32.10235],[34.98616,32.1003],[34.98648,32.099],[34.98494,32.09435],[34.98251,32.08956],[34.98323,32.08874],[34.98631,32.08978],[34.98915,32.08118],[34.9785,32.08622],[34.98918,32.08108],[34.96783,32.08115],[34.96803,32.0739],[34.96457,32.07309],[34.96131,32.06917],[34.95886,32.07],[34.95788,32.07333],[34.95563,32.07547],[34.94976,32.07566],[34.94923,32.07668],[34.95284,32.08487],[34.952926,32.085295]],[[34.9681,32.10357],[34.968189,32.103542],[34.95718,32.11043],[34.9681,32.10357]],[[34.95669,32.101986],[34.95691,32.10208],[34.956405,32.102894],[34.95669,32.101986]],[[34.949,32.09947],[34.95481,32.10089],[34.958002,32.098363],[34.95476,32.10116],[34.955526,32.101488],[34.949,32.09947]],[[34.95841,32.09804],[34.958938,32.09807],[34.95836,32.09808],[34.95841,32.09804]],[[34.961197,32.08979],[34.96135,32.09032],[34.96042,32.09487],[34.961197,32.08979]],[[34.95995,32.08912],[34.96082,32.08907],[34.960908,32.088795],[34.961083,32.089399],[34.95995,32.08912]],[[34.97219,32.09307],[34.972149,32.093066],[34.97248,32.092902],[34.97219,32.09307]],[[34.98211,32.09463],[34.975362,32.091478],[34.97554,32.09139],[34.98211,32.09463]],[[34.96487,32.10135],[34.960375,32.098153],[34.96067,32.09817],[34.96487,32.10135]],[[34.969937,32.09481],[34.971561,32.099253],[34.96985,32.09517],[34.969937,32.09481]],[[34.97077,32.09135],[34.971031,32.091177],[34.970679,32.091729],[34.97077,32.09135]],[[34.97262,32.10215],[34.973071,32.102129],[34.96952,32.103124],[34.97262,32.10215]],[[34.987114,32.101961],[34.975252,32.102029],[34.98134,32.10175],[34.98692,32.10187],[34.987114,32.101961]]]]}},{"type":"Feature","id":2650,"properties":{"y":2650,"b":1,"r":14.426,"n":695,"p":48178,"nm":"רמת השרון","nmAr":null,"d":true},"geometry":{"type":"MultiPolygon","coordinates":[[[[34.84426,32.11969],[34.8444,32.12046],[34.84189,32.1215],[34.84175,32.12352],[34.83991,32.12425],[34.83996,32.12642],[34.83674,32.12643],[34.8373,32.12771],[34.83347,32.12884],[34.82665,32.12861],[34.8277,32.13061],[34.819596,32.130938],[34.82177,32.12588],[34.82402,32.12398],[34.82371,32.12325],[34.81115,32.12444],[34.81023,32.12595],[34.80745,32.1294],[34.80415,32.13058],[34.80058,32.13059],[34.79587,32.12868],[34.79711,32.13389],[34.80154,32.14073],[34.80368,32.14831],[34.80659,32.15342],[34.80917,32.1528],[34.81322,32.15863],[34.81525,32.15826],[34.81052,32.14448],[34.81712,32.1432],[34.81815,32.13872],[34.81762,32.14187],[34.82054,32.14074],[34.820576,32.140734],[34.824206,32.148731],[34.82219,32.14903],[34.82274,32.15116],[34.82765,32.15027],[34.82986,32.15463],[34.83626,32.15369],[34.84206,32.15164],[34.84657,32.14973],[34.8503,32.1491],[34.85537,32.14865],[34.85527,32.14337],[34.85965,32.13922],[34.8603,32.13652],[34.86298,32.13594],[34.86325,32.13261],[34.86555,32.13161],[34.86274,32.12961],[34.86442,32.12706],[34.86525,32.12233],[34.86796,32.12155],[34.86474,32.11678],[34.86303,32.11712],[34.8617,32.11633],[34.86258,32.11562],[34.86244,32.11393],[34.861,32.11345],[34.86095,32.11245],[34.85781,32.11192],[34.85756,32.11482],[34.85062,32.11357],[34.851869,32.119397],[34.85038,32.12032],[34.84888,32.11869],[34.84426,32.11969]],[[34.81002,32.13951],[34.810405,32.139473],[34.80764,32.14033],[34.80154,32.14073],[34.81002,32.13951]],[[34.84427,32.14447],[34.83863,32.145997],[34.838629,32.145997],[34.84385,32.14436],[34.84212,32.1395],[34.84189,32.13892],[34.84657,32.14973],[34.84427,32.14447]],[[34.845959,32.140042],[34.84599,32.14007],[34.8503,32.1491],[34.845959,32.140042]],[[34.858083,32.135412],[34.85809,32.13541],[34.8603,32.13652],[34.858083,32.135412]],[[34.83854,32.14585],[34.833807,32.135567],[34.83515,32.13808],[34.8373,32.14298],[34.838591,32.145934],[34.83854,32.14585]],[[34.83582,32.13304],[34.8558,32.12461],[34.84399,32.12961],[34.83329,32.1346],[34.83582,32.13304]],[[34.83813,32.12873],[34.834447,32.130096],[34.85273,32.12082],[34.851945,32.1195],[34.852886,32.120747],[34.83813,32.12873]],[[34.819303,32.13162],[34.819416,32.131357],[34.819337,32.131621],[34.819303,32.13162]],[[34.82841,32.13171],[34.83301,32.130629],[34.8329,32.13067],[34.82841,32.13171]],[[34.84261,32.136869],[34.844312,32.138543],[34.84398,32.13825],[34.84258,32.13688],[34.84261,32.136869]]]]}},{"type":"Feature","id":2660,"properties":{"y":2660,"b":2,"r":15.596,"n":877,"p":56232,"nm":"יבנה","nmAr":null,"d":true},"geometry":{"type":"MultiPolygon","coordinates":[[[[34.7579,31.85143],[34.74678,31.85244],[34.74687,31.85119],[34.73945,31.85184],[34.73888,31.84872],[34.73562,31.84348],[34.72591,31.84809],[34.73644,31.85571],[34.73928,31.855],[34.73989,31.85746],[34.73856,31.85845],[34.73544,31.85878],[34.73576,31.86056],[34.73196,31.86065],[34.73215,31.86222],[34.73068,31.86268],[34.73025,31.86189],[34.72847,31.86263],[34.72817,31.86037],[34.72674,31.85999],[34.72587,31.86074],[34.72527,31.85897],[34.7247,31.85946],[34.72348,31.85766],[34.72304,31.85852],[34.71925,31.85181],[34.71482,31.85372],[34.71609,31.85753],[34.71301,31.85814],[34.71286,31.85973],[34.71969,31.87482],[34.725649,31.883548],[34.725644,31.883555],[34.7196,31.87472],[34.71403,31.87645],[34.71316,31.87932],[34.71411,31.88106],[34.71261,31.88425],[34.71728,31.892],[34.7186,31.89838],[34.71639,31.89972],[34.71954,31.90089],[34.72151,31.90508],[34.73279,31.90006],[34.73488,31.89931],[34.7362,31.90205],[34.74181,31.89994],[34.74107,31.89962],[34.74042,31.89421],[34.74143,31.88297],[34.741038,31.882739],[34.74426,31.88019],[34.7477,31.87953],[34.75066,31.87913],[34.74963,31.875646],[34.75124,31.88066],[34.75221,31.87967],[34.75356,31.87482],[34.75335,31.87106],[34.75221,31.86907],[34.75275,31.86761],[34.75398,31.86437],[34.7538,31.85711],[34.7579,31.85143]],[[34.74039,31.85935],[34.742652,31.861878],[34.73856,31.85845],[34.74039,31.85935]],[[34.744778,31.879563],[34.74488,31.87974],[34.74426,31.88019],[34.744778,31.879563]],[[34.73968,31.86885],[34.73492,31.86966],[34.740992,31.868177],[34.73968,31.86885]],[[34.743329,31.870038],[34.74367,31.86976],[34.74604,31.8687],[34.743329,31.870038]],[[34.748,31.87057],[34.748104,31.870893],[34.74604,31.8687],[34.748,31.87057]],[[34.742783,31.862024],[34.74286,31.86211],[34.74074,31.86313],[34.742783,31.862024]],[[34.74009,31.88218],[34.73493,31.87531],[34.740796,31.882596],[34.74009,31.88218]]]]}},{"type":"Feature","id":2710,"properties":{"y":2710,"b":1,"r":13.449,"n":789,"p":58665,"nm":"אום אל-פחם","nmAr":null,"d":false},"geometry":{"type":"MultiPolygon","coordinates":[[[[35.11918,32.50439],[35.12158,32.50457],[35.12121,32.50535],[35.12441,32.50569],[35.13,32.5086],[35.12772,32.50571],[35.12576,32.50204],[35.12137,32.50104],[35.11918,32.50439]]],[[[35.14896,32.50718],[35.14791,32.50859],[35.14302,32.50741],[35.14178,32.50637],[35.13241,32.50839],[35.13308,32.51007],[35.13104,32.51082],[35.130879,32.511312],[35.13093,32.51045],[35.1255,32.50743],[35.12055,32.50674],[35.11945,32.51114],[35.12158,32.51367],[35.12029,32.51485],[35.11482,32.51085],[35.11111,32.51551],[35.11601,32.5167],[35.11334,32.51819],[35.11344,32.52169],[35.11686,32.5214],[35.11707,32.5192],[35.12034,32.51879],[35.12473,32.52434],[35.12289,32.525],[35.12277,32.52631],[35.11984,32.52728],[35.12045,32.52951],[35.11481,32.53017],[35.11513,32.53322],[35.11439,32.53348],[35.11506,32.53638],[35.1162,32.53702],[35.1148,32.53828],[35.11273,32.53933],[35.11168,32.53867],[35.10966,32.53954],[35.10844,32.53919],[35.1089,32.54215],[35.1116,32.5411],[35.13846,32.54129],[35.14184,32.54265],[35.14355,32.547],[35.14167,32.55058],[35.14217,32.55435],[35.14294,32.5529],[35.14544,32.55185],[35.14531,32.55027],[35.14868,32.54547],[35.14949,32.5428],[35.15267,32.54033],[35.15151,32.53949],[35.15281,32.53852],[35.14097,32.52711],[35.14563,32.53112],[35.1477,32.53316],[35.15201,32.53749],[35.15345,32.53749],[35.15487,32.53638],[35.15388,32.53773],[35.15578,32.53808],[35.15632,32.53747],[35.15798,32.53999],[35.161878,32.539859],[35.1619,32.54098],[35.16295,32.54093],[35.16323,32.5428],[35.16412,32.54306],[35.16275,32.54395],[35.16502,32.54804],[35.16125,32.54586],[35.16354,32.55001],[35.16564,32.552],[35.166,32.55382],[35.17172,32.55871],[35.17224,32.56213],[35.17717,32.56374],[35.17886,32.56334],[35.17969,32.56021],[35.18092,32.56099],[35.18088,32.55825],[35.1823,32.55685],[35.18346,32.55608],[35.18373,32.55443],[35.18165,32.55304],[35.17951,32.55353],[35.1773,32.55191],[35.18006,32.5502],[35.1743,32.54637],[35.17391,32.54543],[35.17546,32.5436],[35.18352,32.54397],[35.18287,32.54238],[35.18388,32.5415],[35.18769,32.54295],[35.19127,32.54075],[35.19386,32.5408],[35.19404,32.53934],[35.19311,32.53966],[35.19216,32.5386],[35.19134,32.53921],[35.19076,32.53829],[35.19128,32.53721],[35.18988,32.53578],[35.1913,32.53542],[35.19081,32.53331],[35.18381,32.53301],[35.18496,32.5307],[35.18301,32.53044],[35.18169,32.52908],[35.18175,32.52811],[35.18263,32.52801],[35.18197,32.52761],[35.18324,32.52663],[35.18238,32.52681],[35.18223,32.52608],[35.18313,32.52535],[35.18761,32.52504],[35.18913,32.52656],[35.18834,32.52467],[35.18709,32.52349],[35.18011,32.52409],[35.17707,32.52031],[35.17721,32.51882],[35.17565,32.51749],[35.16769,32.51102],[35.16397,32.50887],[35.16324,32.51002],[35.161598,32.507837],[35.1618,32.50775],[35.16145,32.50647],[35.15923,32.50498],[35.15637,32.50542],[35.15549,32.50658],[35.15424,32.50609],[35.15073,32.50696],[35.14896,32.50718]],[[35.11703,32.53334],[35.11967,32.53327],[35.11439,32.53348],[35.11703,32.53334]],[[35.12466,32.52782],[35.125074,32.527688],[35.11967,32.53327],[35.12466,32.52782]],[[35.152293,32.517555],[35.15234,32.51752],[35.15419,32.51783],[35.158172,32.51967],[35.15537,32.5187],[35.152293,32.517555]],[[35.14627,32.51481],[35.14785,32.51511],[35.148456,32.5153],[35.14798,32.51521],[35.14627,32.51481]],[[35.150752,32.515156],[35.15076,32.51547],[35.14785,32.51511],[35.150752,32.515156]],[[35.150354,32.513366],[35.15072,32.51388],[35.150734,32.51442],[35.150354,32.513366]],[[35.15019,32.51291],[35.15159,32.51189],[35.150319,32.513269],[35.15019,32.51291]],[[35.127982,32.528002],[35.125902,32.527425],[35.12661,32.5272],[35.127982,32.528002]],[[35.13851,32.53092],[35.131667,32.529023],[35.13339,32.52915],[35.13851,32.53092]],[[35.13878,32.51875],[35.14285,32.52291],[35.13561,32.51623],[35.13878,32.51875]],[[35.148129,32.525537],[35.148246,32.523946],[35.14858,32.52453],[35.148129,32.525537]],[[35.148285,32.523414],[35.14832,32.52294],[35.15065,32.5229],[35.148285,32.523414]],[[35.15553,32.51566],[35.156268,32.515689],[35.15566,32.51589],[35.156425,32.516423],[35.155023,32.516632],[35.15508,32.51655],[35.1554,32.515531],[35.15553,32.51566]],[[35.157631,32.515239],[35.16074,32.51271],[35.15884,32.51484],[35.157631,32.515239]],[[35.15967,32.51186],[35.16082,32.50817],[35.161213,32.508001],[35.15967,32.51186]],[[35.164869,32.536352],[35.16489,32.53656],[35.164703,32.536637],[35.164869,32.536352]],[[35.158503,32.519823],[35.15854,32.51984],[35.16054,32.52647],[35.158503,32.519823]]]]}},{"type":"Feature","id":2720,"properties":{"y":2720,"b":2,"r":20.502,"n":570,"p":27802,"nm":"טירה","nmAr":null,"d":true},"geometry":{"type":"MultiPolygon","coordinates":[[[[34.96367,32.21365],[34.95781,32.21351],[34.95831,32.21619],[34.95381,32.217],[34.9525,32.21896],[34.95295,32.22086],[34.952147,32.224282],[34.9481,32.22487],[34.94642,32.22397],[34.94572,32.22546],[34.94147,32.22667],[34.941619,32.226819],[34.94152,32.22746],[34.93766,32.22851],[34.93844,32.2305],[34.93711,32.23069],[34.93631,32.23565],[34.93741,32.23839],[34.94167,32.23737],[34.941687,32.237358],[34.94152,32.23966],[34.94208,32.24241],[34.94886,32.24451],[34.95418,32.24747],[34.954175,32.247437],[34.95686,32.24823],[34.95887,32.25302],[34.96511,32.25073],[34.96473,32.24941],[34.96653,32.24913],[34.96754,32.25204],[34.97247,32.25146],[34.97221,32.24969],[34.97368,32.24959],[34.97402,32.25051],[34.97858,32.25052],[34.97846,32.24932],[34.97648,32.24929],[34.97695,32.24828],[34.97572,32.24501],[34.97412,32.24489],[34.97234,32.24211],[34.98151,32.23941],[34.9784,32.23248],[34.98439,32.23231],[34.98173,32.22615],[34.98084,32.22136],[34.97598,32.22278],[34.97377,32.21866],[34.971,32.21947],[34.96837,32.21666],[34.966251,32.218009],[34.96732,32.21697],[34.96706,32.21636],[34.96437,32.21699],[34.96367,32.21365]],[[34.94612,32.23135],[34.9443,32.23004],[34.941675,32.226877],[34.94612,32.23135]],[[34.95277,32.23338],[34.9527,32.23193],[34.952797,32.233386],[34.95277,32.23338]],[[34.9535,32.23173],[34.9531,32.23042],[34.95356,32.23181],[34.956355,32.233033],[34.9527,32.23193],[34.9535,32.23173]],[[34.94813,32.22955],[34.947961,32.229067],[34.95041,32.22985],[34.9531,32.23042],[34.94813,32.22955]],[[34.958714,32.233279],[34.95694,32.23321],[34.95638,32.233041],[34.958714,32.233279]],[[34.9675,32.23941],[34.967511,32.239444],[34.96373,32.23917],[34.9675,32.23941]],[[34.952146,32.224285],[34.9521,32.22448],[34.95025,32.22499],[34.952146,32.224285]]]]}},{"type":"Feature","id":2730,"properties":{"y":2730,"b":2,"r":15.515,"n":714,"p":46020,"nm":"טייבה","nmAr":null,"d":true},"geometry":{"type":"MultiPolygon","coordinates":[[[[35.02782,32.27048],[35.02996,32.26529],[35.02843,32.26167],[35.02511,32.25739],[35.02318,32.25342],[35.02328,32.2486],[35.01818,32.24843],[35.00959,32.24655],[35.00781,32.24737],[35.00776,32.247599],[35.00557,32.24656],[35.0054,32.24344],[35.00317,32.24474],[35.00188,32.24481],[35.00038,32.24348],[34.99861,32.2444],[34.99526,32.24305],[34.99163,32.24439],[34.9903,32.24244],[34.98592,32.24419],[34.98573,32.24574],[34.98539,32.24428],[34.98364,32.24439],[34.98388,32.24225],[34.983,32.24256],[34.98151,32.2394],[34.97234,32.24204],[34.97255,32.24332],[34.97376,32.24358],[34.97412,32.24489],[34.97572,32.24501],[34.97695,32.24828],[34.97648,32.24929],[34.97846,32.24932],[34.97858,32.25052],[34.97402,32.25051],[34.97368,32.24959],[34.97221,32.24969],[34.97247,32.25146],[34.96745,32.2518],[34.96885,32.25581],[34.97449,32.25556],[34.97349,32.25716],[34.97518,32.25705],[34.97489,32.2605],[34.97735,32.26767],[34.98096,32.27438],[34.97471,32.27639],[34.97513,32.27723],[34.98687,32.27852],[34.98502,32.28062],[34.99075,32.28055],[34.98982,32.28096],[34.9898,32.28365],[34.99087,32.28364],[34.99657,32.28345],[35.00229,32.28164],[35.00458,32.28234],[35.0047,32.2836],[35.00828,32.28313],[35.00949,32.28295],[35.00978,32.2806],[35.01236,32.2811],[35.01952,32.27985],[35.02496,32.2742],[35.02782,32.27048]],[[35.015018,32.270824],[35.01391,32.26985],[35.015074,32.270678],[35.015018,32.270824]],[[35.015745,32.271412],[35.01557,32.27131],[35.015404,32.271164],[35.015745,32.271412]],[[35.01972,32.272],[35.019776,32.272023],[35.01723,32.27228],[35.016654,32.271943],[35.01972,32.272]],[[34.99113,32.26125],[34.991775,32.261108],[34.99043,32.26149],[34.99113,32.26125]],[[34.99521,32.26035],[34.99907,32.26097],[34.999352,32.261094],[34.994747,32.260452],[34.99521,32.26035]],[[35.00819,32.26498],[35.009718,32.265869],[35.009718,32.265869],[35.002266,32.262375],[35.00819,32.26498]],[[35.00585,32.25501],[35.00505,32.24925],[35.00819,32.26498],[35.00585,32.25501]],[[35.00264,32.25697],[35.000517,32.257416],[35.00585,32.25501],[35.00264,32.25697]],[[34.999697,32.257785],[34.99805,32.25914],[34.99931,32.25796],[34.999697,32.257785]],[[35.008034,32.268664],[35.007002,32.268856],[35.00751,32.26858],[35.008034,32.268664]],[[35.01193,32.27018],[35.010745,32.268185],[35.01079,32.26816],[35.01193,32.27018]]]]}},{"type":"Feature","id":2800,"properties":{"y":2800,"b":2,"r":17.161,"n":386,"p":22493,"nm":"קריית שמונה","nmAr":null,"d":true},"geometry":{"type":"MultiPolygon","coordinates":[[[[35.57601,33.19561],[35.57573,33.19468],[35.57293,33.19518],[35.57309,33.19621],[35.57187,33.19634],[35.5692,33.19535],[35.56586,33.19595],[35.55951,33.19067],[35.55476,33.19273],[35.55003,33.19292],[35.54959,33.19898],[35.55076,33.20257],[35.5501,33.20479],[35.55654,33.20673],[35.55401,33.21218],[35.55494,33.21528],[35.55581,33.21521],[35.556127,33.215014],[35.55489,33.21862],[35.55576,33.21904],[35.55525,33.22037],[35.55596,33.22093],[35.55519,33.22135],[35.55615,33.22485],[35.55887,33.22714],[35.56242,33.23246],[35.56639,33.2281],[35.56876,33.22928],[35.57218,33.22952],[35.5742,33.22793],[35.57469,33.22658],[35.57685,33.22557],[35.571301,33.218539],[35.57451,33.22189],[35.57758,33.22577],[35.57807,33.22816],[35.58005,33.22746],[35.58007,33.22663],[35.5873,33.23082],[35.58981,33.23069],[35.58988,33.23018],[35.6022,33.22991],[35.60341,33.22734],[35.60234,33.22513],[35.59259,33.22512],[35.59543,33.2225],[35.59759,33.218],[35.60023,33.22115],[35.60296,33.21964],[35.58843,33.20316],[35.58626,33.19845],[35.57961,33.19926],[35.577786,33.199565],[35.57908,33.1992],[35.57711,33.19499],[35.57693,33.19563],[35.57601,33.19561]],[[35.579701,33.222721],[35.57952,33.22279],[35.57451,33.22189],[35.579701,33.222721]],[[35.55968,33.21281],[35.560517,33.212979],[35.557965,33.213873],[35.55968,33.21281]],[[35.56707,33.2135],[35.567072,33.21349],[35.570431,33.212867],[35.570431,33.212869],[35.56592,33.2139],[35.56531,33.213737],[35.56707,33.2135]],[[35.57667,33.19988],[35.576708,33.199869],[35.57461,33.20823],[35.57667,33.19988]],[[35.570276,33.210989],[35.5694,33.20252],[35.569275,33.198047],[35.570276,33.210989]],[[35.5707,33.215878],[35.570891,33.218019],[35.57086,33.21798],[35.5707,33.215878]]]]}},{"type":"Feature","id":3000,"properties":{"y":3000,"b":1,"r":13.944,"n":13683,"p":981276,"nm":"ירושלים","nmAr":null,"d":true},"geometry":{"type":"MultiPolygon","coordinates":[[[[35.14076,31.72883],[35.13836,31.72828],[35.13728,31.72879],[35.13662,31.73041],[35.13692,31.74185],[35.13901,31.74384],[35.14006,31.74309],[35.14128,31.74169],[35.13954,31.73951],[35.14164,31.73699],[35.14064,31.73567],[35.14324,31.73623],[35.14429,31.73777],[35.14549,31.74656],[35.14786,31.7447],[35.14903,31.74498],[35.14977,31.74606],[35.14981,31.74889],[35.15258,31.74856],[35.15367,31.75011],[35.15323,31.75167],[35.15974,31.75363],[35.15975,31.75523],[35.16058,31.75587],[35.15986,31.75683],[35.161003,31.756998],[35.16095,31.75703],[35.161457,31.758032],[35.15979,31.75678],[35.15795,31.76064],[35.15486,31.76016],[35.15501,31.75779],[35.15436,31.75787],[35.15283,31.75939],[35.15238,31.76145],[35.15565,31.76299],[35.156359,31.762805],[35.15402,31.76386],[35.1513,31.76427],[35.15059,31.76224],[35.14741,31.762416],[35.14778,31.76199],[35.14565,31.76168],[35.14508,31.76274],[35.14342,31.76202],[35.13895,31.76202],[35.13894,31.76584],[35.14064,31.76648],[35.14045,31.7683],[35.13921,31.77306],[35.13521,31.77653],[35.13205,31.77552],[35.13036,31.774],[35.12636,31.77425],[35.12587,31.77618],[35.12662,31.77879],[35.13087,31.78087],[35.13366,31.78424],[35.13586,31.78457],[35.13805,31.78674],[35.13856,31.78623],[35.13781,31.78487],[35.13828,31.78167],[35.1397,31.78098],[35.14093,31.78124],[35.14168,31.78266],[35.14641,31.78406],[35.14931,31.78239],[35.14667,31.78406],[35.14759,31.78601],[35.15171,31.78644],[35.15231,31.7882],[35.15476,31.78972],[35.16318,31.79113],[35.16393,31.79177],[35.162936,31.792716],[35.16289,31.79273],[35.162891,31.79276],[35.16267,31.79297],[35.162892,31.792801],[35.16294,31.79431],[35.16038,31.79491],[35.16426,31.79539],[35.16912,31.79885],[35.16962,31.80167],[35.16798,31.80325],[35.17105,31.80332],[35.17202,31.8053],[35.16983,31.80845],[35.17808,31.80787],[35.187656,31.809359],[35.18727,31.81225],[35.18504,31.81381],[35.18489,31.81525],[35.185348,31.814792],[35.18383,31.81884],[35.18216,31.82066],[35.18265,31.82339],[35.18418,31.82568],[35.1884,31.82661],[35.18947,31.82169],[35.1885,31.82662],[35.19492,31.82673],[35.19971,31.82534],[35.19764,31.82193],[35.19976,31.82534],[35.20403,31.82331],[35.20705,31.8233],[35.20735,31.8207],[35.20845,31.82023],[35.20961,31.8172],[35.208819,31.816711],[35.21244,31.81796],[35.21537,31.81909],[35.21642,31.83884],[35.21419,31.84709],[35.21448,31.85082],[35.21881,31.84963],[35.2144,31.85086],[35.21153,31.85842],[35.2114,31.86302],[35.20648,31.86553],[35.20417,31.87042],[35.20449,31.87343],[35.20778,31.87872],[35.20695,31.88158],[35.20972,31.88138],[35.21016,31.88236],[35.21274,31.88158],[35.21432,31.88298],[35.221,31.88298],[35.22345,31.87837],[35.22626,31.8676],[35.22796,31.86434],[35.22807,31.8625],[35.22644,31.85909],[35.22565,31.85491],[35.22552,31.85232],[35.22711,31.84955],[35.22849,31.84783],[35.22998,31.84206],[35.2328,31.8418],[35.24121,31.84483],[35.240862,31.844594],[35.241987,31.844826],[35.24115,31.84513],[35.24595,31.84541],[35.25029,31.84414],[35.25651,31.83976],[35.25698,31.83831],[35.25585,31.83649],[35.25308,31.83464],[35.25136,31.83077],[35.25933,31.82906],[35.26657,31.82542],[35.26432,31.82521],[35.26216,31.82345],[35.26074,31.81949],[35.25848,31.81747],[35.25642,31.81319],[35.254279,31.812718],[35.25557,31.81267],[35.25697,31.81],[35.25662,31.80367],[35.25738,31.80273],[35.25923,31.8007],[35.26012,31.79235],[35.26133,31.79073],[35.26292,31.78959],[35.25979,31.78518],[35.25733,31.78496],[35.25704,31.78015],[35.25384,31.77054],[35.2518,31.7701],[35.25214,31.76827],[35.25317,31.76289],[35.25417,31.76169],[35.25916,31.75691],[35.25872,31.75296],[35.26215,31.75006],[35.26293,31.74797],[35.26047,31.74685],[35.25811,31.7422],[35.25183,31.73904],[35.251796,31.739058],[35.25118,31.7332],[35.24914,31.72552],[35.24444,31.72116],[35.24311,31.7199],[35.24245,31.71222],[35.23903,31.70965],[35.2313,31.71308],[35.22918,31.71464],[35.22898,31.7162],[35.22747,31.7179],[35.22407,31.71936],[35.2188,31.71585],[35.21557,31.71768],[35.20522,31.72375],[35.18042,31.72055],[35.16586,31.73238],[35.15452,31.73347],[35.15129,31.73675],[35.1506,31.73658],[35.14845,31.73577],[35.14076,31.72883]],[[35.14892,31.7796],[35.14267,31.77846],[35.14234,31.77351],[35.14394,31.77312],[35.15039,31.77488],[35.16397,31.77762],[35.16763,31.77835],[35.16856,31.77676],[35.17987,31.77896],[35.17965,31.77986],[35.179708,31.779897],[35.17954,31.77982],[35.17614,31.77876],[35.17209,31.77884],[35.17046,31.78501],[35.1681,31.78751],[35.17068,31.79109],[35.16812,31.78781],[35.16825,31.79009],[35.16568,31.79078],[35.16376,31.7892],[35.15145,31.78494],[35.15112,31.78284],[35.14931,31.78239],[35.14892,31.7796]],[[35.16246,31.77509],[35.162484,31.774932],[35.16397,31.77762],[35.16246,31.77509]],[[35.19586,31.82195],[35.195824,31.82193],[35.19764,31.82193],[35.19586,31.82195]],[[35.199568,31.82042],[35.19968,31.82057],[35.19764,31.82193],[35.199568,31.82042]],[[35.24607,31.84318],[35.247277,31.840585],[35.24595,31.84541],[35.24607,31.84318]],[[35.246534,31.835905],[35.24697,31.83594],[35.25651,31.83976],[35.246534,31.835905]],[[35.25447,31.826],[35.253456,31.824986],[35.25933,31.82906],[35.25447,31.826]],[[35.216715,31.718369],[35.215948,31.71846],[35.21606,31.71834],[35.21557,31.71768],[35.216715,31.718369]],[[35.201094,31.81666],[35.198257,31.814732],[35.19836,31.8147],[35.20092,31.81647],[35.201185,31.816602],[35.201094,31.81666]],[[35.203586,31.809094],[35.2036,31.80789],[35.203582,31.807342],[35.20369,31.80875],[35.203586,31.809094]],[[35.20347,31.804],[35.20375,31.803681],[35.203478,31.804225],[35.20347,31.804]],[[35.20552,31.80166],[35.2083,31.80015],[35.208872,31.800046],[35.204694,31.802602],[35.20552,31.80166]],[[35.19984,31.79911],[35.20212,31.79903],[35.202234,31.799118],[35.19984,31.79911]],[[35.206418,31.794322],[35.206419,31.794324],[35.205947,31.797664],[35.20586,31.79502],[35.20212,31.79903],[35.206418,31.794322]],[[35.20832,31.79404],[35.2076,31.79573],[35.207502,31.795613],[35.20832,31.79404]],[[35.21019,31.79235],[35.21028,31.79235],[35.210189,31.792361],[35.21019,31.79235]],[[35.20678,31.78677],[35.207493,31.785286],[35.20705,31.78637],[35.210609,31.784853],[35.20459,31.78791],[35.20678,31.78677]],[[35.208572,31.781785],[35.20842,31.78302],[35.208345,31.783204],[35.208572,31.781785]],[[35.21331,31.78088],[35.212816,31.779997],[35.21367,31.78076],[35.213685,31.780752],[35.213761,31.780851],[35.21204,31.78137],[35.20973,31.78247],[35.2114,31.78161],[35.21331,31.78088]],[[35.21241,31.78266],[35.2143,31.78242],[35.2124,31.78268],[35.212629,31.783933],[35.212628,31.783933],[35.21204,31.78137],[35.21241,31.78266]],[[35.215613,31.783208],[35.213384,31.783749],[35.21556,31.7832],[35.215613,31.783208]],[[35.21987,31.77974],[35.219627,31.778905],[35.22069,31.78136],[35.21987,31.77974]],[[35.22448,31.78285],[35.22241,31.7825],[35.22069,31.78136],[35.22448,31.78285]],[[35.22512,31.77899],[35.224505,31.782943],[35.22448,31.78285],[35.22512,31.77899]],[[35.225042,31.778956],[35.22583,31.77924],[35.22807,31.78127],[35.22577,31.77931],[35.22512,31.77899],[35.225042,31.778956]],[[35.213873,31.780643],[35.21482,31.7801],[35.214829,31.779975],[35.214981,31.780477],[35.213873,31.780643]],[[35.21494,31.77836],[35.215409,31.778185],[35.214908,31.778826],[35.21494,31.77836]],[[35.216854,31.774991],[35.21784,31.77506],[35.219142,31.774157],[35.21772,31.77523],[35.216854,31.774991]],[[35.2118,31.77029],[35.21715,31.77417],[35.21695,31.77106],[35.21784,31.77506],[35.2118,31.77029]],[[35.20929,31.76965],[35.20913,31.77622],[35.209115,31.776489],[35.20898,31.76996],[35.206988,31.768865],[35.209,31.76965],[35.20713,31.76841],[35.2118,31.77029],[35.20929,31.76965]],[[35.22278,31.77774],[35.2224,31.77687],[35.222991,31.77807],[35.22033,31.77692],[35.21772,31.77523],[35.22278,31.77774]],[[35.219422,31.778203],[35.21938,31.77806],[35.22033,31.77692],[35.219422,31.778203]],[[35.21394,31.77023],[35.21305,31.76935],[35.213086,31.769307],[35.214012,31.77025],[35.21394,31.77023]],[[35.21363,31.76865],[35.213524,31.768594],[35.21374,31.76869],[35.21664,31.76823],[35.216882,31.768236],[35.213149,31.769231],[35.21363,31.76865]],[[35.215,31.76357],[35.21315,31.76284],[35.215296,31.763619],[35.215009,31.763658],[35.215,31.76357]],[[35.221485,31.762835],[35.22321,31.76306],[35.22151,31.76285],[35.221485,31.762835]],[[35.22273,31.76133],[35.22384,31.76472],[35.22416,31.76948],[35.224122,31.769541],[35.22388,31.76842],[35.22321,31.76306],[35.22273,31.76133]],[[35.21526,31.7592],[35.215231,31.759173],[35.215339,31.759246],[35.21526,31.7592]],[[35.215076,31.759517],[35.214551,31.759159],[35.21526,31.7592],[35.215076,31.759517]],[[35.214006,31.758022],[35.21505,31.758],[35.221799,31.756277],[35.2218,31.756278],[35.214259,31.758259],[35.214006,31.758022]],[[35.21536,31.74612],[35.215,31.74499],[35.219647,31.754046],[35.219645,31.754046],[35.21536,31.74612]],[[35.2161,31.74445],[35.21312,31.73996],[35.21083,31.74369],[35.21293,31.74016],[35.21597,31.73569],[35.2188,31.73384],[35.2227,31.73444],[35.2246,31.73736],[35.22452,31.73874],[35.22535,31.74175],[35.2273,31.74481],[35.22732,31.744807],[35.22582,31.74621],[35.223532,31.746822],[35.22276,31.74436],[35.22049,31.74286],[35.21599,31.74459],[35.216092,31.744768],[35.215,31.74499],[35.2161,31.74445]],[[35.21215,31.73898],[35.209985,31.735136],[35.21293,31.74016],[35.21215,31.73898]],[[35.228535,31.738492],[35.22843,31.73856],[35.22452,31.73874],[35.228535,31.738492]],[[35.221502,31.732108],[35.22148,31.73222],[35.21867,31.73315],[35.221502,31.732108]],[[35.221268,31.731675],[35.22183,31.7304],[35.221515,31.732038],[35.221268,31.731675]],[[35.227626,31.727967],[35.22628,31.72906],[35.22183,31.7304],[35.227626,31.727967]],[[35.218655,31.728521],[35.21968,31.72984],[35.2198,31.73104],[35.218655,31.728521]],[[35.215776,31.722203],[35.215786,31.722224],[35.21529,31.72379],[35.215776,31.722203]],[[35.20457,31.72668],[35.215461,31.721531],[35.215606,31.721842],[35.20457,31.72668]],[[35.21538,31.71907],[35.215679,31.718749],[35.21609,31.71941],[35.21538,31.71907]],[[35.192335,31.794703],[35.19231,31.79476],[35.18894,31.79599],[35.19113,31.79497],[35.192335,31.794703]],[[35.18756,31.7984],[35.18745,31.79849],[35.18894,31.79599],[35.18756,31.7984]],[[35.193093,31.787601],[35.18947,31.78761],[35.19295,31.7876],[35.193093,31.787601]],[[35.18423,31.77594],[35.18575,31.77769],[35.18801,31.78015],[35.189905,31.782568],[35.18965,31.78255],[35.18423,31.77594]],[[35.184682,31.766834],[35.18716,31.76821],[35.18464,31.76699],[35.184682,31.766834]],[[35.18745,31.76462],[35.184709,31.766731],[35.18488,31.76609],[35.18745,31.76462]],[[35.18725,31.76334],[35.187262,31.763418],[35.186884,31.763349],[35.18725,31.76334]],[[35.18561,31.76338],[35.186127,31.763367],[35.18377,31.76521],[35.18561,31.76338]],[[35.186029,31.762268],[35.18605,31.76232],[35.18561,31.76338],[35.186029,31.762268]],[[35.187888,31.75804],[35.18988,31.75911],[35.18826,31.75879],[35.187888,31.75804]],[[35.18741,31.75492],[35.187432,31.754906],[35.18784,31.757943],[35.18761,31.75748],[35.18741,31.75492]],[[35.188483,31.754541],[35.187489,31.75487],[35.188197,31.754427],[35.188483,31.754541]],[[35.191366,31.755297],[35.19116,31.75533],[35.19451,31.75669],[35.19515,31.756853],[35.19283,31.75672],[35.1939,31.75667],[35.191184,31.755421],[35.191031,31.754896],[35.191366,31.755297]],[[35.19267,31.75496],[35.192853,31.75454],[35.19451,31.75669],[35.19267,31.75496]],[[35.19399,31.76033],[35.193848,31.760876],[35.19373,31.76016],[35.193648,31.760164],[35.19283,31.75672],[35.19399,31.76033]],[[35.193649,31.760167],[35.19167,31.76033],[35.19303,31.76019],[35.193648,31.760164],[35.193649,31.760167]],[[35.198109,31.758028],[35.196772,31.757265],[35.19742,31.75743],[35.198109,31.758028]],[[35.20032,31.7563],[35.1986,31.75593],[35.200417,31.756264],[35.20032,31.7563]],[[35.203189,31.755235],[35.200772,31.756132],[35.20302,31.75517],[35.203189,31.755235]],[[35.204586,31.755528],[35.207702,31.758428],[35.20718,31.75819],[35.203541,31.755369],[35.20438,31.75569],[35.204586,31.755528]],[[35.20591,31.74796],[35.20522,31.75067],[35.205292,31.750716],[35.20484,31.75179],[35.20591,31.74796]],[[35.20854,31.73267],[35.208683,31.732913],[35.20584,31.7312],[35.20854,31.73267]],[[35.19143,31.78348],[35.18884,31.78396],[35.188403,31.783792],[35.19143,31.78348]],[[35.159852,31.761307],[35.15992,31.76123],[35.16011,31.76208],[35.159852,31.761307]],[[35.16843,31.76571],[35.16946,31.76507],[35.169873,31.765129],[35.16843,31.76571]],[[35.169984,31.765145],[35.17016,31.76517],[35.17026,31.76626],[35.169984,31.765145]],[[35.171857,31.766135],[35.16799,31.76837],[35.17166,31.76622],[35.17026,31.76626],[35.171857,31.766135]],[[35.17433,31.76797],[35.17436,31.765945],[35.17444,31.76609],[35.174513,31.768161],[35.17433,31.76797]],[[35.174814,31.768475],[35.17535,31.768684],[35.17502,31.76869],[35.174814,31.768475]],[[35.178197,31.768633],[35.178023,31.768153],[35.17891,31.76862],[35.178197,31.768633]],[[35.191445,31.755284],[35.191831,31.754563],[35.1919,31.75521],[35.191445,31.755284]],[[35.19318,31.74934],[35.192897,31.748711],[35.194144,31.749901],[35.19318,31.74934]],[[35.195038,31.75042],[35.19826,31.75012],[35.19557,31.75073],[35.195038,31.75042]],[[35.19861,31.75131],[35.19961,31.75347],[35.200507,31.752798],[35.19952,31.754419],[35.19826,31.75012],[35.19861,31.75131]],[[35.202748,31.751119],[35.20288,31.75102],[35.20225,31.74869],[35.20337,31.75177],[35.20302,31.75097],[35.202748,31.751119]],[[35.16568,31.75626],[35.16316,31.7573],[35.16311,31.757276],[35.16568,31.75626]],[[35.169556,31.75758],[35.16956,31.75759],[35.17026,31.757],[35.16873,31.75994],[35.169556,31.75758]],[[35.16986,31.76045],[35.170375,31.76119],[35.16744,31.75958],[35.16873,31.75994],[35.16986,31.76045]],[[35.178582,31.750848],[35.17866,31.75085],[35.178672,31.750869],[35.17886,31.75185],[35.178582,31.750848]],[[35.17568,31.7583],[35.176735,31.757732],[35.176689,31.757885],[35.17484,31.75931],[35.17568,31.7583]],[[35.18089,31.75829],[35.180838,31.758337],[35.17772,31.75448],[35.18089,31.75829]],[[35.18788,31.7543],[35.188033,31.754361],[35.187557,31.754441],[35.18788,31.7543]],[[35.163785,31.752173],[35.16413,31.74977],[35.164434,31.749354],[35.16407,31.75217],[35.16892,31.75234],[35.163785,31.752173]],[[35.168842,31.75556],[35.16877,31.75551],[35.16892,31.75234],[35.168842,31.75556]],[[35.174477,31.745981],[35.1746,31.74605],[35.17507,31.74758],[35.175054,31.747682],[35.174477,31.745981]],[[35.17347,31.74541],[35.1741,31.745767],[35.173082,31.745458],[35.17347,31.74541]],[[35.16774,31.74612],[35.164692,31.749001],[35.168744,31.743458],[35.168757,31.743458],[35.16587,31.74788],[35.16774,31.74612]],[[35.17684,31.74481],[35.173954,31.743352],[35.17406,31.74335],[35.17684,31.74481]],[[35.191523,31.7474],[35.191382,31.747349],[35.19146,31.74734],[35.191523,31.7474]],[[35.163421,31.744395],[35.1652,31.74353],[35.168001,31.743473],[35.163421,31.744395]],[[35.198644,31.727824],[35.19967,31.72813],[35.199922,31.72841],[35.198644,31.727824]],[[35.2027,31.73209],[35.200633,31.729199],[35.2032,31.73205],[35.203149,31.732297],[35.2027,31.73209]],[[35.19856,31.73853],[35.19859,31.73965],[35.198502,31.739677],[35.19856,31.73853]],[[35.192234,31.738726],[35.19175,31.739],[35.191687,31.738795],[35.192234,31.738726]],[[35.184421,31.738547],[35.187,31.73832],[35.18264,31.73965],[35.18438,31.73873],[35.184421,31.738547]],[[35.17534,31.73949],[35.18133,31.73942],[35.181245,31.739329],[35.18264,31.73965],[35.17534,31.73949]],[[35.18432,31.72927],[35.184334,31.72929],[35.18431,31.72926],[35.18413,31.72582],[35.18432,31.72927]],[[35.180468,31.732893],[35.18015,31.73388],[35.18131,31.73315],[35.178944,31.735095],[35.18046,31.73291],[35.180468,31.732893]],[[35.178456,31.735799],[35.179529,31.73749],[35.17824,31.73611],[35.178456,31.735799]],[[35.182031,31.729668],[35.18219,31.72934],[35.182479,31.729329],[35.182031,31.729668]],[[35.18162,31.74793],[35.183781,31.749153],[35.17893,31.74759],[35.18162,31.74793]],[[35.18487,31.74977],[35.18584,31.75219],[35.184464,31.74954],[35.18487,31.74977]],[[35.17232,31.762257],[35.17221,31.762196],[35.1723,31.76222],[35.17232,31.762257]],[[35.17563,31.76138],[35.176726,31.761748],[35.17659,31.76183],[35.17437,31.76131],[35.17563,31.76138]],[[35.173516,31.762553],[35.1735,31.76249],[35.17437,31.76131],[35.173516,31.762553]],[[35.178638,31.760601],[35.177105,31.761521],[35.17865,31.7603],[35.178638,31.760601]],[[35.184674,31.76114],[35.18469,31.76117],[35.183923,31.761742],[35.18392,31.76172],[35.184674,31.76114]],[[35.184341,31.758044],[35.185497,31.760936],[35.18482,31.75931],[35.184527,31.759637],[35.184341,31.758044]],[[35.18594,31.756322],[35.18619,31.75632],[35.186006,31.756478],[35.18594,31.756322]],[[35.184581,31.757699],[35.184327,31.757917],[35.18432,31.75786],[35.184581,31.757699]],[[35.17923,31.76694],[35.17819,31.76457],[35.178573,31.76216],[35.17845,31.76513],[35.17923,31.76694]],[[35.174,31.76449],[35.173857,31.763917],[35.174024,31.764524],[35.174,31.76449]],[[35.177478,31.766803],[35.17522,31.76617],[35.17748,31.76676],[35.177478,31.766803]],[[35.143522,31.767686],[35.1437,31.76765],[35.14512,31.76944],[35.143522,31.767686]],[[35.15116,31.77175],[35.148007,31.770544],[35.148969,31.770549],[35.151423,31.771688],[35.15116,31.77175]],[[35.14673,31.76951],[35.1459,31.76754],[35.14601,31.765641],[35.14673,31.76951]],[[35.146076,31.764494],[35.14611,31.76391],[35.146782,31.763138],[35.146076,31.764494]],[[35.175564,31.790549],[35.17424,31.79026],[35.1722,31.78869],[35.175564,31.790549]],[[35.176747,31.791203],[35.177735,31.791749],[35.17478,31.79296],[35.17704,31.7918],[35.176747,31.791203]],[[35.179641,31.789427],[35.17888,31.79128],[35.178217,31.791552],[35.179641,31.789427]],[[35.179837,31.78895],[35.17942,31.78625],[35.179866,31.785938],[35.17996,31.78865],[35.179837,31.78895]],[[35.181011,31.785137],[35.18198,31.78446],[35.187134,31.783375],[35.187146,31.78338],[35.181011,31.785137]],[[35.15252,31.77143],[35.151826,31.771593],[35.152776,31.770851],[35.15252,31.77143]],[[35.15407,31.76984],[35.15466,31.76742],[35.154265,31.770003],[35.153839,31.770021],[35.15407,31.76984]],[[35.153522,31.772706],[35.154188,31.770502],[35.15389,31.77245],[35.153522,31.772706]],[[35.182646,31.772945],[35.18507,31.76838],[35.182646,31.772945],[35.182646,31.772945]],[[35.179426,31.769653],[35.17955,31.76963],[35.179639,31.769704],[35.179426,31.769653]],[[35.173984,31.785481],[35.17329,31.78416],[35.17399,31.78547],[35.173984,31.785481]],[[35.17506,31.78413],[35.175104,31.783986],[35.1758,31.78535],[35.17506,31.78413]],[[35.17539,31.78306],[35.175598,31.783037],[35.175253,31.783504],[35.17539,31.78306]],[[35.17808,31.78276],[35.178202,31.782929],[35.177122,31.782867],[35.17808,31.78276]],[[35.17772,31.78488],[35.178338,31.783116],[35.17853,31.78338],[35.17782,31.784961],[35.17772,31.78488]],[[35.163046,31.792684],[35.164,31.79196],[35.165059,31.792094],[35.163046,31.792684]],[[35.16542,31.79214],[35.17104,31.79724],[35.175086,31.800652],[35.17386,31.80006],[35.165289,31.792123],[35.16542,31.79214]],[[35.175822,31.801007],[35.17991,31.80015],[35.17618,31.80118],[35.175822,31.801007]],[[35.182706,31.801575],[35.18186,31.80157],[35.17991,31.80015],[35.182706,31.801575]],[[35.183253,31.801578],[35.187131,31.79875],[35.18367,31.80158],[35.183253,31.801578]],[[35.189562,31.730465],[35.188586,31.730992],[35.18921,31.73055],[35.189562,31.730465]],[[35.19207,31.73532],[35.19076,31.730174],[35.190778,31.730169],[35.19207,31.73532]],[[35.191892,31.730189],[35.191333,31.730035],[35.19164,31.72996],[35.191892,31.730189]],[[35.19393,31.73229],[35.193168,31.731347],[35.194306,31.732381],[35.19393,31.73229]],[[35.19659,31.73293],[35.19538,31.732639],[35.197095,31.732861],[35.19659,31.73293]],[[35.208658,31.78125],[35.208952,31.779416],[35.20894,31.77963],[35.208658,31.78125]],[[35.20471,31.76501],[35.205207,31.767885],[35.20375,31.767084],[35.20466,31.76702],[35.20471,31.76501]],[[35.20613,31.76496],[35.20517,31.7639],[35.205265,31.763914],[35.20613,31.76496]],[[35.20925,31.76569],[35.20837,31.76527],[35.209557,31.766777],[35.2094,31.76672],[35.20769,31.76454],[35.205586,31.763961],[35.20688,31.76415],[35.2058,31.76249],[35.20925,31.76569]],[[35.20751,31.761],[35.206939,31.759889],[35.207629,31.761039],[35.20751,31.761]],[[35.206359,31.758925],[35.20247,31.75829],[35.20635,31.75891],[35.206359,31.758925]],[[35.194925,31.783364],[35.193678,31.783074],[35.19429,31.78313],[35.194925,31.783364]],[[35.195637,31.783626],[35.19581,31.78369],[35.2002,31.78816],[35.19885,31.78682],[35.195637,31.783626]],[[35.200564,31.788139],[35.19953,31.78912],[35.199645,31.789248],[35.19694,31.79091],[35.197341,31.790962],[35.19683,31.79106],[35.194122,31.791742],[35.19689,31.79077],[35.19558,31.78944],[35.19717,31.79072],[35.2002,31.78816],[35.200564,31.788139]],[[35.18861,31.77195],[35.186972,31.773442],[35.19085,31.76834],[35.18861,31.77195]],[[35.20026,31.765884],[35.199413,31.765721],[35.19975,31.76566],[35.20026,31.765884]],[[35.19383,31.76673],[35.19302,31.76469],[35.193084,31.764281],[35.19383,31.76673]],[[35.199219,31.758992],[35.19985,31.75954],[35.19987,31.759685],[35.199219,31.758992]],[[35.200144,31.760979],[35.2011,31.75995],[35.200144,31.760979],[35.200144,31.760979]],[[35.193697,31.760371],[35.193832,31.760939],[35.193266,31.763123],[35.193697,31.760371]],[[35.20057,31.76363],[35.200366,31.76236],[35.200691,31.76373],[35.20057,31.76363]],[[35.20054,31.77408],[35.200588,31.77414],[35.20072,31.77437],[35.200717,31.774298],[35.201433,31.77518],[35.20113,31.7749],[35.20021,31.77442],[35.19807,31.76973],[35.20054,31.774054],[35.20054,31.77408]],[[35.201828,31.775545],[35.20293,31.77519],[35.20191,31.77562],[35.201828,31.775545]],[[35.19473,31.77115],[35.19404,31.777598],[35.19443,31.7726],[35.19492,31.76904],[35.19473,31.77115]],[[35.19913,31.78026],[35.19827,31.7816],[35.197439,31.78192],[35.19913,31.78026]],[[35.19363,31.787606],[35.19516,31.78762],[35.193636,31.787793],[35.19363,31.787606]],[[35.206416,31.794319],[35.20636,31.794306],[35.20641,31.79431],[35.206416,31.794319]],[[35.1946,31.79331],[35.193064,31.793329],[35.1931,31.79325],[35.194669,31.79324],[35.1946,31.79331]],[[35.198253,31.791843],[35.198121,31.791063],[35.19841,31.7911],[35.198253,31.791843]],[[35.211734,31.758994],[35.20902,31.75903],[35.20853,31.758806],[35.211734,31.758994]],[[35.20837,31.7527],[35.208673,31.753009],[35.208289,31.752648],[35.20837,31.7527]],[[35.21145,31.77571],[35.211865,31.776827],[35.21148,31.77682],[35.21145,31.77571]],[[35.19225,31.81275],[35.19309,31.81315],[35.185568,31.814572],[35.18572,31.81442],[35.19296,31.81311],[35.19225,31.81275]],[[35.19596,31.81216],[35.193107,31.813205],[35.19309,31.81315],[35.19596,31.81216]],[[35.195186,31.81439],[35.195,31.81408],[35.19596,31.81216],[35.195186,31.81439]],[[35.195683,31.815218],[35.19592,31.81547],[35.195877,31.815542],[35.195683,31.815218]],[[35.202343,31.811679],[35.202999,31.811038],[35.20285,31.81153],[35.202343,31.811679]],[[35.19924,31.8082],[35.20162,31.80962],[35.199077,31.808275],[35.19924,31.8082]],[[35.195384,31.821686],[35.19291,31.820312],[35.19299,31.82028],[35.195384,31.821686]],[[35.193208,31.813526],[35.19436,31.81556],[35.194109,31.816404],[35.193208,31.813526]],[[35.194036,31.816652],[35.19398,31.81684],[35.19154,31.81704],[35.194036,31.816652]],[[35.19672,31.81752],[35.19815,31.81852],[35.199106,31.819801],[35.19672,31.81752]],[[35.210549,31.790678],[35.21034,31.79074],[35.210418,31.78788],[35.210549,31.790678]],[[35.21669,31.80629],[35.216702,31.80633],[35.2085,31.80843],[35.21405,31.80692],[35.21669,31.80629]],[[35.220668,31.805641],[35.22039,31.805604],[35.22041,31.8056],[35.220668,31.805641]],[[35.22002,31.80058],[35.220049,31.80095],[35.21614,31.79966],[35.22002,31.80058]],[[35.21427,31.80111],[35.21636,31.79927],[35.21785,31.79779],[35.21986,31.79573],[35.21614,31.79966],[35.21427,31.80111]],[[35.21467,31.79995],[35.214474,31.799947],[35.21636,31.79927],[35.21467,31.79995]],[[35.215813,31.793851],[35.2159,31.79388],[35.21986,31.79573],[35.215813,31.793851]],[[35.22196,31.79643],[35.222048,31.796575],[35.21986,31.79573],[35.22196,31.79643]],[[35.216155,31.792506],[35.21678,31.79326],[35.21613,31.79252],[35.216155,31.792506]],[[35.2207,31.78988],[35.218992,31.790863],[35.21943,31.79061],[35.2207,31.78988]],[[35.220701,31.789847],[35.220948,31.790167],[35.2207,31.78988],[35.220701,31.789847]],[[35.22077,31.78794],[35.217403,31.788683],[35.21844,31.78839],[35.22077,31.78794]],[[35.22107,31.78896],[35.220725,31.789195],[35.22077,31.78794],[35.22107,31.78896]],[[35.21893,31.78634],[35.218933,31.786334],[35.21844,31.78839],[35.21893,31.78634]],[[35.221759,31.791106],[35.22172,31.791061],[35.223325,31.787381],[35.223326,31.787381],[35.221759,31.791106]],[[35.22501,31.78482],[35.224567,31.783173],[35.226829,31.787088],[35.226616,31.789682],[35.22665,31.78691],[35.223449,31.787353],[35.22648,31.78669],[35.22501,31.78482]],[[35.22398,31.79175],[35.223325,31.792321],[35.22665,31.78691],[35.22398,31.79175]],[[35.2139,31.78769],[35.21458,31.78948],[35.214377,31.78954],[35.2139,31.78769]],[[35.213017,31.787642],[35.21789,31.78702],[35.217941,31.787148],[35.2139,31.78769],[35.213017,31.787642]],[[35.211219,31.787544],[35.212311,31.787195],[35.212265,31.787601],[35.211219,31.787544]],[[35.214235,31.799944],[35.209794,31.799879],[35.21161,31.79955],[35.214235,31.799944]],[[35.205977,31.798574],[35.206137,31.798666],[35.20598,31.79867],[35.205977,31.798574]],[[35.211551,31.792344],[35.211957,31.792342],[35.21191,31.79428],[35.21228,31.7974],[35.21185,31.79458],[35.211551,31.792344]],[[35.213837,31.797446],[35.214561,31.797756],[35.21395,31.79775],[35.213837,31.797446]],[[35.21242,31.79234],[35.213738,31.792983],[35.212202,31.792341],[35.21242,31.79234]],[[35.220084,31.785694],[35.219063,31.786106],[35.22026,31.78401],[35.21964,31.78572],[35.220084,31.785694]],[[35.2169,31.814371],[35.21744,31.814293],[35.21717,31.8145],[35.2169,31.814371]],[[35.217701,31.809548],[35.21777,31.80977],[35.219412,31.810047],[35.21727,31.80986],[35.215238,31.811406],[35.21535,31.81076],[35.217701,31.809548]],[[35.21631,31.72166],[35.21692,31.72175],[35.217375,31.722104],[35.21631,31.72166]],[[35.22249,31.72043],[35.22542,31.722958],[35.22246,31.72306],[35.22474,31.72257],[35.221717,31.720087],[35.22249,31.72043]],[[35.228206,31.727496],[35.225876,31.723352],[35.22672,31.72408],[35.22823,31.727477],[35.228206,31.727496]],[[35.21803,31.71994],[35.217158,31.718635],[35.21778,31.71901],[35.21803,31.71994]],[[35.22071,31.71964],[35.221116,31.71982],[35.21803,31.71994],[35.22071,31.71964]],[[35.23085,31.77679],[35.228906,31.776549],[35.230869,31.776593],[35.230588,31.782123],[35.229877,31.781538],[35.23055,31.78192],[35.23085,31.77679]],[[35.231184,31.776628],[35.231012,31.776596],[35.23118,31.7766],[35.231184,31.776628]],[[35.23053,31.77279],[35.230719,31.773902],[35.230522,31.772768],[35.23053,31.77279]],[[35.22902,31.76871],[35.22901,31.76871],[35.229033,31.76877],[35.22854,31.76812],[35.22902,31.76871]],[[35.23197,31.76182],[35.22817,31.7634],[35.232023,31.761469],[35.23197,31.76182]],[[35.23719,31.76114],[35.232592,31.75886],[35.232604,31.758609],[35.23719,31.76114]],[[35.23275,31.75414],[35.232745,31.754214],[35.23202,31.75404],[35.23275,31.75414]],[[35.240243,31.752632],[35.24003,31.75286],[35.23275,31.75414],[35.240243,31.752632]],[[35.23118,31.75174],[35.231199,31.751202],[35.23192,31.75328],[35.232056,31.753262],[35.23202,31.75404],[35.23118,31.75174]],[[35.231495,31.746721],[35.231322,31.747609],[35.23135,31.74681],[35.231495,31.746721]],[[35.23347,31.74602],[35.232177,31.746303],[35.23409,31.74513],[35.23347,31.74602]],[[35.23542,31.74519],[35.2334,31.74304],[35.23575,31.7451],[35.23669,31.74308],[35.235772,31.745741],[35.233197,31.743718],[35.23357,31.74365],[35.23542,31.74519]],[[35.2383,31.74211],[35.2404,31.74169],[35.24532,31.74254],[35.240559,31.742114],[35.24073,31.74175],[35.23669,31.74308],[35.2383,31.74211]],[[35.22737,31.74704],[35.22751,31.744782],[35.227639,31.744765],[35.22753,31.75126],[35.22737,31.74704]],[[35.224071,31.760197],[35.224511,31.760958],[35.22442,31.76089],[35.224071,31.760197]],[[35.2247,31.75567],[35.22531,31.76155],[35.22501,31.761328],[35.2247,31.75567]],[[35.22443,31.7539],[35.22394,31.75062],[35.2247,31.75567],[35.22443,31.7539]],[[35.2203,31.75053],[35.21949,31.7475],[35.21989,31.74885],[35.2203,31.75053]],[[35.227547,31.776381],[35.22734,31.77547],[35.227171,31.775438],[35.22748,31.77284],[35.227596,31.776387],[35.227547,31.776381]],[[35.222092,31.772112],[35.22283,31.7716],[35.22387,31.77153],[35.222092,31.772112]],[[35.22484,31.77498],[35.225976,31.775209],[35.22483,31.77499],[35.224694,31.775096],[35.224605,31.774713],[35.22484,31.77498]],[[35.23383,31.83966],[35.23298,31.83832],[35.23303,31.8383],[35.23383,31.83966]],[[35.237897,31.827086],[35.23691,31.828308],[35.237225,31.82752],[35.23725,31.82758],[35.237897,31.827086]],[[35.23687,31.81815],[35.23691,31.81784],[35.2371,31.81822],[35.23687,31.81815]],[[35.236983,31.817282],[35.23704,31.81684],[35.23979,31.81591],[35.236983,31.817282]],[[35.246853,31.815587],[35.246758,31.815397],[35.24722,31.81557],[35.246853,31.815587]],[[35.244947,31.813766],[35.24461,31.81359],[35.24408,31.80918],[35.244947,31.813766]],[[35.244682,31.808571],[35.24459,31.809],[35.25121,31.80966],[35.24408,31.80918],[35.244682,31.808571]],[[35.244855,31.807769],[35.244454,31.806944],[35.24495,31.80733],[35.244855,31.807769]],[[35.235823,31.808027],[35.239624,31.808354],[35.2396,31.80836],[35.23587,31.80808],[35.235823,31.808027]],[[35.234344,31.806529],[35.234123,31.806492],[35.23431,31.80649],[35.234344,31.806529]],[[35.234477,31.804294],[35.23478,31.80514],[35.234894,31.805061],[35.23431,31.80649],[35.234477,31.804294]],[[35.226952,31.79389],[35.22657,31.79351],[35.226585,31.792295],[35.226952,31.79389]],[[35.220551,31.813042],[35.220571,31.811563],[35.22093,31.81202],[35.221735,31.811659],[35.220551,31.813042]],[[35.222127,31.796737],[35.22213,31.796708],[35.222174,31.79678],[35.222127,31.796737]],[[35.22496,31.79931],[35.224758,31.799127],[35.22757,31.80023],[35.22496,31.79931]],[[35.220618,31.79907],[35.220453,31.799258],[35.22036,31.79906],[35.220618,31.79907]],[[35.220579,31.81098],[35.220589,31.810246],[35.22097,31.81031],[35.220579,31.81098]],[[35.23578,31.77562],[35.23588,31.77489],[35.235957,31.775653],[35.23578,31.77562]],[[35.236968,31.783862],[35.23904,31.78179],[35.2372,31.78391],[35.236968,31.783862]],[[35.2373,31.78496],[35.237357,31.785],[35.23745,31.78714],[35.2372,31.78391],[35.2373,31.78496]],[[35.237423,31.785045],[35.23917,31.78626],[35.23743,31.78512],[35.237423,31.785045]],[[35.245174,31.789659],[35.246352,31.78933],[35.24639,31.78937],[35.245174,31.789659]],[[35.245008,31.787887],[35.24497,31.78785],[35.245054,31.7878],[35.245008,31.787887]],[[35.23968,31.74586],[35.23927,31.74487],[35.240028,31.746143],[35.23776,31.74598],[35.23968,31.74586]],[[35.23396,31.75301],[35.235609,31.752786],[35.23549,31.75291],[35.233579,31.75306],[35.23396,31.75301]],[[35.234782,31.750151],[35.23488,31.75018],[35.23707,31.74517],[35.23396,31.75301],[35.234782,31.750151]],[[35.2369,31.75144],[35.236576,31.751777],[35.236914,31.75135],[35.2369,31.75144]],[[35.238408,31.764039],[35.23864,31.76379],[35.24137,31.76306],[35.238408,31.764039]],[[35.24176,31.75051],[35.2416,31.75118],[35.24117,31.75164],[35.24176,31.75051]],[[35.240076,31.746225],[35.24024,31.7465],[35.23822,31.74942],[35.240076,31.746225]],[[35.24044,31.77408],[35.240577,31.77389],[35.23989,31.77816],[35.24044,31.77408]],[[35.24098,31.77333],[35.24634,31.77182],[35.240866,31.773488],[35.24098,31.77333]],[[35.23879,31.77009],[35.23991,31.76987],[35.23881,31.770138],[35.23879,31.77009]],[[35.24489,31.80353],[35.245069,31.803408],[35.24356,31.80625],[35.24489,31.80353]],[[35.2396,31.81886],[35.23969,31.819009],[35.238839,31.81875],[35.2396,31.81886]],[[35.24016,31.81979],[35.239983,31.820661],[35.239908,31.819371],[35.24016,31.81979]],[[35.239908,31.821032],[35.23989,31.82112],[35.237547,31.823445],[35.23738,31.82328],[35.239908,31.821032]],[[35.23774,31.823636],[35.2451,31.82416],[35.24113,31.82403],[35.237757,31.823652],[35.23774,31.823636]],[[35.249643,31.822905],[35.250459,31.823114],[35.2451,31.82416],[35.249643,31.822905]],[[35.25216,31.82355],[35.252332,31.823862],[35.251972,31.823502],[35.25216,31.82355]],[[35.254947,31.821798],[35.25468,31.82279],[35.254577,31.822821],[35.254947,31.821798]],[[35.255022,31.81929],[35.25551,31.81971],[35.255455,31.819914],[35.255022,31.81929]],[[35.25169,31.81889],[35.25458,31.81891],[35.254645,31.818966],[35.25169,31.81889]],[[35.23808,31.80276],[35.237926,31.802866],[35.23856,31.801],[35.23808,31.80276]],[[35.24664,31.80233],[35.241562,31.800423],[35.2416,31.80041],[35.24664,31.80233]],[[35.24705,31.802345],[35.245842,31.802877],[35.24664,31.80233],[35.24705,31.802345]],[[35.236724,31.794669],[35.23715,31.79409],[35.24032,31.79318],[35.236724,31.794669]],[[35.24107,31.79076],[35.241363,31.790686],[35.24032,31.79318],[35.24107,31.79076]],[[35.236494,31.783765],[35.23129,31.7827],[35.230867,31.782352],[35.236494,31.783765]],[[35.2491,31.81367],[35.25127,31.81283],[35.251552,31.81282],[35.2491,31.81367]],[[35.24462,31.81907],[35.248699,31.822276],[35.243936,31.81918],[35.24462,31.81907]],[[35.24686,31.81724],[35.246896,31.817075],[35.24928,31.817541],[35.24686,31.81724]],[[35.234001,31.835355],[35.233894,31.835785],[35.23389,31.83576],[35.234001,31.835355]],[[35.2373,31.82929],[35.234871,31.832187],[35.23492,31.83201],[35.2373,31.82929]],[[35.239423,31.828692],[35.239048,31.829109],[35.2373,31.82929],[35.239423,31.828692]],[[35.238059,31.831645],[35.238729,31.834234],[35.238681,31.83421],[35.23871,31.8342],[35.23802,31.83177],[35.238059,31.831645]],[[35.24105,31.83538],[35.239782,31.834754],[35.24299,31.835551],[35.24105,31.83538]],[[35.246401,31.835895],[35.246402,31.835895],[35.24745,31.8398],[35.247482,31.839843],[35.24744,31.839993],[35.246401,31.835895]],[[35.24491,31.82881],[35.24537,31.82628],[35.24552,31.82636],[35.243446,31.835591],[35.243445,31.835591],[35.24491,31.82881]],[[35.239986,31.825862],[35.2403,31.82609],[35.240313,31.826198],[35.239986,31.825862]],[[35.240368,31.826663],[35.24047,31.82753],[35.239553,31.828548],[35.240368,31.826663]],[[35.23996,31.83863],[35.24021,31.84057],[35.240399,31.844278],[35.24021,31.84415],[35.23996,31.83863]],[[35.24439,31.8389],[35.2416,31.84052],[35.24347,31.84071],[35.24021,31.84057],[35.24439,31.8389]],[[35.24294,31.84448],[35.242416,31.84467],[35.243309,31.844033],[35.24294,31.84448]]],[[[35.12035,31.75289],[35.12184,31.75382],[35.1268,31.75175],[35.12761,31.7491],[35.12418,31.74703],[35.12148,31.74678],[35.11822,31.74499],[35.11531,31.74137],[35.11241,31.73971],[35.10817,31.73992],[35.10554,31.74157],[35.10194,31.74182],[35.09627,31.73954],[35.09532,31.74015],[35.09309,31.74977],[35.09133,31.7501],[35.08662,31.74865],[35.08554,31.74892],[35.0853,31.74986],[35.08553,31.75321],[35.08873,31.75485],[35.08842,31.75763],[35.09169,31.7577],[35.09347,31.76044],[35.09507,31.7603],[35.09621,31.75906],[35.10167,31.76015],[35.10574,31.7596],[35.10704,31.75679],[35.10661,31.75295],[35.11226,31.75099],[35.1147,31.7491],[35.11966,31.75105],[35.12035,31.75289]]],[[[35.13359,31.78581],[35.13252,31.7877],[35.13268,31.78476],[35.13048,31.78325],[35.12949,31.79071],[35.1316,31.7901],[35.13325,31.79336],[35.13512,31.79387],[35.13594,31.79336],[35.13665,31.79235],[35.13406,31.79043],[35.1338,31.78803],[35.13522,31.78633],[35.13881,31.78946],[35.13925,31.78861],[35.13516,31.78575],[35.13359,31.78581]]]]}},{"type":"Feature","id":3557,"properties":{"y":3557,"b":0,"r":5.057,"n":23,"p":4548,"nm":"קדומים","nmAr":null,"d":false},"geometry":{"type":"MultiPolygon","coordinates":[[[[35.16516,32.2329],[35.16751,32.23019],[35.1657,32.22909],[35.16706,32.22627],[35.16516,32.22376],[35.16528,32.2205],[35.16449,32.22009],[35.16393,32.22186],[35.16259,32.22189],[35.16215,32.22079],[35.16429,32.2184],[35.16133,32.21806],[35.15902,32.216],[35.16237,32.21404],[35.16327,32.21398],[35.16472,32.21556],[35.16561,32.21581],[35.16591,32.21518],[35.16234,32.20986],[35.15901,32.20875],[35.16012,32.20775],[35.16584,32.20758],[35.16547,32.20973],[35.16681,32.21008],[35.16655,32.20904],[35.16767,32.2071],[35.17039,32.20619],[35.17188,32.20704],[35.17262,32.20625],[35.17188,32.20622],[35.17117,32.20473],[35.1705,32.20467],[35.17072,32.20543],[35.16654,32.20518],[35.16547,32.20422],[35.16737,32.20248],[35.16435,32.20194],[35.1635,32.204],[35.1645,32.20466],[35.16338,32.20549],[35.16178,32.20362],[35.16085,32.20444],[35.16238,32.20501],[35.16253,32.20685],[35.15997,32.20673],[35.1589,32.205],[35.15761,32.20568],[35.15742,32.20811],[35.15511,32.20815],[35.15474,32.20919],[35.15586,32.21145],[35.1534,32.21166],[35.15235,32.21014],[35.15049,32.2108],[35.15295,32.21233],[35.15194,32.21309],[35.1509,32.21264],[35.15056,32.21403],[35.1525,32.21554],[35.15276,32.21477],[35.15399,32.21457],[35.15522,32.21514],[35.15418,32.21638],[35.15503,32.21917],[35.15581,32.21914],[35.15611,32.21758],[35.15697,32.21755],[35.15745,32.21537],[35.15924,32.21844],[35.15985,32.21832],[35.15727,32.22215],[35.15998,32.22398],[35.16188,32.22332],[35.16211,32.22443],[35.15965,32.22639],[35.16225,32.23409],[35.16304,32.23295],[35.16516,32.2329]]],[[[35.15245,32.23179],[35.15283,32.22956],[35.15057,32.2297],[35.15245,32.23179]]],[[[35.16107,32.23266],[35.15962,32.2314],[35.15802,32.23155],[35.15661,32.23033],[35.15601,32.2309],[35.15685,32.23207],[35.15794,32.23201],[35.15915,32.23476],[35.16031,32.23498],[35.16129,32.23674],[35.16321,32.2355],[35.16168,32.2352],[35.16107,32.23266]]]]}},{"type":"Feature","id":3560,"properties":{"y":3560,"b":0,"r":3.72,"n":16,"p":4301,"nm":"אלקנה","nmAr":null,"d":false},"geometry":{"type":"MultiPolygon","coordinates":[[[[35.02216,32.10778],[35.02194,32.10697],[35.01749,32.10769],[35.02007,32.10818],[35.01649,32.10937],[35.01748,32.11018],[35.01769,32.10939],[35.01945,32.10885],[35.02145,32.11125],[35.02247,32.11024],[35.0212,32.11005],[35.0204,32.10788],[35.02216,32.10778]]],[[[35.0377,32.11062],[35.03946,32.10912],[35.03921,32.10837],[35.0359,32.10515],[35.0321,32.1065],[35.03294,32.10847],[35.02646,32.11276],[35.0274,32.11412],[35.031229,32.113986],[35.02959,32.11415],[35.03218,32.11588],[35.03227,32.1172],[35.03429,32.11782],[35.03501,32.11692],[35.03381,32.11559],[35.03663,32.11468],[35.03621,32.11389],[35.03781,32.11337],[35.03888,32.11397],[35.04001,32.11304],[35.04012,32.11558],[35.0393,32.11703],[35.03629,32.11809],[35.03736,32.12071],[35.0417,32.11644],[35.04257,32.11303],[35.04304,32.10985],[35.0412,32.11005],[35.04097,32.11108],[35.03869,32.10984],[35.0377,32.11062]],[[35.031698,32.113939],[35.03169,32.11397],[35.031229,32.113986],[35.031698,32.113939]],[[35.03217,32.11216],[35.03532,32.11116],[35.0346,32.11309],[35.03329,32.11378],[35.031698,32.113939],[35.03217,32.11216]]],[[[35.03554,32.11518],[35.03565,32.11517],[35.03569,32.11508],[35.03554,32.11518]]]]}},{"type":"Feature","id":3570,"properties":{"y":3570,"b":1,"r":11.501,"n":236,"p":20520,"nm":"אריאל","nmAr":null,"d":true},"geometry":{"type":"MultiPolygon","coordinates":[[[[35.13109,32.07975],[35.13421,32.08057],[35.14406,32.08054],[35.14457,32.07841],[35.14403,32.07793],[35.13766,32.07673],[35.13474,32.0749],[35.13251,32.07539],[35.1299,32.07753],[35.1292,32.08082],[35.13029,32.08129],[35.13109,32.07975]]],[[[35.11244,32.08393],[35.11297,32.08453],[35.11217,32.08513],[35.11317,32.08641],[35.11122,32.08695],[35.11095,32.0898],[35.11194,32.09018],[35.11068,32.0907],[35.11089,32.09184],[35.11231,32.0923],[35.11398,32.0943],[35.11563,32.09436],[35.11871,32.09707],[35.12477,32.09802],[35.1263,32.09644],[35.12802,32.09639],[35.13077,32.0973],[35.12915,32.0986],[35.1263,32.0983],[35.12492,32.09958],[35.12673,32.10177],[35.12571,32.10157],[35.1281,32.10308],[35.12876,32.1024],[35.12769,32.10092],[35.13077,32.09955],[35.13135,32.09813],[35.13265,32.09802],[35.13296,32.09674],[35.13476,32.09552],[35.13345,32.09814],[35.13381,32.09954],[35.13177,32.10098],[35.13217,32.10168],[35.13056,32.10212],[35.13033,32.10335],[35.13072,32.10418],[35.13222,32.10367],[35.13272,32.10506],[35.13368,32.1041],[35.13423,32.10574],[35.13663,32.1062],[35.13818,32.10368],[35.13966,32.10356],[35.14117,32.1056],[35.14337,32.10504],[35.14503,32.10598],[35.14665,32.10585],[35.14683,32.10686],[35.14859,32.10768],[35.14871,32.10673],[35.15153,32.10665],[35.15173,32.10584],[35.14939,32.10388],[35.14862,32.10392],[35.14842,32.10519],[35.14614,32.10442],[35.14578,32.10357],[35.14875,32.10171],[35.14754,32.09931],[35.1427,32.09643],[35.14235,32.09548],[35.14305,32.09538],[35.14497,32.09661],[35.14955,32.0963],[35.15139,32.09538],[35.14972,32.09783],[35.15435,32.0979],[35.15595,32.10211],[35.16337,32.10887],[35.16552,32.10886],[35.16519,32.10751],[35.16217,32.10633],[35.16133,32.10302],[35.15836,32.10174],[35.15912,32.09908],[35.16281,32.09714],[35.16413,32.09548],[35.1654,32.09583],[35.16561,32.09747],[35.16331,32.09745],[35.16185,32.09976],[35.16223,32.10028],[35.16427,32.09947],[35.16469,32.09834],[35.16624,32.09761],[35.16849,32.09801],[35.16816,32.10012],[35.16455,32.1017],[35.16393,32.10314],[35.16465,32.10424],[35.167,32.10404],[35.16776,32.10474],[35.16714,32.10566],[35.16972,32.10717],[35.17089,32.10764],[35.171028,32.107049],[35.17184,32.1087],[35.17589,32.10916],[35.17424,32.11036],[35.17581,32.11182],[35.17899,32.11168],[35.17935,32.11024],[35.18006,32.1102],[35.18136,32.11162],[35.18487,32.11024],[35.18899,32.11108],[35.18901,32.10936],[35.18934,32.11026],[35.19038,32.11023],[35.19426,32.10874],[35.19409,32.10717],[35.19523,32.10731],[35.19597,32.10862],[35.1981,32.10723],[35.20202,32.10652],[35.20352,32.10665],[35.20589,32.10893],[35.20806,32.10878],[35.2078,32.10674],[35.20838,32.10643],[35.20965,32.10848],[35.21511,32.10847],[35.21631,32.10743],[35.21703,32.10891],[35.21805,32.10846],[35.2173,32.10684],[35.21077,32.1014],[35.20754,32.10044],[35.20986,32.09691],[35.21178,32.09815],[35.21148,32.09627],[35.20732,32.09518],[35.2062,32.09321],[35.20149,32.09126],[35.19988,32.09296],[35.20147,32.09387],[35.20405,32.09742],[35.20271,32.09772],[35.20096,32.09605],[35.20096,32.0948],[35.19836,32.09563],[35.19697,32.0951],[35.19571,32.09618],[35.19761,32.09702],[35.19328,32.09834],[35.193907,32.098776],[35.19236,32.09984],[35.19267,32.10074],[35.18966,32.0993],[35.1908,32.10276],[35.1902,32.10361],[35.18745,32.10396],[35.18955,32.1053],[35.18628,32.10335],[35.18969,32.10289],[35.1895,32.1018],[35.18633,32.10185],[35.18622,32.10114],[35.18766,32.10044],[35.1845,32.09875],[35.17879,32.09821],[35.17793,32.09816],[35.17867,32.09699],[35.17692,32.09516],[35.17382,32.09668],[35.17242,32.09497],[35.17025,32.09733],[35.16953,32.0948],[35.16674,32.09471],[35.16192,32.09283],[35.16373,32.09238],[35.16331,32.0906],[35.16433,32.08851],[35.16338,32.08767],[35.16362,32.08568],[35.16108,32.08582],[35.15838,32.08443],[35.15506,32.08417],[35.14912,32.08432],[35.14546,32.08661],[35.14264,32.0851],[35.13841,32.08475],[35.13636,32.08538],[35.13464,32.08773],[35.13494,32.08899],[35.13786,32.09211],[35.14124,32.09345],[35.1384,32.09393],[35.13937,32.09609],[35.13883,32.09674],[35.1361,32.09373],[35.13426,32.09313],[35.13319,32.08917],[35.12961,32.08895],[35.12886,32.09157],[35.12533,32.09081],[35.12543,32.09008],[35.12801,32.08999],[35.12839,32.08832],[35.1301,32.0864],[35.13117,32.08857],[35.13282,32.08793],[35.13311,32.08701],[35.13187,32.08505],[35.12505,32.08128],[35.12483,32.08283],[35.12106,32.08256],[35.11615,32.0834],[35.1146,32.08254],[35.11244,32.08393]],[[35.17903,32.10042],[35.18139,32.10066],[35.18226,32.0997],[35.18391,32.10028],[35.1848,32.10185],[35.18457,32.10348],[35.18277,32.10349],[35.18238,32.10192],[35.18163,32.10177],[35.18211,32.10398],[35.1808,32.10217],[35.17919,32.10148],[35.178858,32.103257],[35.17879,32.09821],[35.17903,32.10042]],[[35.17117,32.10644],[35.171798,32.106358],[35.171091,32.10678],[35.17117,32.10644]],[[35.17556,32.10433],[35.175842,32.104251],[35.1744,32.10602],[35.17556,32.10433]],[[35.178828,32.103419],[35.17882,32.10346],[35.177614,32.103757],[35.178828,32.103419]],[[35.1146,32.09112],[35.11307,32.08909],[35.11369,32.08692],[35.11513,32.08652],[35.11715,32.08731],[35.11837,32.08894],[35.11778,32.09042],[35.11605,32.0914],[35.1146,32.09112]],[[35.12562,32.09302],[35.12777,32.094],[35.12677,32.09466],[35.1241,32.09381],[35.12414,32.09316],[35.12562,32.09302]],[[35.12633,32.1001],[35.12673,32.09879],[35.12723,32.09987],[35.12633,32.1001]],[[35.13759,32.10033],[35.1392,32.10021],[35.14141,32.10067],[35.14127,32.10165],[35.13917,32.10276],[35.13708,32.10188],[35.13759,32.10033]],[[35.15802,32.1008],[35.15765,32.10167],[35.15641,32.10026],[35.15725,32.10008],[35.15802,32.1008]],[[35.16701,32.09693],[35.16644,32.09732],[35.16591,32.09669],[35.16647,32.09636],[35.16701,32.09693]],[[35.17434,32.0993],[35.1733,32.0991],[35.1743,32.09912],[35.17434,32.0993]],[[35.17783,32.10217],[35.17854,32.10194],[35.17804,32.10269],[35.17783,32.10217]],[[35.17704,32.09729],[35.17618,32.09808],[35.17526,32.09687],[35.17614,32.09634],[35.17704,32.09729]],[[35.15646,32.08969],[35.15606,32.08818],[35.15426,32.08642],[35.15345,32.08639],[35.15366,32.08504],[35.15803,32.0869],[35.15977,32.09015],[35.15942,32.09164],[35.15835,32.0903],[35.15646,32.08969]],[[35.14106,32.08627],[35.14519,32.08717],[35.14532,32.08805],[35.14046,32.08799],[35.14037,32.08647],[35.14106,32.08627]],[[35.15461,32.08824],[35.15474,32.08902],[35.15275,32.0893],[35.15319,32.08775],[35.15461,32.08824]],[[35.14122,32.09119],[35.1412,32.09224],[35.14004,32.09215],[35.14002,32.09098],[35.14122,32.09119]],[[35.19499,32.09953],[35.19593,32.09917],[35.19618,32.09982],[35.19524,32.10013],[35.195504,32.101125],[35.194331,32.099071],[35.19499,32.09953]],[[35.19858,32.10298],[35.198525,32.103097],[35.19581,32.10166],[35.195704,32.101475],[35.19858,32.10298]],[[35.2046,32.09761],[35.20521,32.0968],[35.20742,32.09876],[35.20529,32.09877],[35.2046,32.09761]],[[35.198,32.09783],[35.19931,32.10007],[35.19702,32.0987],[35.198,32.09783]],[[35.18156,32.10704],[35.180116,32.108816],[35.18013,32.10846],[35.18156,32.10704]]],[[[35.19046,32.09761],[35.19153,32.09703],[35.19122,32.09576],[35.18825,32.0947],[35.18736,32.09579],[35.1847,32.09517],[35.18589,32.09648],[35.184,32.09692],[35.18425,32.0977],[35.18721,32.09868],[35.18829,32.09834],[35.18967,32.09814],[35.18973,32.09708],[35.19046,32.09761]]],[[[35.18279,32.10109],[35.18206,32.10115],[35.18345,32.10279],[35.18279,32.10109]]]]}},{"type":"Feature","id":3574,"properties":{"y":3574,"b":0,"r":5.566,"n":34,"p":6108,"nm":"בית אל","nmAr":null,"d":false},"geometry":{"type":"MultiPolygon","coordinates":[[[[35.23053,31.94668],[35.22722,31.94287],[35.22758,31.94184],[35.23398,31.9419],[35.23738,31.94101],[35.23826,31.93906],[35.23717,31.93678],[35.23615,31.93613],[35.23349,31.93758],[35.22871,31.93805],[35.22639,31.93566],[35.221,31.93475],[35.22125,31.93666],[35.21994,31.9373],[35.21839,31.93975],[35.21786,31.9439],[35.21961,31.94404],[35.22023,31.94678],[35.22284,31.94723],[35.2234,31.94804],[35.22472,31.94729],[35.22416,31.94497],[35.22639,31.94677],[35.22868,31.94666],[35.22927,31.94846],[35.23018,31.94839],[35.23053,31.94668]]]]}},{"type":"Feature","id":3608,"properties":{"y":3608,"b":2,"r":20.334,"n":28,"p":1377,"nm":"מעלה אפרים","nmAr":null,"d":false},"geometry":{"type":"MultiPolygon","coordinates":[[[[35.40401,32.06261],[35.40236,32.06519],[35.39619,32.06394],[35.39402,32.06814],[35.39192,32.06919],[35.39175,32.0708],[35.38998,32.07275],[35.39393,32.07547],[35.40118,32.07463],[35.40167,32.07602],[35.40529,32.07516],[35.40677,32.07306],[35.42003,32.07333],[35.42094,32.0728],[35.42275,32.06691],[35.42595,32.06437],[35.42811,32.06067],[35.42388,32.05898],[35.42034,32.05913],[35.41132,32.06274],[35.40401,32.06261]],[[35.39992,32.07226],[35.39769,32.07329],[35.39718,32.07168],[35.39832,32.07061],[35.397,32.06979],[35.39865,32.06759],[35.39974,32.06779],[35.40082,32.06927],[35.39992,32.07226]]],[[[35.38982,32.08765],[35.38891,32.08745],[35.38948,32.08598],[35.38871,32.08553],[35.38555,32.08672],[35.38343,32.08345],[35.3818,32.08362],[35.38066,32.09106],[35.38373,32.09138],[35.38689,32.08811],[35.38881,32.08859],[35.38906,32.08974],[35.38671,32.09101],[35.38858,32.0928],[35.38777,32.09403],[35.3883,32.09468],[35.39089,32.09362],[35.39084,32.09546],[35.39233,32.0957],[35.39521,32.09418],[35.39617,32.09259],[35.39876,32.09508],[35.40102,32.09397],[35.40476,32.09098],[35.40033,32.08792],[35.40113,32.07987],[35.40065,32.0793],[35.3947,32.08045],[35.39163,32.08238],[35.38982,32.08765]],[[35.39447,32.08397],[35.39571,32.08192],[35.39869,32.08233],[35.3985,32.08388],[35.39447,32.08397]],[[35.39904,32.09087],[35.40101,32.09062],[35.40231,32.09152],[35.40068,32.09332],[35.39904,32.09087]]]]}},{"type":"Feature","id":3611,"properties":{"y":3611,"b":1,"r":12.417,"n":93,"p":7490,"nm":"קריית ארבע","nmAr":null,"d":false},"geometry":{"type":"MultiPolygon","coordinates":[[[[35.11836,31.49031],[35.11688,31.49024],[35.11493,31.49175],[35.12236,31.49492],[35.12371,31.4941],[35.12265,31.49138],[35.12208,31.49209],[35.12252,31.49365],[35.11836,31.49031]]],[[[35.10663,31.49903],[35.10567,31.49938],[35.10514,31.50154],[35.09888,31.50354],[35.09797,31.49967],[35.0968,31.50145],[35.09669,31.50421],[35.09901,31.50526],[35.09984,31.50419],[35.10109,31.50355],[35.10207,31.50488],[35.10395,31.5046],[35.10702,31.50152],[35.10663,31.49903]]],[[[35.12105,31.50218],[35.11921,31.5012],[35.11713,31.50167],[35.11931,31.50374],[35.12048,31.50352],[35.12105,31.50218]]],[[[35.12141,31.50995],[35.12063,31.5094],[35.11873,31.51035],[35.11852,31.51311],[35.12097,31.51169],[35.12141,31.50995]]],[[[35.12091,31.51706],[35.12106,31.51915],[35.12224,31.51871],[35.1225,31.51702],[35.12091,31.51706]]],[[[35.12608,31.51749],[35.12551,31.51586],[35.12479,31.5161],[35.12231,31.52158],[35.12299,31.52256],[35.12259,31.52405],[35.1247,31.5235],[35.12774,31.52546],[35.13081,31.5235],[35.12967,31.52176],[35.1278,31.52343],[35.12619,31.51989],[35.12749,31.51807],[35.12608,31.51749]]],[[[35.12623,31.52608],[35.12553,31.52677],[35.12706,31.52751],[35.1274,31.52635],[35.12623,31.52608]]],[[[35.12067,31.52649],[35.11652,31.5253],[35.11499,31.52611],[35.1143,31.52809],[35.11466,31.53297],[35.11977,31.53136],[35.12092,31.53001],[35.12413,31.52871],[35.12473,31.52795],[35.12403,31.52668],[35.12215,31.52569],[35.12067,31.52649]]],[[[35.10989,31.53505],[35.11328,31.53418],[35.11324,31.52766],[35.11315,31.52694],[35.11201,31.52706],[35.11003,31.52789],[35.10951,31.52898],[35.10989,31.53505]]],[[[35.12413,31.53582],[35.12525,31.53101],[35.12352,31.5314],[35.12342,31.53234],[35.12261,31.5325],[35.1223,31.53671],[35.12413,31.53582]]],[[[35.11716,31.53479],[35.11929,31.53392],[35.11797,31.53253],[35.11607,31.53424],[35.1166,31.53533],[35.11716,31.53479]]],[[[35.12005,31.53463],[35.11618,31.53551],[35.11621,31.53636],[35.11893,31.53641],[35.12005,31.53463]]],[[[35.1242,31.54028],[35.12441,31.53829],[35.12341,31.53772],[35.1234,31.53918],[35.12257,31.53942],[35.12302,31.54078],[35.1242,31.54028]]],[[[35.12992,31.54057],[35.1279,31.54063],[35.12586,31.54206],[35.12489,31.54141],[35.1234,31.54176],[35.12228,31.53966],[35.12105,31.5401],[35.11957,31.53839],[35.11812,31.53902],[35.11855,31.53986],[35.11677,31.54483],[35.11708,31.54619],[35.11868,31.54657],[35.12496,31.54375],[35.12824,31.5433],[35.13232,31.54336],[35.1328,31.54061],[35.13211,31.53985],[35.13108,31.5393],[35.12992,31.54057]]],[[[35.12558,31.54886],[35.12336,31.54927],[35.12201,31.55316],[35.12367,31.55299],[35.12575,31.5513],[35.12558,31.54886]]],[[[35.12701,31.48943],[35.12838,31.49105],[35.12937,31.49024],[35.12702,31.4881],[35.12551,31.48838],[35.12569,31.48951],[35.12701,31.48943]]],[[[35.12626,31.49109],[35.12683,31.49343],[35.12886,31.49352],[35.12764,31.49172],[35.12626,31.49109]]],[[[35.1429,31.52226],[35.14202,31.52257],[35.14119,31.52518],[35.14217,31.52616],[35.14347,31.52549],[35.1429,31.52226]]],[[[35.1268,31.52931],[35.1284,31.52925],[35.12548,31.52811],[35.1268,31.52931]]],[[[35.12937,31.52858],[35.13,31.52976],[35.13488,31.53214],[35.13034,31.52849],[35.12937,31.52858]]],[[[35.13433,31.53598],[35.13405,31.53913],[35.13526,31.53847],[35.13506,31.53666],[35.13433,31.53598]]],[[[35.12515,31.53785],[35.12607,31.53942],[35.12798,31.53891],[35.12691,31.53737],[35.12515,31.53785]]],[[[35.13587,31.54161],[35.13387,31.54221],[35.13757,31.54572],[35.13609,31.54303],[35.13587,31.54161]]],[[[35.12621,31.54475],[35.12673,31.54543],[35.12808,31.54419],[35.12731,31.54356],[35.12621,31.54475]]],[[[35.13173,31.5454],[35.13301,31.54543],[35.13253,31.54353],[35.12868,31.54561],[35.12958,31.54667],[35.13173,31.5454]]],[[[35.13652,31.55153],[35.13743,31.55161],[35.13887,31.5534],[35.13948,31.55306],[35.13948,31.55094],[35.13783,31.54881],[35.13852,31.54669],[35.13761,31.5462],[35.13652,31.55153]]],[[[35.13411,31.54916],[35.13214,31.54904],[35.12971,31.55065],[35.12953,31.5518],[35.13168,31.55133],[35.13411,31.54916]]],[[[35.12565,31.55239],[35.12866,31.5526],[35.12806,31.55159],[35.12565,31.55239]]],[[[35.16187,31.55266],[35.16086,31.55531],[35.16252,31.55554],[35.16282,31.558],[35.166,31.55569],[35.17298,31.54942],[35.17276,31.54875],[35.17184,31.54804],[35.16688,31.54916],[35.16187,31.55266]]],[[[35.15864,31.55844],[35.16112,31.55792],[35.16139,31.55654],[35.15986,31.55531],[35.16108,31.55307],[35.15751,31.55423],[35.1542,31.55814],[35.1538,31.56154],[35.15616,31.56161],[35.15864,31.55844]]]]}},{"type":"Feature","id":3616,"properties":{"y":3616,"b":1,"r":12.932,"n":492,"p":38046,"nm":"מעלה אדומים","nmAr":null,"d":true},"geometry":{"type":"MultiPolygon","coordinates":[[[[35.32045,31.76978],[35.31608,31.76832],[35.3095,31.76272],[35.30655,31.76205],[35.30707,31.75942],[35.30271,31.75757],[35.29331,31.75413],[35.29,31.75697],[35.28835,31.75732],[35.28805,31.75646],[35.28963,31.75609],[35.28997,31.75435],[35.2913,31.75301],[35.28666,31.74893],[35.28553,31.7467],[35.28535,31.74958],[35.28365,31.74972],[35.28323,31.7528],[35.28257,31.75321],[35.28294,31.75457],[35.28599,31.75595],[35.28554,31.7572],[35.28665,31.75731],[35.2894,31.76013],[35.28963,31.76358],[35.29086,31.76609],[35.290073,31.768249],[35.29,31.76826],[35.28788,31.77338],[35.28767,31.77702],[35.28632,31.7786],[35.28665,31.77619],[35.28595,31.77365],[35.27993,31.77064],[35.27638,31.77131],[35.27571,31.77235],[35.27661,31.77468],[35.27468,31.77644],[35.2769,31.77986],[35.28073,31.78007],[35.28115,31.78164],[35.28052,31.78291],[35.27512,31.78373],[35.27037,31.78071],[35.26464,31.78118],[35.26705,31.78304],[35.26612,31.78286],[35.26647,31.78346],[35.2706,31.78579],[35.27076,31.78718],[35.26924,31.78993],[35.26947,31.7929],[35.27315,31.7982],[35.27688,31.8019],[35.27361,31.80346],[35.27182,31.80215],[35.26411,31.79983],[35.26242,31.80132],[35.25848,31.8026],[35.25826,31.80378],[35.25927,31.8041],[35.25964,31.80311],[35.26285,31.8027],[35.26391,31.8034],[35.26297,31.80406],[35.2639,31.8051],[35.26631,31.80523],[35.26749,31.80433],[35.27015,31.80575],[35.2724,31.8053],[35.28497,31.81067],[35.29193,31.81239],[35.2932,31.81559],[35.29513,31.8157],[35.29773,31.81281],[35.30583,31.81186],[35.30812,31.8076],[35.30993,31.80653],[35.31955,31.80891],[35.32613,31.80638],[35.32927,31.80833],[35.33652,31.80994],[35.34516,31.81404],[35.35069,31.81478],[35.35863,31.81827],[35.3617,31.81878],[35.36397,31.82124],[35.36949,31.8235],[35.37888,31.82589],[35.38698,31.82694],[35.38715,31.82457],[35.38973,31.81835],[35.39006,31.81051],[35.38329,31.81042],[35.38137,31.80725],[35.38397,31.80607],[35.3901,31.80121],[35.39042,31.79933],[35.38849,31.79644],[35.3854,31.79474],[35.38097,31.79483],[35.37542,31.79358],[35.37334,31.79481],[35.36869,31.80155],[35.36696,31.80014],[35.35598,31.78325],[35.34763,31.77661],[35.34044,31.77235],[35.33227,31.77175],[35.32991,31.77246],[35.32519,31.77016],[35.32452,31.77019],[35.32045,31.76978]],[[35.32297,31.77999],[35.31858,31.78498],[35.32033,31.78232],[35.32297,31.77999]],[[35.29087,31.78281],[35.290889,31.78282],[35.289701,31.783296],[35.289689,31.783255],[35.29087,31.78281]],[[35.291,31.77715],[35.291066,31.777061],[35.290985,31.777815],[35.291,31.77715]],[[35.29743,31.77204],[35.296759,31.774],[35.29677,31.77342],[35.295787,31.77574],[35.29573,31.77556],[35.295623,31.775546],[35.29743,31.77204]],[[35.30075,31.772443],[35.29949,31.77265],[35.299417,31.772628],[35.30075,31.772443]],[[35.30596,31.770681],[35.30802,31.77302],[35.30637,31.77152],[35.30596,31.770681]],[[35.301128,31.768883],[35.30156,31.76893],[35.301161,31.768391],[35.305177,31.770986],[35.301128,31.768883]],[[35.30593,31.770647],[35.30532,31.77106],[35.305236,31.771016],[35.30588,31.77059],[35.30593,31.770647]],[[35.292299,31.767922],[35.291333,31.768064],[35.2921,31.7679],[35.292299,31.767922]],[[35.29635,31.76886],[35.292333,31.767925],[35.298438,31.76859],[35.29635,31.76886]],[[35.300926,31.768073],[35.30082,31.76793],[35.30255,31.76558],[35.300926,31.768073]],[[35.30079,31.778736],[35.30106,31.77883],[35.30124,31.77982],[35.30079,31.778736]],[[35.300552,31.780022],[35.30049,31.77994],[35.29667,31.77853],[35.296649,31.778465],[35.30124,31.77982],[35.300552,31.780022]],[[35.2979,31.77752],[35.297695,31.77702],[35.298035,31.777566],[35.2979,31.77752]],[[35.29737,31.77623],[35.29783,31.77561],[35.297468,31.776467],[35.29737,31.77623]],[[35.29675,31.77444],[35.296753,31.774281],[35.29802,31.77516],[35.297982,31.775249],[35.29675,31.77444]],[[35.29329,31.78392],[35.292436,31.783513],[35.29793,31.78379],[35.29329,31.78392]],[[35.30405,31.78785],[35.303939,31.787506],[35.30508,31.78899],[35.30405,31.78785]],[[35.30763,31.78889],[35.307789,31.782408],[35.30774,31.79122],[35.30765,31.78889],[35.30508,31.78899],[35.30763,31.78889]],[[35.30736,31.8004],[35.306963,31.800244],[35.31188,31.79938],[35.31744,31.79106],[35.31214,31.7994],[35.30736,31.8004]],[[35.289781,31.783587],[35.300804,31.797818],[35.30053,31.79771],[35.28981,31.78369],[35.289781,31.783587]],[[35.28064,31.77456],[35.27977,31.77502],[35.27957,31.77372],[35.28064,31.77456]],[[35.2841,31.77539],[35.28429,31.77652],[35.28319,31.77648],[35.28283,31.77552],[35.2841,31.77539]],[[35.27922,31.77642],[35.2804,31.77682],[35.28018,31.77779],[35.27893,31.77697],[35.27922,31.77642]],[[35.28518,31.78874],[35.2853,31.7897],[35.28427,31.79061],[35.28376,31.78947],[35.28518,31.78874]],[[35.29364,31.79416],[35.29448,31.79459],[35.29449,31.79576],[35.29246,31.79557],[35.28899,31.79703],[35.28181,31.7956],[35.27945,31.79727],[35.27795,31.79735],[35.27756,31.79634],[35.27355,31.7947],[35.27257,31.79211],[35.27329,31.7915],[35.27823,31.79261],[35.27823,31.78992],[35.27939,31.79031],[35.27948,31.78923],[35.28025,31.78912],[35.28048,31.79274],[35.28211,31.79478],[35.29036,31.79525],[35.29364,31.79416]],[[35.27823,31.80181],[35.28001,31.80322],[35.27582,31.80455],[35.27621,31.80296],[35.27823,31.80181]],[[35.28094,31.80466],[35.27875,31.80488],[35.27957,31.80401],[35.28094,31.80466]],[[35.28182,31.80602],[35.28177,31.80483],[35.28316,31.8057],[35.28168,31.80701],[35.28094,31.80617],[35.28182,31.80602]],[[35.28439,31.80614],[35.2853,31.80641],[35.28504,31.8076],[35.28182,31.80754],[35.28439,31.80614]],[[35.26948,31.80378],[35.26848,31.80373],[35.2687,31.80287],[35.26948,31.80378]],[[35.27138,31.80435],[35.27071,31.80424],[35.27134,31.80363],[35.27138,31.80435]]]]}},{"type":"Feature","id":3638,"properties":{"y":3638,"b":0,"r":3.631,"n":18,"p":4957,"nm":"כפר אדומים","nmAr":null,"d":false},"geometry":{"type":"MultiPolygon","coordinates":[[[[35.33804,31.8272],[35.33586,31.82424],[35.3324,31.82721],[35.33551,31.82869],[35.33804,31.8272]]]]}},{"type":"Feature","id":3640,"properties":{"y":3640,"b":1,"r":7.762,"n":77,"p":9920,"nm":"קרני שומרון","nmAr":null,"d":false},"geometry":{"type":"MultiPolygon","coordinates":[[[[35.10571,32.16442],[35.10557,32.16533],[35.10171,32.16469],[35.10083,32.16716],[35.098,32.16548],[35.09552,32.1662],[35.09333,32.16842],[35.08793,32.16533],[35.08716,32.16021],[35.08644,32.15996],[35.08244,32.16218],[35.07924,32.16088],[35.07907,32.16505],[35.08046,32.16553],[35.07998,32.16662],[35.0811,32.1673],[35.08182,32.16956],[35.08054,32.1697],[35.07994,32.16856],[35.07851,32.16843],[35.07711,32.1696],[35.07696,32.17231],[35.0868,32.17236],[35.08906,32.17363],[35.09162,32.17647],[35.09234,32.17637],[35.09213,32.17531],[35.09325,32.17584],[35.09824,32.17533],[35.09676,32.17564],[35.09803,32.17659],[35.10079,32.17603],[35.10202,32.1776],[35.10862,32.17995],[35.10937,32.18231],[35.11384,32.18299],[35.11646,32.18128],[35.11487,32.1798],[35.1175,32.18062],[35.11516,32.17923],[35.11601,32.17839],[35.11575,32.1774],[35.11452,32.17703],[35.11231,32.17345],[35.1149,32.17236],[35.11354,32.17164],[35.11335,32.17052],[35.11501,32.17157],[35.11639,32.1713],[35.11573,32.16588],[35.11925,32.16674],[35.12074,32.17017],[35.12183,32.16944],[35.122,32.16749],[35.12258,32.16822],[35.12455,32.16788],[35.12336,32.16355],[35.12421,32.16289],[35.12576,32.16264],[35.12728,32.16439],[35.12928,32.16498],[35.12938,32.16366],[35.13125,32.1653],[35.13373,32.16478],[35.126,32.1591],[35.12472,32.16017],[35.12163,32.16051],[35.11609,32.15801],[35.11233,32.15973],[35.11323,32.16129],[35.1163,32.16214],[35.1132,32.16222],[35.1091,32.15907],[35.10755,32.1587],[35.10169,32.16305],[35.10336,32.16424],[35.10571,32.16442]],[[35.10289,32.17267],[35.10483,32.173],[35.10622,32.17483],[35.10622,32.17608],[35.10778,32.17723],[35.10744,32.1785],[35.10594,32.17856],[35.1058,32.17782],[35.10139,32.17589],[35.10289,32.17267]],[[35.10994,32.17744],[35.1105,32.17735],[35.11196,32.17756],[35.11293,32.17901],[35.10997,32.17921],[35.10994,32.17744]],[[35.11466,32.18146],[35.1114,32.18134],[35.11195,32.17945],[35.11428,32.17936],[35.11466,32.18146]]],[[[35.09235,32.17658],[35.09173,32.17666],[35.09214,32.17715],[35.09235,32.17658]]],[[[35.0925,32.17668],[35.09246,32.1773],[35.0941,32.17723],[35.09405,32.17666],[35.0925,32.17668]]],[[[35.09722,32.17685],[35.09685,32.17752],[35.09916,32.17734],[35.09722,32.17685]]],[[[35.09906,32.17836],[35.09993,32.18031],[35.10296,32.18027],[35.10345,32.18248],[35.10443,32.18279],[35.10673,32.18236],[35.10688,32.17978],[35.09959,32.17733],[35.09906,32.17836]]],[[[35.09671,32.18736],[35.09878,32.1849],[35.09914,32.18225],[35.0969,32.18234],[35.09694,32.18314],[35.09542,32.18342],[35.09686,32.18471],[35.09603,32.18733],[35.09707,32.18868],[35.09787,32.18856],[35.09762,32.18742],[35.09671,32.18736]]],[[[35.11032,32.18919],[35.11144,32.18919],[35.1126,32.18857],[35.11271,32.18568],[35.11524,32.185],[35.11382,32.1836],[35.11553,32.18282],[35.11253,32.18337],[35.10866,32.18245],[35.10917,32.18294],[35.10736,32.18309],[35.10692,32.18466],[35.10786,32.18525],[35.10866,32.18392],[35.11155,32.18414],[35.11068,32.18694],[35.10909,32.18774],[35.11032,32.18919]],[[35.1112,32.18767],[35.11079,32.18841],[35.11048,32.18786],[35.1112,32.18767]]],[[[35.10986,32.18949],[35.10883,32.18878],[35.10776,32.18916],[35.10798,32.19024],[35.10895,32.19034],[35.10808,32.19065],[35.10825,32.19177],[35.11094,32.19237],[35.11316,32.19134],[35.11272,32.18951],[35.10986,32.18949]]],[[[35.10954,32.19896],[35.10892,32.19418],[35.10759,32.19352],[35.10758,32.19603],[35.10693,32.19608],[35.10563,32.19423],[35.10687,32.19328],[35.10635,32.19246],[35.10483,32.19236],[35.10315,32.19067],[35.10281,32.18953],[35.10589,32.18888],[35.10632,32.18819],[35.10576,32.18819],[35.10098,32.18972],[35.10107,32.19238],[35.10365,32.19447],[35.10507,32.19431],[35.10523,32.19642],[35.1064,32.19822],[35.10774,32.1984],[35.10796,32.19735],[35.10954,32.19896]]],[[[35.12769,32.1884],[35.12784,32.19027],[35.13047,32.1898],[35.1295,32.18832],[35.12769,32.1884]]],[[[35.12965,32.19001],[35.12966,32.19042],[35.13025,32.19044],[35.12965,32.19001]]],[[[35.12628,32.19058],[35.12533,32.18933],[35.12578,32.18792],[35.12474,32.18727],[35.12335,32.18794],[35.12302,32.18937],[35.12483,32.18895],[35.12548,32.19139],[35.12432,32.19328],[35.12592,32.19408],[35.12662,32.19146],[35.12575,32.19104],[35.12628,32.19058]]],[[[35.12761,32.19078],[35.12767,32.1913],[35.13084,32.19148],[35.12761,32.19078]]],[[[35.11915,32.19056],[35.12003,32.19255],[35.12362,32.19425],[35.12073,32.19032],[35.11915,32.19056]]],[[[35.12489,32.1948],[35.12473,32.19525],[35.12549,32.19531],[35.12489,32.1948]]],[[[35.1149,32.19345],[35.11069,32.19371],[35.11005,32.19555],[35.11241,32.19464],[35.11179,32.19737],[35.11225,32.19759],[35.11254,32.1963],[35.11461,32.19669],[35.11583,32.19599],[35.11504,32.19492],[35.11553,32.19348],[35.1149,32.19345]]],[[[35.12368,32.1974],[35.12425,32.1994],[35.12478,32.19736],[35.12603,32.19613],[35.1247,32.1954],[35.12368,32.1974]]]]}},{"type":"Feature","id":3650,"properties":{"y":3650,"b":0,"r":3.797,"n":45,"p":11853,"nm":"אפרתה","nmAr":null,"d":false},"geometry":{"type":"MultiPolygon","coordinates":[[[[35.15338,31.64636],[35.14638,31.64751],[35.14534,31.65092],[35.14335,31.65337],[35.14701,31.6565],[35.15473,31.6661],[35.15584,31.66679],[35.15848,31.66649],[35.16093,31.6704],[35.16659,31.67482],[35.16444,31.67496],[35.16396,31.67652],[35.16013,31.67986],[35.16053,31.68156],[35.16674,31.68293],[35.16993,31.68143],[35.16977,31.68313],[35.1708,31.68442],[35.17279,31.68436],[35.17335,31.68592],[35.17725,31.68579],[35.17598,31.68293],[35.17693,31.68238],[35.17582,31.67932],[35.17662,31.67905],[35.1786,31.68245],[35.18036,31.68177],[35.18139,31.67837],[35.18346,31.67857],[35.18625,31.68027],[35.18784,31.68341],[35.18792,31.68688],[35.19954,31.68783],[35.20066,31.6864],[35.19962,31.68538],[35.19843,31.67653],[35.19644,31.67708],[35.1954,31.67612],[35.19341,31.6766],[35.19302,31.67551],[35.19381,31.67408],[35.19668,31.67367],[35.197,31.67272],[35.19517,31.67122],[35.19302,31.67102],[35.19111,31.67183],[35.18569,31.67108],[35.18482,31.67319],[35.18617,31.67442],[35.18665,31.67776],[35.18569,31.67823],[35.18314,31.67707],[35.1794,31.6721],[35.1728,31.67013],[35.17144,31.67013],[35.17017,31.67128],[35.16966,31.66875],[35.16866,31.66875],[35.1693,31.66916],[35.16869,31.67039],[35.16323,31.66713],[35.16351,31.66596],[35.16516,31.66517],[35.16452,31.66414],[35.16251,31.66359],[35.15897,31.66427],[35.15327,31.65666],[35.1484,31.6545],[35.14752,31.65316],[35.14913,31.65286],[35.15025,31.65516],[35.15387,31.65605],[35.15797,31.64877],[35.15492,31.64753],[35.15131,31.65058],[35.15068,31.6499],[35.1537,31.64711],[35.15338,31.64636]],[[35.15876,31.66515],[35.15948,31.66546],[35.15908,31.6662],[35.15823,31.66595],[35.15876,31.66515]],[[35.1654,31.6705],[35.16648,31.67053],[35.16708,31.67198],[35.1654,31.67122],[35.1654,31.6705]],[[35.16684,31.67057],[35.16813,31.67081],[35.16725,31.67125],[35.16684,31.67057]],[[35.16902,31.67139],[35.16978,31.67235],[35.16817,31.67242],[35.16902,31.67139]]]]}},{"type":"Feature","id":3652,"properties":{"y":3652,"b":1,"r":7.613,"n":42,"p":5517,"nm":"בית אריה","nmAr":null,"d":false},"geometry":{"type":"MultiPolygon","coordinates":[[[[35.04051,32.01184],[35.03895,32.01682],[35.04258,32.02038],[35.04859,32.02239],[35.04935,32.01689],[35.04506,32.01456],[35.04051,32.01184]]],[[[35.05345,32.04118],[35.05503,32.03717],[35.05351,32.03631],[35.05365,32.03525],[35.05628,32.0345],[35.05997,32.03513],[35.0622,32.03241],[35.06206,32.03038],[35.05851,32.02932],[35.05559,32.02998],[35.05555,32.02845],[35.05389,32.02868],[35.05435,32.03041],[35.05335,32.02965],[35.05047,32.03084],[35.04742,32.03524],[35.04488,32.0374],[35.044,32.03936],[35.04515,32.04011],[35.045,32.04362],[35.04183,32.04362],[35.04216,32.04535],[35.04976,32.04616],[35.05059,32.04345],[35.05345,32.04118]]],[[[35.04925,32.04644],[35.04277,32.04596],[35.04182,32.04525],[35.04167,32.04367],[35.0409,32.04533],[35.03697,32.04854],[35.03485,32.04764],[35.03314,32.04807],[35.03572,32.05259],[35.03895,32.05413],[35.04176,32.05283],[35.0408,32.04985],[35.04225,32.04825],[35.04925,32.04644]]]]}},{"type":"Feature","id":3660,"properties":{"y":3660,"b":2,"r":15.034,"n":70,"p":4656,"nm":"עמנואל","nmAr":null,"d":false},"geometry":{"type":"MultiPolygon","coordinates":[[[[35.1261,32.15924],[35.12645,32.15975],[35.12778,32.15911],[35.12912,32.16059],[35.13209,32.16161],[35.13574,32.16572],[35.13783,32.1656],[35.13995,32.16268],[35.14315,32.1616],[35.14584,32.16279],[35.14426,32.16388],[35.14462,32.16452],[35.14891,32.16498],[35.14929,32.16668],[35.15015,32.16618],[35.15268,32.17012],[35.15264,32.1724],[35.14652,32.17941],[35.14705,32.17958],[35.14888,32.17939],[35.14807,32.17817],[35.15114,32.17476],[35.15164,32.1753],[35.15114,32.17672],[35.15471,32.1773],[35.15376,32.17298],[35.15437,32.17162],[35.15721,32.1711],[35.15727,32.16946],[35.15961,32.16798],[35.15863,32.16654],[35.15343,32.1658],[35.15273,32.16509],[35.15135,32.16057],[35.15354,32.15894],[35.15029,32.15813],[35.14897,32.15622],[35.15054,32.15113],[35.14916,32.14747],[35.14971,32.1436],[35.14538,32.13944],[35.14561,32.13763],[35.14378,32.13963],[35.14019,32.14097],[35.13883,32.14378],[35.13587,32.14558],[35.13459,32.14763],[35.13506,32.1503],[35.13368,32.15457],[35.13069,32.15529],[35.12595,32.15373],[35.12489,32.15607],[35.1261,32.15924]]]]}},{"type":"Feature","id":3730,"properties":{"y":3730,"b":1,"r":7.868,"n":166,"p":21098,"nm":"גבעת זאב","nmAr":null,"d":true},"geometry":{"type":"MultiPolygon","coordinates":[[[[35.16547,31.82977],[35.16939,31.82587],[35.16719,31.82551],[35.16618,31.82694],[35.16322,31.8266],[35.16266,31.82514],[35.158,31.82553],[35.15908,31.82591],[35.158,31.82629],[35.15856,31.82679],[35.15752,31.82706],[35.15755,31.82785],[35.16027,31.82784],[35.16012,31.8301],[35.15911,31.82985],[35.15912,31.83123],[35.16348,31.83124],[35.16492,31.83109],[35.16524,31.83014],[35.16433,31.8292],[35.16547,31.82977]]],[[[35.16385,31.83236],[35.16449,31.83267],[35.16505,31.83145],[35.16385,31.83236]]],[[[35.16696,31.83407],[35.16793,31.83452],[35.16813,31.83361],[35.16696,31.83407]]],[[[35.16867,31.85003],[35.17369,31.85127],[35.17449,31.84941],[35.17508,31.84845],[35.1703,31.84802],[35.16922,31.84814],[35.16867,31.85003]]],[[[35.16283,31.85269],[35.16265,31.85372],[35.1642,31.85272],[35.16283,31.85269]]],[[[35.1711,31.85661],[35.17099,31.85597],[35.16936,31.85613],[35.16956,31.85677],[35.1711,31.85661]]],[[[35.17498,31.85739],[35.17217,31.85681],[35.17312,31.85769],[35.16996,31.85796],[35.17128,31.85711],[35.16852,31.85687],[35.16817,31.85523],[35.16705,31.85476],[35.16725,31.85367],[35.16606,31.85316],[35.16431,31.8532],[35.164,31.85481],[35.16285,31.85584],[35.1605,31.85521],[35.16011,31.85666],[35.16261,31.85654],[35.16269,31.85825],[35.17096,31.85953],[35.170058,31.86169],[35.16937,31.86009],[35.16436,31.85953],[35.161174,31.860211],[35.15935,31.85853],[35.15593,31.85838],[35.15401,31.85968],[35.15003,31.85726],[35.14744,31.86047],[35.14757,31.86318],[35.14368,31.86188],[35.14304,31.86387],[35.13893,31.86362],[35.13665,31.86407],[35.13553,31.86522],[35.13826,31.86652],[35.13951,31.86583],[35.14072,31.86652],[35.1413,31.86587],[35.14462,31.86573],[35.14667,31.86655],[35.14796,31.86862],[35.1508,31.86678],[35.15537,31.86679],[35.15468,31.86523],[35.15525,31.86255],[35.15712,31.86233],[35.15783,31.86062],[35.15858,31.86118],[35.158682,31.861152],[35.1581,31.86347],[35.16002,31.86472],[35.16333,31.86296],[35.16364,31.86461],[35.16131,31.86514],[35.16128,31.86573],[35.1657,31.86758],[35.16595,31.86597],[35.16766,31.86596],[35.16903,31.86718],[35.17138,31.86706],[35.17302,31.86254],[35.17418,31.86116],[35.17443,31.85892],[35.1755,31.8585],[35.17498,31.85739]],[[35.17194,31.86294],[35.17029,31.86223],[35.1702,31.862022],[35.17194,31.86294]]],[[[35.14562,31.86766],[35.14373,31.86746],[35.14481,31.86868],[35.14332,31.86812],[35.14333,31.86944],[35.14513,31.86971],[35.14526,31.86919],[35.1473,31.86968],[35.14786,31.86916],[35.14639,31.86884],[35.14562,31.86766]]],[[[35.18477,31.83018],[35.18723,31.82886],[35.18675,31.82818],[35.1879,31.82684],[35.18706,31.82643],[35.18443,31.82736],[35.18518,31.8292],[35.18477,31.83018]]],[[[35.17884,31.8267],[35.17999,31.82709],[35.18178,31.83042],[35.1829,31.83063],[35.18268,31.82896],[35.18247,31.82829],[35.18135,31.82848],[35.18296,31.82604],[35.17884,31.8267]]],[[[35.18636,31.83073],[35.18721,31.82972],[35.18512,31.83072],[35.18636,31.83073]]],[[[35.17589,31.83527],[35.17517,31.83321],[35.17407,31.83381],[35.17423,31.83274],[35.17353,31.83226],[35.17554,31.83126],[35.17556,31.82958],[35.17792,31.82952],[35.17577,31.82896],[35.17246,31.83128],[35.17101,31.83103],[35.17018,31.83174],[35.17041,31.83381],[35.16688,31.83609],[35.16636,31.83818],[35.16974,31.83848],[35.17182,31.83654],[35.17225,31.83751],[35.17456,31.83702],[35.17192,31.8364],[35.17589,31.83527]]],[[[35.17814,31.8369],[35.17926,31.83547],[35.18023,31.8355],[35.17986,31.83655],[35.18071,31.83753],[35.18365,31.83613],[35.18168,31.83409],[35.17805,31.83479],[35.17846,31.83245],[35.1792,31.83312],[35.1797,31.83093],[35.17644,31.83239],[35.17747,31.8348],[35.17656,31.83467],[35.17657,31.83572],[35.17508,31.83743],[35.17559,31.83898],[35.17499,31.83975],[35.17559,31.8404],[35.17594,31.8397],[35.17673,31.84002],[35.17774,31.83818],[35.17973,31.8378],[35.17814,31.8369]]],[[[35.1733,31.83838],[35.17474,31.83859],[35.17448,31.83795],[35.1733,31.83838]]],[[[35.1895,31.839],[35.19171,31.83897],[35.19173,31.83839],[35.19148,31.83778],[35.19027,31.83836],[35.18938,31.83774],[35.1895,31.839]]],[[[35.17347,31.83926],[35.17319,31.83869],[35.17135,31.83942],[35.17347,31.83926]]],[[[35.17786,31.86497],[35.18008,31.86323],[35.17796,31.86069],[35.17458,31.86056],[35.17305,31.86293],[35.17476,31.86334],[35.17556,31.86514],[35.17786,31.86497]]]]}},{"type":"Feature","id":3750,"properties":{"y":3750,"b":0,"r":5.893,"n":47,"p":7975,"nm":"אלפי מנשה","nmAr":null,"d":false},"geometry":{"type":"MultiPolygon","coordinates":[[[[34.98439,32.15108],[34.98159,32.15285],[34.9801,32.15151],[34.97864,32.15137],[34.97737,32.15432],[34.97521,32.15414],[34.97608,32.15582],[34.97804,32.15529],[34.9813,32.1561],[34.9819,32.15396],[34.98304,32.1552],[34.98403,32.15468],[34.98812,32.15614],[34.9865,32.15869],[34.99,32.15681],[34.99056,32.15585],[34.98973,32.15444],[34.98957,32.14882],[34.99105,32.14677],[34.98987,32.1464],[34.98734,32.14995],[34.98679,32.14931],[34.98455,32.14981],[34.98604,32.15175],[34.98439,32.15108]]],[[[34.99713,32.15701],[34.99791,32.15882],[35.00086,32.15956],[35.0013,32.15645],[35.00205,32.15799],[35.00418,32.15766],[35.00567,32.1585],[35.00618,32.15799],[35.00619,32.15562],[34.9984,32.15252],[34.99769,32.15299],[34.998,32.1541],[34.99457,32.15516],[34.99563,32.15714],[34.99713,32.15701]]],[[[34.98153,32.16046],[34.98236,32.16033],[34.98236,32.15909],[34.98055,32.15849],[34.98039,32.15765],[34.97961,32.15768],[34.9796,32.16076],[34.98086,32.16073],[34.9809,32.15919],[34.98153,32.16046]]],[[[34.99982,32.16804],[34.99307,32.16862],[34.99414,32.17034],[34.99597,32.17007],[34.99679,32.1712],[34.9971,32.17286],[34.99615,32.17501],[35,32.17378],[34.99969,32.17281],[34.99773,32.17281],[34.99931,32.17115],[35.00152,32.17223],[35.00133,32.17325],[35.00044,32.17319],[35.00132,32.17437],[35.00132,32.17652],[35.00201,32.17652],[35.00239,32.17502],[35.00599,32.17604],[35.00365,32.17631],[35.00289,32.17802],[35.00699,32.17824],[35.01028,32.17573],[35.01188,32.17601],[35.01325,32.17455],[35.01469,32.17584],[35.01046,32.17766],[35.00869,32.18012],[35.00939,32.1805],[35.01052,32.17948],[35.0124,32.18113],[35.01759,32.18019],[35.01952,32.17908],[35.0188,32.17526],[35.02056,32.17467],[35.02133,32.17247],[35.0241,32.17172],[35.02152,32.16845],[35.02165,32.16571],[35.02209,32.16662],[35.02329,32.16571],[35.02613,32.16599],[35.02689,32.16636],[35.02638,32.16706],[35.02903,32.1661],[35.02935,32.16787],[35.03282,32.16766],[35.03263,32.16836],[35.03496,32.16916],[35.03541,32.16578],[35.03326,32.1653],[35.0308,32.16647],[35.02986,32.16299],[35.02872,32.16384],[35.02727,32.16373],[35.02677,32.16239],[35.02065,32.16147],[35.01787,32.16313],[35.00563,32.16665],[35.00443,32.16724],[35.00354,32.16928],[34.99982,32.16804]],[[35.01187,32.16744],[35.01168,32.16664],[35.01325,32.16563],[35.01486,32.16631],[35.01283,32.16711],[35.01912,32.1682],[35.01885,32.16867],[35.01187,32.16744]],[[35.00394,32.1726],[35.00362,32.17385],[35.00221,32.17333],[35.0021,32.17187],[35.00394,32.1726]]]]}},{"type":"Feature","id":3760,"properties":{"y":3760,"b":0,"r":4.626,"n":43,"p":9295,"nm":"אורנית","nmAr":null,"d":false},"geometry":{"type":"MultiPolygon","coordinates":[[[[34.99178,32.11989],[34.99052,32.11951],[34.99043,32.11769],[34.98907,32.11879],[34.98883,32.12125],[34.99178,32.11989]]],[[[34.99351,32.12631],[34.99186,32.12337],[34.98996,32.12336],[34.99002,32.12505],[34.98799,32.12534],[34.98812,32.12421],[34.9857,32.12333],[34.98487,32.12729],[34.98528,32.12975],[34.98871,32.13414],[34.98779,32.13431],[34.98676,32.13762],[34.9885,32.13891],[34.9936,32.13594],[34.99471,32.13607],[34.99437,32.13489],[34.99667,32.13439],[34.99725,32.13357],[34.99972,32.13479],[35.00154,32.1341],[35.00358,32.13494],[35.00743,32.13266],[35.00819,32.13132],[35.007,32.12999],[35.00599,32.13057],[35.0053,32.12994],[35.00516,32.13108],[35.00352,32.13107],[35.00239,32.12984],[34.9965,32.12968],[34.99637,32.12571],[34.99483,32.12016],[34.99235,32.12292],[34.99532,32.12581],[34.9956,32.1277],[34.99312,32.12785],[34.99351,32.12631]],[[34.99182,32.12657],[34.990454,32.127279],[34.99046,32.12714],[34.99182,32.12657]],[[34.99042,32.12806],[34.99492,32.12895],[34.99131,32.12896],[34.98733,32.12773],[34.98943,32.12781],[34.990454,32.127279],[34.99042,32.12806]],[[34.99522,32.13098],[34.99549,32.13075],[34.99561,32.13107],[34.99522,32.13098]],[[34.9941,32.13167],[34.9937,32.13076],[34.99436,32.13076],[34.9941,32.13167]]],[[[34.99217,32.14195],[34.99355,32.14077],[34.99448,32.13843],[35.00017,32.13914],[35.00041,32.13816],[34.99802,32.13648],[34.99568,32.13601],[34.99715,32.13687],[34.99282,32.13714],[34.99066,32.13944],[34.99052,32.14194],[34.99217,32.14195]]]]}},{"type":"Feature","id":3763,"properties":{"y":3763,"b":1,"r":14.375,"n":85,"p":5913,"nm":"גבע בנימין","nmAr":null,"d":false},"geometry":{"type":"MultiPolygon","coordinates":[[[[35.26988,31.85209],[35.26814,31.84987],[35.2651,31.85247],[35.26728,31.85395],[35.26988,31.85209]]]]}},{"type":"Feature","id":3769,"properties":{"y":3769,"b":0,"r":4.182,"n":17,"p":4065,"nm":"הר אדר","nmAr":null,"d":false},"geometry":{"type":"MultiPolygon","coordinates":[[[[35.12825,31.82023],[35.12459,31.82354],[35.12554,31.82544],[35.12402,31.82645],[35.12423,31.82897],[35.12328,31.82996],[35.12559,31.83245],[35.12808,31.83227],[35.12983,31.83105],[35.13057,31.8318],[35.13348,31.83177],[35.13396,31.82846],[35.13137,31.82668],[35.1328,31.824],[35.13289,31.82603],[35.13602,31.82765],[35.13571,31.826],[35.1344,31.82511],[35.13438,31.82159],[35.12945,31.82184],[35.12955,31.82052],[35.12825,31.82023]],[[35.13008,31.8234],[35.13074,31.8243],[35.13016,31.82471],[35.12959,31.82432],[35.13008,31.8234]],[[35.13004,31.82495],[35.13035,31.82541],[35.12997,31.82558],[35.13004,31.82495]],[[35.13037,31.82637],[35.13062,31.82712],[35.13039,31.82716],[35.13037,31.82637]],[[35.12899,31.82719],[35.12956,31.82726],[35.12909,31.82796],[35.12899,31.82719]],[[35.1305,31.82748],[35.13075,31.82759],[35.13052,31.82784],[35.1305,31.82748]],[[35.12953,31.82797],[35.12901,31.82869],[35.12888,31.82813],[35.12953,31.82797]],[[35.13201,31.82797],[35.13241,31.82891],[35.13137,31.82964],[35.13078,31.82876],[35.13201,31.82797]]]]}},{"type":"Feature","id":3779,"properties":{"y":3779,"b":0,"r":2.246,"n":22,"p":9794,"nm":"כוכב יעקב","nmAr":null,"d":false},"geometry":{"type":"MultiPolygon","coordinates":[[[[35.24577,31.88252],[35.24403,31.8803],[35.24099,31.88289],[35.24317,31.88437],[35.24577,31.88252]]]]}},{"type":"Feature","id":3780,"properties":{"y":3780,"b":0,"r":5.467,"n":350,"p":64015,"nm":"ביתר עילית","nmAr":null,"d":true},"geometry":{"type":"MultiPolygon","coordinates":[[[[35.11207,31.69064],[35.11004,31.68788],[35.1086,31.68764],[35.10441,31.68935],[35.10434,31.69164],[35.10585,31.69391],[35.106159,31.694061],[35.10202,31.69242],[35.09729,31.69339],[35.10116,31.69639],[35.100371,31.696856],[35.0957,31.6962],[35.09482,31.69736],[35.0962,31.7],[35.10931,31.70243],[35.11135,31.70336],[35.11431,31.70634],[35.11709,31.70309],[35.11451,31.70637],[35.11727,31.70687],[35.118,31.70803],[35.11341,31.70678],[35.10675,31.70339],[35.10614,31.70235],[35.10749,31.70228],[35.1013,31.70252],[35.10601,31.70569],[35.10791,31.70792],[35.11175,31.70928],[35.11234,31.70854],[35.12051,31.7083],[35.11934,31.70682],[35.12086,31.70649],[35.12147,31.70734],[35.12081,31.70799],[35.12273,31.70877],[35.12468,31.70683],[35.12356,31.70604],[35.12404,31.70545],[35.12218,31.70563],[35.12253,31.70372],[35.12124,31.70297],[35.12288,31.70316],[35.123776,31.702354],[35.12351,31.70294],[35.12576,31.70414],[35.12612,31.70609],[35.12725,31.70595],[35.12742,31.70123],[35.12886,31.7006],[35.12953,31.69925],[35.12713,31.69494],[35.12579,31.69423],[35.12525,31.69569],[35.12403,31.69361],[35.11477,31.68917],[35.11243,31.68972],[35.11207,31.69064]],[[35.11259,31.70007],[35.112713,31.700041],[35.112678,31.700455],[35.11259,31.70007]],[[35.11334,31.69892],[35.11199,31.69961],[35.10822,31.69707],[35.1089,31.69614],[35.107166,31.694552],[35.111,31.69642],[35.110729,31.694881],[35.11126,31.69657],[35.11583,31.69669],[35.1163,31.69793],[35.1257,31.70163],[35.12688,31.70086],[35.12604,31.70292],[35.12549,31.70162],[35.12518,31.70286],[35.12409,31.70166],[35.123833,31.702227],[35.12158,31.70065],[35.11894,31.70087],[35.11696,31.70236],[35.11444,31.6992],[35.113498,31.699611],[35.11334,31.69892]],[[35.117881,31.696189],[35.11786,31.69639],[35.11583,31.69669],[35.117881,31.696189]],[[35.11805,31.69461],[35.117998,31.694576],[35.11894,31.694602],[35.118049,31.694776],[35.11805,31.69461]],[[35.11027,31.69257],[35.110666,31.693284],[35.110446,31.693272],[35.11043,31.69318],[35.11027,31.69257]],[[35.115808,31.693563],[35.11094,31.693299],[35.11496,31.69313],[35.115808,31.693563]],[[35.12103,31.70294],[35.1207,31.70433],[35.11849,31.7041],[35.12045,31.70287],[35.12103,31.70294]],[[35.11975,31.70524],[35.12091,31.70476],[35.12132,31.70522],[35.11975,31.70524]],[[35.1233,31.70718],[35.12268,31.70794],[35.12215,31.70712],[35.12282,31.70669],[35.1233,31.70718]]],[[[35.12904,31.70199],[35.12839,31.70223],[35.12865,31.70341],[35.12904,31.70199]]],[[[35.11783,31.71363],[35.11725,31.71181],[35.11793,31.71167],[35.12025,31.71257],[35.11874,31.71342],[35.12109,31.71472],[35.12304,31.71262],[35.12227,31.71106],[35.1203,31.71042],[35.11815,31.71127],[35.11648,31.71043],[35.11646,31.70898],[35.11302,31.70877],[35.1125,31.70899],[35.1131,31.71078],[35.11371,31.71076],[35.11421,31.71228],[35.1167,31.71318],[35.11614,31.71389],[35.11783,31.71363]],[[35.12272,31.71214],[35.12198,31.7122],[35.1222,31.71192],[35.12272,31.71214]],[[35.12131,31.71131],[35.12084,31.71158],[35.121,31.71125],[35.12131,31.71131]]],[[[35.12097,31.71676],[35.12102,31.71799],[35.12263,31.71863],[35.12291,31.72106],[35.12829,31.72205],[35.12803,31.72056],[35.12661,31.71986],[35.128,31.71881],[35.12704,31.71849],[35.12759,31.71622],[35.1268,31.71543],[35.12399,31.71558],[35.12625,31.71223],[35.1248,31.71112],[35.12414,31.71225],[35.12321,31.71164],[35.12328,31.71291],[35.1208,31.71568],[35.122,31.71564],[35.12217,31.71637],[35.12097,31.71676]],[[35.12476,31.7123],[35.12444,31.71199],[35.12475,31.71192],[35.12476,31.7123]],[[35.12291,31.7155],[35.12209,31.71558],[35.12255,31.71498],[35.12291,31.7155]],[[35.12483,31.71974],[35.12422,31.7199],[35.12556,31.71785],[35.12483,31.71974]]]]}},{"type":"Feature","id":3788,"properties":{"y":3788,"b":0,"r":2.417,"n":13,"p":5379,"nm":"טלמון","nmAr":null,"d":false},"geometry":{"type":"MultiPolygon","coordinates":[[[[35.1332,31.93927],[35.13284,31.93927],[35.13285,31.9395],[35.1332,31.93927]]]]}},{"type":"Feature","id":3797,"properties":{"y":3797,"b":0,"r":3.899,"n":325,"p":83358,"nm":"מודיעין עילית","nmAr":null,"d":true},"geometry":{"type":"MultiPolygon","coordinates":[[[[35.04927,31.93432],[35.04787,31.93467],[35.04927,31.9338],[35.04525,31.92919],[35.04652,31.92548],[35.04524,31.92415],[35.04457,31.92183],[35.04316,31.92144],[35.04263,31.92266],[35.03786,31.92564],[35.0379,31.92737],[35.0385,31.9293],[35.038889,31.929384],[35.03782,31.93079],[35.03541,31.93185],[35.03073,31.93163],[35.03083,31.93234],[35.02988,31.93238],[35.02992,31.9317],[35.02898,31.93169],[35.02894,31.93268],[35.0336,31.93419],[35.03725,31.93338],[35.03708,31.93519],[35.03433,31.93517],[35.03472,31.93617],[35.03728,31.93573],[35.03812,31.93315],[35.0411,31.93557],[35.04206,31.93604],[35.04123,31.9367],[35.03893,31.93532],[35.0352,31.93776],[35.03722,31.94006],[35.03737,31.940079],[35.03694,31.94033],[35.03669,31.94153],[35.03926,31.94415],[35.03896,31.94603],[35.03995,31.94635],[35.04081,31.94291],[35.03806,31.94169],[35.03891,31.93995],[35.04056,31.94182],[35.04435,31.94165],[35.04517,31.94297],[35.04672,31.942],[35.04726,31.94404],[35.04872,31.94374],[35.0485,31.94626],[35.05101,31.94632],[35.05263,31.94505],[35.05089,31.94348],[35.04914,31.94366],[35.05028,31.94132],[35.05147,31.941],[35.05148,31.93957],[35.045954,31.936114],[35.04593,31.93608],[35.04814,31.93579],[35.04999,31.93589],[35.04927,31.93432]],[[35.038339,31.939017],[35.03848,31.93943],[35.038174,31.939609],[35.038339,31.939017]],[[35.03852,31.93837],[35.04223,31.93975],[35.038467,31.93856],[35.03852,31.93837]],[[35.043118,31.93031],[35.041777,31.930011],[35.04311,31.9303],[35.043118,31.93031]],[[35.04648,31.93407],[35.045464,31.932933],[35.045601,31.932764],[35.04648,31.93407]],[[35.04075,31.92455],[35.0431,31.92504],[35.04161,31.92503],[35.04075,31.92455]],[[35.03939,31.94409],[35.04036,31.94447],[35.03935,31.94526],[35.03939,31.94409]]],[[[35.01075,31.93305],[35.01179,31.93473],[35.01316,31.93489],[35.01265,31.93742],[35.01114,31.93785],[35.01283,31.94008],[35.01377,31.94008],[35.01445,31.93866],[35.0159,31.93809],[35.0159,31.93655],[35.01483,31.93545],[35.01537,31.93407],[35.01822,31.93293],[35.01825,31.93102],[35.02174,31.92929],[35.02094,31.92646],[35.02277,31.926],[35.01371,31.92715],[35.00867,31.92982],[35.00928,31.93334],[35.01075,31.93305]]],[[[35.03881,31.94449],[35.03648,31.94586],[35.03879,31.94596],[35.03881,31.94449]]],[[[35.05327,31.92031],[35.05146,31.91989],[35.04857,31.92062],[35.04804,31.91975],[35.04627,31.92004],[35.0454,31.91928],[35.04519,31.92167],[35.0477,31.92171],[35.05669,31.92547],[35.06032,31.92524],[35.06144,31.92702],[35.06185,31.92518],[35.06039,31.92447],[35.06267,31.92387],[35.06133,31.92231],[35.06069,31.92309],[35.05788,31.92232],[35.0564,31.92357],[35.05327,31.92031]]],[[[35.05468,31.9249],[35.04705,31.9218],[35.04536,31.92189],[35.04625,31.9248],[35.04869,31.92467],[35.05311,31.92724],[35.05496,31.92652],[35.05468,31.9249]]],[[[35.060056,31.925989],[35.06003,31.92583],[35.059563,31.925958],[35.060056,31.925989]]],[[[35.05874,31.92747],[35.05875,31.92618],[35.059563,31.925958],[35.05628,31.92575],[35.05591,31.92711],[35.05874,31.92747]]],[[[35.06055,31.92602],[35.060056,31.925989],[35.06036,31.92785],[35.06117,31.92725],[35.06055,31.92602]]],[[[35.05134,31.92784],[35.04804,31.92646],[35.04647,31.92711],[35.04637,31.93038],[35.05094,31.9343],[35.05525,31.93529],[35.05541,31.93373],[35.05679,31.93261],[35.05482,31.93125],[35.05256,31.93038],[35.05067,31.93105],[35.05032,31.92969],[35.05134,31.92784]]]]}},{"type":"Feature","id":4000,"properties":{"y":4000,"b":2,"r":23.071,"n":6695,"p":290187,"nm":"חיפה","nmAr":null,"d":true},"geometry":{"type":"MultiPolygon","coordinates":[[[[34.95604,32.78441],[34.956055,32.784678],[34.95436,32.78425],[34.95636,32.80282],[34.95585,32.80497],[34.95457,32.80535],[34.95419,32.80428],[34.95405,32.80672],[34.95514,32.80626],[34.95668,32.80801],[34.95584,32.80778],[34.95474,32.8115],[34.95369,32.82016],[34.9541,32.8247],[34.95596,32.82611],[34.9572,32.82586],[34.95864,32.82618],[34.96307,32.83018],[34.96564,32.83135],[34.96866,32.83152],[34.97637,32.83395],[34.978,32.83636],[34.97789,32.83533],[34.97891,32.83529],[34.97983,32.83574],[34.97947,32.83627],[34.98025,32.83605],[34.98003,32.83673],[34.98195,32.83658],[34.98639,32.83538],[34.98993,32.83126],[35.00646,32.82561],[35.00972,32.82564],[35.01652,32.82759],[35.00993,32.82542],[35.00643,32.82531],[34.99068,32.83078],[34.99039,32.83012],[34.99085,32.8284],[34.9924,32.82788],[34.99152,32.82616],[34.99943,32.82336],[35.00405,32.81814],[35.00797,32.81862],[35.00858,32.82101],[35.00801,32.82211],[35.00863,32.82294],[35.00965,32.82283],[35.01162,32.81407],[35.01427,32.81446],[35.01524,32.81312],[35.01737,32.81279],[35.01925,32.81265],[35.02012,32.81449],[35.0228,32.81609],[35.01981,32.8137],[35.0197,32.81273],[35.02357,32.81338],[35.02278,32.815],[35.02497,32.81378],[35.02804,32.81209],[35.02811,32.80898],[35.02992,32.80877],[35.03016,32.80955],[35.03707,32.81184],[35.036,32.81363],[35.03202,32.8125],[35.0306,32.81582],[35.02783,32.815],[35.02276,32.81765],[35.02703,32.8158],[35.03231,32.81742],[35.03915,32.82121],[35.04487,32.82636],[35.04976,32.83171],[35.05616,32.83997],[35.06231,32.83599],[35.06498,32.83471],[35.06346,32.83087],[35.06633,32.83689],[35.0695,32.84233],[35.07075,32.84268],[35.07301,32.84171],[35.07549,32.84052],[35.06742,32.82938],[35.06491,32.82589],[35.064764,32.825661],[35.06628,32.82777],[35.06932,32.83188],[35.07169,32.83147],[35.07441,32.82554],[35.07639,32.82369],[35.07967,32.82301],[35.07921,32.81916],[35.07758,32.81746],[35.073571,32.814154],[35.07529,32.81123],[35.0694,32.80752],[35.06278,32.80613],[35.05608,32.80426],[35.06247,32.79889],[35.07634,32.7918],[35.07636,32.78612],[35.07493,32.78745],[35.07172,32.78541],[35.07243,32.78448],[35.06533,32.77993],[35.0623,32.78018],[35.06039,32.78126],[35.05768,32.7861],[35.055097,32.78848],[35.05335,32.78641],[35.05771,32.7837],[35.05503,32.78069],[35.05014,32.78377],[35.05198,32.7859],[35.04809,32.78817],[35.04551,32.78519],[35.04199,32.78724],[35.03866,32.78374],[35.03738,32.78248],[35.03366,32.78511],[35.03162,32.78379],[35.02618,32.79119],[35.019741,32.798215],[35.01948,32.79831],[35.019698,32.798261],[35.019624,32.798342],[35.019478,32.798438],[35.015591,32.799564],[35.01919,32.79813],[35.02606,32.79132],[35.03109,32.78448],[35.028604,32.783781],[35.02861,32.78377],[35.0293,32.78226],[35.0289,32.78131],[35.025444,32.780718],[35.02638,32.78052],[35.03037,32.77876],[35.03036,32.7756],[35.02585,32.77188],[35.0213,32.77097],[35.01469,32.77215],[35.01408,32.77111],[35.014229,32.771917],[35.0134,32.77056],[35.01431,32.77029],[35.01372,32.76955],[35.01598,32.76942],[35.014105,32.765147],[35.01772,32.76731],[35.02425,32.76708],[35.02718,32.76598],[35.02657,32.76349],[35.02244,32.76071],[35.02212,32.76016],[35.02287,32.75985],[35.02117,32.75815],[35.01608,32.7622],[35.015403,32.763179],[35.01266,32.7639],[35.01096,32.76245],[35.00622,32.76446],[35.00019,32.76423],[34.99865,32.7637],[34.99188,32.75793],[34.98654,32.76049],[34.98275,32.75987],[34.98185,32.76053],[34.98206,32.76214],[34.97843,32.76219],[34.97924,32.76336],[34.97654,32.76771],[34.978145,32.771091],[34.97342,32.77182],[34.97226,32.77701],[34.971782,32.778698],[34.97304,32.77239],[34.96632,32.77294],[34.9635,32.77436],[34.962673,32.785081],[34.95604,32.78441]],[[34.96856,32.82876],[34.96863,32.83055],[34.96866,32.83055],[34.96866,32.83152],[34.96856,32.82876]],[[34.96577,32.82824],[34.969276,32.828361],[34.96856,32.82876],[34.96577,32.82824]],[[34.96544,32.82463],[34.965756,32.824304],[34.96581,32.826474],[34.96578,32.82648],[34.96577,32.82824],[34.96544,32.82463]],[[34.96995,32.83055],[34.970239,32.830369],[34.97474,32.83035],[34.98063,32.83067],[34.96866,32.83055],[34.96995,32.83055]],[[35.01363,32.77311],[35.013531,32.773124],[35.0134,32.77056],[35.01363,32.77311]],[[34.99113,32.82546],[34.992165,32.824555],[34.98875,32.82923],[34.99113,32.82546]],[[34.98636,32.82747],[34.984268,32.827988],[34.98905,32.82556],[34.9903,32.82474],[34.98636,32.82747]],[[34.985907,32.819463],[34.986139,32.819376],[34.98905,32.82556],[34.985907,32.819463]],[[34.983943,32.828069],[34.98377,32.82593],[34.98455,32.82301],[34.98396,32.828065],[34.983943,32.828069]],[[34.99582,32.82094],[34.993511,32.822444],[34.9935,32.822428],[34.99582,32.82094]],[[35.001443,32.819102],[35.00021,32.82049],[34.999755,32.820763],[35.001443,32.819102]],[[35.00387,32.81539],[35.004554,32.81195],[35.00535,32.81251],[35.00464,32.81234],[35.00356,32.81672],[35.003141,32.817191],[35.00387,32.81539]],[[34.99825,32.81558],[34.99942,32.81596],[35.00076,32.81342],[35.00152,32.81208],[35.00004,32.81526],[35.00458,32.81182],[34.99925,32.81615],[34.99825,32.81558]],[[35.00007,32.81044],[35.000199,32.810439],[35.00152,32.81208],[35.00007,32.81044]],[[35.005012,32.811356],[35.004561,32.811914],[35.00458,32.81182],[35.005012,32.811356]],[[35.000662,32.805941],[35.00075,32.8062],[35.00298,32.8032],[35.00068,32.807],[35.000662,32.805941]],[[34.999972,32.804675],[35.00023,32.80467],[35.000332,32.80497],[34.999972,32.804675]],[[34.99498,32.807364],[34.99498,32.807364],[34.99908,32.80478],[34.99835,32.80471],[34.999737,32.80468],[34.99498,32.807364]],[[34.99904,32.80313],[34.999079,32.803109],[34.99835,32.80471],[34.99904,32.80313]],[[35.00105,32.80203],[35.00211,32.79995],[35.00119,32.80217],[34.999511,32.802872],[35.00105,32.80203]],[[35.001282,32.79865],[35.00177,32.79896],[35.002397,32.79803],[35.00177,32.7991],[35.002116,32.799951],[35.00211,32.79995],[35.001282,32.79865]],[[34.99322,32.79881],[34.99646,32.79779],[34.99911,32.79727],[34.99322,32.79881]],[[34.99633,32.80008],[34.996247,32.800139],[34.99322,32.79881],[34.99633,32.80008]],[[34.995976,32.796288],[35.002105,32.794464],[35.002105,32.794464],[34.99598,32.79629],[34.995976,32.796288]],[[35.00136,32.7919],[35.001736,32.792197],[35.00139,32.79198],[35.001406,32.792034],[35.00136,32.7919]],[[35.000263,32.791514],[35.001676,32.791747],[35.00136,32.7919],[35.000263,32.791514]],[[35.00311,32.79089],[35.003167,32.790265],[35.00334,32.79057],[35.00707,32.7891],[35.007162,32.789083],[35.002436,32.791378],[35.00311,32.79089]],[[35.002035,32.788581],[35.00227,32.78868],[35.002469,32.789031],[35.002035,32.788581]],[[34.998567,32.78716],[34.99868,32.78717],[34.999456,32.787497],[34.998567,32.78716]],[[35.00261,32.78496],[35.002809,32.784832],[35.00146,32.78731],[35.00261,32.78496]],[[35.003072,32.779321],[35.00271,32.77982],[35.00211,32.78056],[35.003072,32.779321]],[[35.00368,32.77755],[35.00367,32.77623],[35.00379,32.77833],[35.003736,32.778404],[35.00368,32.77755]],[[34.9996,32.7771],[35.000015,32.776803],[35.00015,32.77764],[34.9996,32.7771]],[[34.99784,32.7785],[34.994986,32.777964],[34.99551,32.77774],[34.99673,32.77825],[34.997906,32.778448],[34.99784,32.7785]],[[35.00703,32.77008],[35.007223,32.769752],[35.008369,32.769425],[35.007074,32.770146],[35.00019,32.76947],[35.00703,32.77008]],[[35.011148,32.767305],[35.01089,32.7675],[35.008,32.76843],[35.011148,32.767305]],[[35.014935,32.763855],[35.01408,32.765091],[35.01408,32.76509],[35.011293,32.767196],[35.014935,32.763855]],[[34.98186,32.81923],[34.98575,32.81855],[34.981773,32.819304],[34.98186,32.81923]],[[34.98369,32.81514],[34.985349,32.814587],[34.98787,32.817706],[34.987868,32.817707],[34.98528,32.81463],[34.98369,32.81514]],[[34.996305,32.810622],[34.99761,32.81046],[34.99667,32.81101],[34.996305,32.810622]],[[34.99543,32.80818],[34.99143,32.80916],[34.99524,32.80782],[34.99501,32.807417],[34.99761,32.81046],[34.99543,32.80818]],[[34.98896,32.81283],[34.98886,32.81103],[34.98896,32.81282],[34.99143,32.80916],[34.98896,32.81283]],[[34.98707,32.806997],[34.98718,32.80748],[34.989934,32.804533],[34.986554,32.808999],[34.98668,32.80876],[34.98707,32.806997]],[[34.98697,32.80656],[34.986979,32.8066],[34.986847,32.806608],[34.98697,32.80656]],[[34.98405,32.80769],[34.984451,32.807535],[34.98074,32.80976],[34.98405,32.80769]],[[34.985152,32.804547],[34.98537,32.80477],[34.98405,32.80769],[34.985152,32.804547]],[[34.98273,32.80188],[34.984068,32.803428],[34.98406,32.80343],[34.985081,32.804474],[34.98464,32.804611],[34.98273,32.80188]],[[34.9816,32.79762],[34.981948,32.798931],[34.98166,32.799086],[34.9816,32.79762]],[[34.98407,32.79664],[34.987882,32.795864],[34.987883,32.795869],[34.9816,32.79762],[34.98407,32.79664]],[[34.98979,32.79292],[34.987308,32.793585],[34.98729,32.79352],[34.98979,32.79292]],[[34.985942,32.786145],[34.985621,32.787056],[34.98557,32.78693],[34.985942,32.786145]],[[34.98726,32.78351],[34.99366,32.77961],[34.98714,32.78363],[34.987122,32.783656],[34.987296,32.783291],[34.98726,32.78351]],[[34.96285,32.81613],[34.96066,32.81399],[34.9562,32.8127],[34.96084,32.81403],[34.962895,32.816123],[34.96285,32.81613]],[[34.96973,32.81643],[34.969765,32.816431],[34.96549,32.81709],[34.96973,32.81643]],[[34.961891,32.798174],[34.96188,32.79848],[34.95805,32.80556],[34.961622,32.797891],[34.96167,32.79806],[34.96094,32.80013],[34.961891,32.798174]],[[34.9724,32.78748],[34.971248,32.79262],[34.97125,32.79249],[34.9724,32.78748]],[[34.972729,32.793354],[34.97123,32.79356],[34.971238,32.793116],[34.972729,32.793354]],[[34.973678,32.792996],[34.97287,32.793847],[34.972832,32.793369],[34.973678,32.792996]],[[34.973903,32.792897],[34.979534,32.790416],[34.97588,32.79235],[34.976482,32.792665],[34.973903,32.792897]],[[34.984152,32.788943],[34.981782,32.789425],[34.98336,32.78873],[34.984152,32.788943]],[[34.970149,32.802493],[34.970146,32.802494],[34.96905,32.80018],[34.970149,32.802493]],[[34.971745,32.795031],[34.96923,32.79768],[34.97096,32.7954],[34.971745,32.795031]],[[34.958163,32.824589],[34.95817,32.82458],[34.95653,32.82193],[34.95818,32.82458],[34.958163,32.824589]],[[34.956827,32.821463],[34.956926,32.821587],[34.95653,32.82193],[34.956827,32.821463]],[[34.9586,32.82025],[34.96204,32.81985],[34.958558,32.82029],[34.9586,32.82025]],[[34.96505,32.82208],[34.96498,32.82206],[34.96204,32.81985],[34.96505,32.82208]],[[34.96597,32.82019],[34.96863,32.81871],[34.965719,32.820738],[34.96597,32.82019]],[[34.971218,32.827277],[34.97186,32.82662],[34.976696,32.824168],[34.97657,32.82429],[34.971218,32.827277]],[[34.97916,32.82153],[34.981229,32.819768],[34.977147,32.82373],[34.97916,32.82153]],[[34.959475,32.817309],[34.95981,32.816784],[34.95979,32.81685],[34.959475,32.817309]],[[34.96435,32.81588],[34.964374,32.815906],[34.963963,32.815966],[34.96435,32.81588]],[[34.96643,32.82361],[34.96804,32.82363],[34.966058,32.823994],[34.96643,32.82361]],[[34.97766,32.82568],[34.977558,32.825742],[34.9826,32.82071],[34.983114,32.820516],[34.97766,32.82568]],[[34.98503,32.80139],[34.987834,32.799804],[34.98785,32.79994],[34.98503,32.80139]],[[34.98767,32.79841],[34.987082,32.798037],[34.988021,32.798519],[34.98767,32.79841]],[[34.991515,32.787707],[34.99128,32.78773],[34.990995,32.787543],[34.991515,32.787707]],[[34.99599,32.78693],[34.997763,32.787088],[34.994153,32.787446],[34.99599,32.78693]],[[34.994115,32.778335],[34.993796,32.778505],[34.9938,32.77847],[34.994115,32.778335]],[[34.99315,32.79102],[34.99081,32.793883],[34.990709,32.793874],[34.993043,32.790966],[34.99315,32.79102]],[[34.99298,32.79406],[34.993,32.79403],[34.993018,32.794067],[34.992932,32.794059],[34.99298,32.79406]],[[34.99373,32.79295],[34.993935,32.792851],[34.993223,32.7937],[34.99373,32.79295]],[[34.99762,32.79108],[34.998292,32.79119],[34.994202,32.792723],[34.99762,32.79108]],[[34.98622,32.79749],[34.987892,32.795905],[34.98793,32.79605],[34.986332,32.797561],[34.98622,32.79749]],[[34.99285,32.8025],[34.994359,32.801497],[34.99352,32.8021],[34.992568,32.803337],[34.99285,32.8025]],[[34.992882,32.804786],[34.99222,32.80437],[34.992316,32.804085],[34.992882,32.804786]],[[34.990053,32.804376],[34.990187,32.804053],[34.99011,32.8043],[34.990053,32.804376]],[[34.991252,32.801498],[34.991953,32.799814],[34.99196,32.80095],[34.991252,32.801498]],[[34.991407,32.812688],[34.990805,32.812212],[34.99093,32.81217],[34.991407,32.812688]],[[34.99214,32.81573],[34.99208,32.815761],[34.99123,32.81406],[34.991244,32.813996],[34.99211,32.81543],[34.992801,32.816967],[34.99214,32.81573]],[[34.99639,32.81626],[34.99582,32.815275],[34.99737,32.81708],[34.99639,32.81626]],[[34.99689,32.81202],[34.99592,32.81067],[34.996249,32.810629],[34.99689,32.81202]],[[34.993431,32.818146],[34.994144,32.818748],[34.99377,32.81878],[34.993431,32.818146]],[[35.00281,32.810245],[35.00349,32.80838],[35.00296,32.81024],[35.00281,32.810245]],[[35.02256,32.79762],[35.02492,32.7991],[35.022341,32.797669],[35.02256,32.79762]],[[35.008506,32.802951],[35.01048,32.80173],[35.010712,32.801508],[35.012451,32.800815],[35.0086,32.80295],[35.008506,32.802951]],[[35.01072,32.79775],[35.010694,32.79757],[35.01876,32.79372],[35.018649,32.793826],[35.009457,32.798721],[35.01072,32.79775]],[[35.02276,32.79251],[35.02132,32.79373],[35.022931,32.792066],[35.02276,32.79251]],[[35.02158,32.78813],[35.019687,32.786655],[35.0216,32.78813],[35.02483,32.7903],[35.02347,32.79067],[35.02431,32.79003],[35.02158,32.78813]],[[35.028588,32.783809],[35.02741,32.78653],[35.02483,32.7903],[35.028588,32.783809]],[[35.020643,32.781667],[35.02063,32.78167],[35.020586,32.781642],[35.020643,32.781667]],[[35.015842,32.778226],[35.016744,32.779134],[35.01591,32.77859],[35.015842,32.778226]],[[35.01305,32.77895],[35.01235,32.778774],[35.01591,32.77859],[35.01305,32.77895]],[[35.014634,32.789415],[35.014629,32.789421],[35.012357,32.789647],[35.01251,32.78951],[35.014634,32.789415]],[[35.01097,32.78839],[35.016548,32.786946],[35.016519,32.786983],[35.00938,32.78919],[35.00727,32.789064],[35.01097,32.78839]],[[35.01109,32.78481],[35.011372,32.784514],[35.01097,32.78839],[35.01109,32.78481]],[[35.004113,32.793689],[35.00578,32.79409],[35.00429,32.7938],[35.004113,32.793689]],[[35.00498,32.79976],[35.0051,32.80171],[35.00429,32.7938],[35.00498,32.79976]],[[35.00675,32.79505],[35.006764,32.794042],[35.00756,32.79615],[35.00675,32.79505]],[[35.01025,32.79484],[35.010257,32.79489],[35.00756,32.79615],[35.01025,32.79484]],[[35.006769,32.793653],[35.00677,32.7936],[35.006967,32.793508],[35.006769,32.793653]],[[35.00932,32.77523],[35.010972,32.774962],[35.01082,32.775922],[35.01066,32.7753],[35.00932,32.77523]],[[35.011185,32.777341],[35.01221,32.778739],[35.0101,32.77821],[35.01148,32.77849],[35.011185,32.777341]],[[35.008759,32.769531],[35.008717,32.769325],[35.00877,32.76931],[35.008759,32.769531]],[[35.00955,32.77342],[35.009345,32.77241],[35.010141,32.773673],[35.00955,32.77342]],[[35.010467,32.773813],[35.01187,32.77304],[35.012973,32.773205],[35.01121,32.77346],[35.01111,32.774089],[35.010467,32.773813]],[[35.005245,32.773065],[35.00518,32.77317],[35.004489,32.773606],[35.005245,32.773065]],[[35.013094,32.783545],[35.011782,32.784083],[35.01228,32.78356],[35.013094,32.783545]],[[35.008987,32.799082],[35.009117,32.799887],[35.00869,32.79931],[35.008987,32.799082]],[[35.002754,32.796718],[35.00289,32.79719],[35.002872,32.797221],[35.002754,32.796718]],[[35.006712,32.803558],[35.005704,32.803325],[35.0057,32.80331],[35.00626,32.80297],[35.006712,32.803558]],[[35.00903,32.806502],[35.0087,32.80679],[35.008473,32.807071],[35.00993,32.8043],[35.00903,32.806502]],[[35.037454,32.794084],[35.03775,32.79409],[35.04244,32.79671],[35.037454,32.794084]],[[35.04554,32.80096],[35.046695,32.802656],[35.04244,32.79671],[35.04554,32.80096]],[[35.049227,32.806194],[35.049913,32.806659],[35.04926,32.80624],[35.049227,32.806194]],[[35.056158,32.810894],[35.0568,32.81133],[35.05741,32.812377],[35.056158,32.810894]],[[35.059439,32.815857],[35.05947,32.81591],[35.0616,32.82068],[35.059439,32.815857]],[[35.04927,32.794],[35.04952,32.793767],[35.04861,32.79557],[35.04927,32.794]],[[35.05533,32.81959],[35.05837,32.82347],[35.059522,32.825662],[35.05939,32.82559],[35.05533,32.81959]],[[35.07235,32.82465],[35.0699,32.82136],[35.06818,32.81878],[35.070075,32.821159],[35.06989,32.82125],[35.07235,32.82465]],[[35.048759,32.809674],[35.04854,32.80942],[35.04864,32.80658],[35.048759,32.809674]],[[35.06642,32.81668],[35.065739,32.815821],[35.06574,32.81582],[35.06642,32.81668]]]]}},{"type":"Feature","id":4001,"properties":{"y":4001,"b":0,"r":6.319,"n":43,"p":6805,"nm":"בוקעאתא","nmAr":null,"d":false},"geometry":{"type":"MultiPolygon","coordinates":[[[[35.8063,33.23833],[35.80789,33.23543],[35.80679,33.22099],[35.80731,33.21265],[35.80895,33.20743],[35.80909,33.20393],[35.80015,33.20343],[35.79696,33.19853],[35.79465,33.19679],[35.79665,33.19468],[35.79528,33.19145],[35.76557,33.18132],[35.76356,33.18538],[35.75695,33.19496],[35.753,33.19914],[35.7518,33.20181],[35.75103,33.20572],[35.75176,33.20421],[35.75382,33.20616],[35.75508,33.21395],[35.76063,33.21767],[35.76212,33.21615],[35.76682,33.21854],[35.76702,33.22262],[35.76864,33.22678],[35.78042,33.22635],[35.78708,33.22517],[35.80129,33.2307],[35.80478,33.23409],[35.80346,33.23653],[35.80373,33.23796],[35.8063,33.23833]]]]}},{"type":"Feature","id":4100,"properties":{"y":4100,"b":2,"r":17.014,"n":134,"p":7876,"nm":"קצרין","nmAr":null,"d":false},"geometry":{"type":"MultiPolygon","coordinates":[[[[35.70189,33.00304],[35.70918,33.00358],[35.7137,33.0024],[35.71629,33.00072],[35.71836,32.99578],[35.71857,32.98878],[35.7159,32.98529],[35.71423,32.98496],[35.71287,32.98344],[35.70557,32.9813],[35.67242,32.98298],[35.67241,32.98561],[35.67457,32.99367],[35.67711,32.99702],[35.68005,32.99806],[35.68629,33.0063],[35.6893,33.00739],[35.69423,33.00703],[35.69768,33.00428],[35.70189,33.00304]]]]}},{"type":"Feature","id":4201,"properties":{"y":4201,"b":1,"r":7.418,"n":85,"p":11458,"nm":"מג'דל שמס","nmAr":null,"d":false},"geometry":{"type":"MultiPolygon","coordinates":[[[[35.79893,33.25132],[35.79761,33.24457],[35.78947,33.24223],[35.78242,33.24167],[35.7783,33.23671],[35.77208,33.23862],[35.75977,33.23817],[35.76066,33.24085],[35.75724,33.24101],[35.75363,33.24369],[35.74972,33.24044],[35.7574,33.24891],[35.75951,33.25266],[35.7596,33.25826],[35.75893,33.26042],[35.75481,33.26575],[35.75645,33.27281],[35.75284,33.28929],[35.7534,33.29041],[35.75546,33.2903],[35.7572,33.28509],[35.75829,33.28452],[35.76634,33.29138],[35.77638,33.2979],[35.78022,33.29948],[35.78387,33.29527],[35.78806,33.29212],[35.77959,33.28315],[35.77645,33.27731],[35.77647,33.27524],[35.77737,33.27489],[35.77829,33.2661],[35.78049,33.26343],[35.78549,33.26052],[35.78107,33.25701],[35.78122,33.25555],[35.79159,33.2508],[35.79893,33.25132]]]]}},{"type":"Feature","id":4203,"properties":{"y":4203,"b":1,"r":13.44,"n":52,"p":3869,"nm":"מסעדה","nmAr":null,"d":false},"geometry":{"type":"MultiPolygon","coordinates":[[[[35.8063,33.23833],[35.80373,33.23796],[35.80346,33.23653],[35.80478,33.23409],[35.80129,33.2307],[35.78708,33.22517],[35.78042,33.22635],[35.76864,33.22678],[35.76702,33.22262],[35.76682,33.21854],[35.76212,33.21615],[35.76063,33.21767],[35.75508,33.21395],[35.75429,33.20713],[35.75176,33.20421],[35.7455,33.21488],[35.74438,33.21862],[35.74394,33.2244],[35.74217,33.22868],[35.74826,33.23307],[35.74574,33.23459],[35.74579,33.23712],[35.75363,33.24369],[35.75724,33.24101],[35.76066,33.24085],[35.75977,33.23817],[35.77208,33.23862],[35.7783,33.23671],[35.78242,33.24167],[35.78947,33.24223],[35.79761,33.24457],[35.79893,33.25132],[35.80013,33.2512],[35.80155,33.25021],[35.80517,33.23973],[35.8063,33.23833]]]]}},{"type":"Feature","id":4502,"properties":{"y":4502,"b":0,"r":3.196,"n":7,"p":2190,"nm":"עין קנייא","nmAr":null,"d":false},"geometry":{"type":"MultiPolygon","coordinates":[[[[35.74721,33.23856],[35.74545,33.2357],[35.74574,33.23459],[35.74826,33.23307],[35.74217,33.22868],[35.74314,33.22562],[35.74211,33.2272],[35.73661,33.22492],[35.73175,33.22499],[35.72732,33.22638],[35.72513,33.2306],[35.72202,33.23186],[35.71966,33.235],[35.72076,33.23956],[35.73656,33.25139],[35.74394,33.25002],[35.74483,33.2398],[35.74721,33.23856]]]]}},{"type":"Feature","id":5000,"properties":{"y":5000,"b":3,"r":50.151,"n":23794,"p":474443,"nm":"תל אביב -יפו","nmAr":null,"d":true},"geometry":{"type":"MultiPolygon","coordinates":[[[[34.74395,32.03271],[34.745499,32.033764],[34.74394,32.03277],[34.74237,32.03312],[34.74511,32.03767],[34.74484,32.03951],[34.7452,32.04072],[34.74427,32.04162],[34.7455,32.04387],[34.74442,32.04506],[34.74556,32.04786],[34.74737,32.04736],[34.74569,32.0479],[34.74693,32.04834],[34.74824,32.05058],[34.748,32.05218],[34.74986,32.05591],[34.74874,32.05142],[34.75197,32.05542],[34.755702,32.055666],[34.75443,32.05601],[34.75706,32.05774],[34.75967,32.06213],[34.76135,32.0681],[34.7619,32.06874],[34.76282,32.06946],[34.76335,32.07214],[34.7639,32.07407],[34.76602,32.07977],[34.76676,32.08314],[34.76762,32.08478],[34.76605,32.08627],[34.76683,32.08785],[34.7665,32.08608],[34.76771,32.08523],[34.76812,32.08692],[34.76725,32.08742],[34.76921,32.0875],[34.76937,32.08993],[34.76811,32.09026],[34.76752,32.08952],[34.76832,32.09172],[34.76833,32.09084],[34.76922,32.09062],[34.77079,32.09199],[34.76991,32.09335],[34.76874,32.09275],[34.76979,32.09528],[34.76963,32.09423],[34.77081,32.09429],[34.770876,32.094265],[34.772,32.09553],[34.77554,32.10375],[34.77794,32.10052],[34.77313,32.10772],[34.77345,32.10913],[34.77338,32.10791],[34.7756,32.10532],[34.77627,32.10589],[34.77715,32.10501],[34.77759,32.10671],[34.77512,32.10694],[34.77669,32.10757],[34.77587,32.10833],[34.77441,32.10813],[34.77732,32.10917],[34.77796,32.11132],[34.77896,32.11208],[34.78184,32.12028],[34.78074,32.12072],[34.78178,32.12242],[34.78326,32.12271],[34.79152,32.14605],[34.80234,32.14404],[34.80144,32.14052],[34.79711,32.13389],[34.795896,32.128806],[34.80058,32.13059],[34.80397,32.13061],[34.80745,32.1294],[34.81023,32.12595],[34.810532,32.123463],[34.81055,32.12533],[34.81115,32.12444],[34.82388,32.12363],[34.82173,32.12595],[34.81954,32.13094],[34.8277,32.13061],[34.82665,32.12861],[34.82835,32.128358],[34.82897,32.12903],[34.83347,32.12884],[34.8373,32.12771],[34.83674,32.12643],[34.83996,32.12642],[34.83991,32.12425],[34.84049,32.12425],[34.84175,32.12352],[34.84202,32.12149],[34.8444,32.12046],[34.84428,32.11969],[34.84888,32.11869],[34.85038,32.12032],[34.85187,32.1194],[34.84928,32.10719],[34.84675,32.10676],[34.84372,32.10848],[34.83573,32.10527],[34.8278,32.1057],[34.82706,32.10462],[34.82537,32.10495],[34.82297,32.10353],[34.81781,32.10453],[34.82418,32.10268],[34.82126,32.1013],[34.82263,32.09914],[34.81997,32.09626],[34.81901,32.09624],[34.81823,32.09778],[34.81563,32.09817],[34.81381,32.09608],[34.80979,32.0963],[34.80946,32.09502],[34.80832,32.09491],[34.80934,32.09087],[34.80757,32.08998],[34.80704,32.09097],[34.80381,32.09098],[34.802142,32.093408],[34.80221,32.09321],[34.80078,32.08979],[34.79917,32.08434],[34.80018,32.08158],[34.79759,32.0804],[34.795268,32.077217],[34.79788,32.08001],[34.79924,32.07923],[34.80187,32.07786],[34.80159,32.07536],[34.80061,32.0729],[34.802039,32.070164],[34.80226,32.0701],[34.802818,32.066082],[34.80373,32.06611],[34.80586,32.06189],[34.81071,32.0597],[34.81057,32.0588],[34.81172,32.05861],[34.81032,32.05494],[34.81312,32.05219],[34.81391,32.04966],[34.8137,32.04639],[34.813317,32.044672],[34.81383,32.04459],[34.81238,32.04082],[34.80976,32.04153],[34.80766,32.03689],[34.80737,32.03449],[34.79937,32.03845],[34.78953,32.0417],[34.78984,32.04477],[34.78851,32.04483],[34.787767,32.046442],[34.785901,32.046677],[34.77883,32.03826],[34.776285,32.039734],[34.7781,32.03864],[34.7744,32.03277],[34.76609,32.03612],[34.76074,32.03651],[34.755442,32.038],[34.75488,32.0364],[34.75554,32.03796],[34.76023,32.0363],[34.75991,32.03299],[34.755931,32.033482],[34.75521,32.03112],[34.75081,32.03058],[34.75182,32.03399],[34.751617,32.034017],[34.74983,32.02927],[34.74395,32.03271]],[[34.824416,32.123021],[34.82426,32.1237],[34.824584,32.12434],[34.82388,32.12363],[34.824416,32.123021]],[[34.79691,32.07779],[34.796564,32.076989],[34.79924,32.07923],[34.79691,32.07779]],[[34.81187,32.04942],[34.80992,32.04933],[34.807596,32.049115],[34.81009,32.04922],[34.810071,32.049088],[34.81391,32.04966],[34.81187,32.04942]],[[34.76219,32.04185],[34.76256,32.044058],[34.762547,32.044062],[34.76074,32.03651],[34.76219,32.04185]],[[34.77655,32.07703],[34.77686,32.07627],[34.77704,32.07962],[34.77655,32.07703]],[[34.77916,32.07954],[34.78128,32.0795],[34.77704,32.07962],[34.77916,32.07954]],[[34.78165,32.07553],[34.781276,32.080139],[34.78128,32.0795],[34.78165,32.07553]],[[34.78179,32.07352],[34.78196,32.07108],[34.78165,32.07553],[34.78179,32.07352]],[[34.77533,32.0739],[34.77847,32.07232],[34.77781,32.07025],[34.77723,32.06838],[34.77851,32.07244],[34.78196,32.07108],[34.77533,32.0739]],[[34.775393,32.074005],[34.77539,32.074],[34.77306,32.07163],[34.77533,32.0739],[34.775393,32.074005]],[[34.791496,32.078003],[34.79194,32.08215],[34.7912,32.07853],[34.791427,32.077979],[34.791496,32.078003]],[[34.790344,32.073128],[34.79051,32.07337],[34.79315,32.07855],[34.790344,32.073128]],[[34.792285,32.067044],[34.79246,32.06726],[34.79401,32.07264],[34.792285,32.067044]],[[34.78807,32.06267],[34.78653,32.05933],[34.7891,32.06366],[34.79033,32.06463],[34.791572,32.066164],[34.78807,32.06267]],[[34.78531,32.05434],[34.785312,32.05426],[34.78653,32.05933],[34.78531,32.05434]],[[34.79231,32.06427],[34.792382,32.064656],[34.79033,32.06463],[34.79231,32.06427]],[[34.785379,32.051925],[34.79011,32.05171],[34.791569,32.051432],[34.791569,32.051432],[34.78757,32.05228],[34.785379,32.051945],[34.785379,32.051925]],[[34.787545,32.047009],[34.787548,32.047004],[34.79384,32.047624],[34.78925,32.04744],[34.787545,32.047009]],[[34.771418,32.08843],[34.77228,32.08984],[34.77336,32.09278],[34.77632,32.09249],[34.773506,32.093184],[34.771418,32.08843]],[[34.770429,32.085667],[34.77134,32.08761],[34.77493,32.08691],[34.771122,32.087757],[34.77024,32.08575],[34.770429,32.085667]],[[34.77428,32.0843],[34.772376,32.084811],[34.7724,32.0848],[34.77428,32.0843]],[[34.76973,32.07988],[34.7711,32.08229],[34.76844,32.07762],[34.76973,32.07988]],[[34.76874,32.07269],[34.768873,32.072495],[34.76876,32.07268],[34.76805,32.07491],[34.76874,32.07269]],[[34.77054,32.06967],[34.772168,32.065372],[34.772168,32.065372],[34.77048,32.06987],[34.7664,32.06659],[34.77054,32.06967]],[[34.76081,32.0607],[34.76255,32.06231],[34.7664,32.06659],[34.76081,32.0607]],[[34.75992,32.05729],[34.75911,32.05087],[34.75965,32.05495],[34.75988,32.05688],[34.76081,32.0607],[34.75992,32.05729]],[[34.75562,32.05422],[34.75896,32.05101],[34.75876,32.04962],[34.75815,32.04537],[34.75911,32.05087],[34.75562,32.05422]],[[34.7565,32.05545],[34.756035,32.055576],[34.75562,32.05422],[34.7565,32.05545]],[[34.75675,32.04157],[34.755697,32.038698],[34.75815,32.04537],[34.75675,32.04157]],[[34.76511,32.05477],[34.77082,32.05474],[34.76692,32.05496],[34.75965,32.05495],[34.76511,32.05477]],[[34.765321,32.052579],[34.7654,32.05276],[34.76511,32.05477],[34.765321,32.052579]],[[34.77539,32.05488],[34.77216,32.05481],[34.77082,32.05474],[34.77539,32.05488]],[[34.77456,32.05283],[34.774372,32.052282],[34.77539,32.05488],[34.77456,32.05283]],[[34.78181,32.05374],[34.7813,32.04975],[34.78088,32.04731],[34.78254,32.055538],[34.782539,32.055538],[34.78189,32.05376],[34.77539,32.05488],[34.78181,32.05374]],[[34.775042,32.049024],[34.77618,32.04849],[34.78088,32.04731],[34.775042,32.049024]],[[34.77168,32.04251],[34.76795,32.0453],[34.7709,32.04298],[34.770808,32.042784],[34.77168,32.04251]],[[34.767832,32.045394],[34.76615,32.04299],[34.76795,32.0453],[34.767832,32.045394]],[[34.7519,32.04254],[34.75254,32.04678],[34.75281,32.05011],[34.75199,32.04363],[34.75158,32.04173],[34.751247,32.040722],[34.751941,32.042532],[34.7519,32.04254]],[[34.747868,32.035377],[34.74799,32.03546],[34.75001,32.0375],[34.750141,32.037841],[34.747868,32.035377]],[[34.76365,32.04873],[34.75991,32.0498],[34.764183,32.048305],[34.76365,32.04873]],[[34.769096,32.063539],[34.76888,32.06463],[34.771924,32.065317],[34.76867,32.06503],[34.768746,32.063472],[34.769096,32.063539]],[[34.770535,32.060541],[34.77048,32.06054],[34.76642,32.05915],[34.770535,32.060541]],[[34.779155,32.063083],[34.776187,32.060732],[34.7769,32.06077],[34.779155,32.063083]],[[34.77828,32.05989],[34.778245,32.059912],[34.77713,32.05787],[34.77828,32.05989]],[[34.775966,32.063575],[34.77607,32.06335],[34.7787,32.06568],[34.775966,32.063575]],[[34.775795,32.068697],[34.77477,32.06596],[34.775795,32.068697],[34.775795,32.068697]],[[34.785554,32.049975],[34.785405,32.05104],[34.78543,32.05016],[34.785554,32.049975]],[[34.788396,32.070282],[34.785789,32.067893],[34.78771,32.06928],[34.788396,32.070282]],[[34.779002,32.096244],[34.7775,32.09783],[34.77896,32.09624],[34.779002,32.096244]],[[34.78143,32.10289],[34.78563,32.11229],[34.78841,32.12374],[34.78563,32.1123],[34.78143,32.10289]],[[34.79277,32.10274],[34.79192,32.10794],[34.79266,32.10337],[34.79277,32.10274]],[[34.79038,32.09727],[34.79367,32.098],[34.783734,32.096716],[34.79038,32.09727]],[[34.80037,32.05919],[34.799039,32.064965],[34.79909,32.06426],[34.80037,32.05919]],[[34.79196,32.05923],[34.80026,32.05918],[34.80402,32.05926],[34.80037,32.05919],[34.79196,32.05923]],[[34.79158,32.05397],[34.79186,32.05651],[34.79196,32.05923],[34.79158,32.05397]],[[34.79631,32.0536],[34.8,32.05335],[34.79158,32.05397],[34.79631,32.0536]],[[34.79958,32.05],[34.8001,32.05335],[34.80243,32.05355],[34.803126,32.053954],[34.8,32.05335],[34.79958,32.05]],[[34.8041,32.059042],[34.804149,32.059444],[34.80402,32.05926],[34.8041,32.059042]],[[34.793975,32.047638],[34.7941,32.04765],[34.79837,32.04707],[34.79902,32.04695],[34.79368,32.048105],[34.793975,32.047638]],[[34.79059,32.09104],[34.78288,32.09097],[34.78658,32.09093],[34.79059,32.09104]],[[34.78347,32.09409],[34.78366,32.096707],[34.78366,32.096707],[34.78301,32.09174],[34.78234,32.08816],[34.78288,32.09097],[34.78347,32.09409]],[[34.79525,32.09127],[34.795204,32.086142],[34.79546,32.08709],[34.79525,32.09127]],[[34.78836,32.08703],[34.788444,32.08692],[34.788419,32.087064],[34.78836,32.08703]],[[34.789268,32.085843],[34.7895,32.08554],[34.789771,32.085695],[34.789268,32.085843]],[[34.78904,32.0828],[34.78915,32.08366],[34.78861,32.07976],[34.78843,32.07846],[34.78904,32.0828]],[[34.78176,32.08528],[34.78127,32.08123],[34.781274,32.080482],[34.78176,32.08528]],[[34.781275,32.080339],[34.78204,32.08029],[34.785397,32.082989],[34.781275,32.08035],[34.781275,32.080339]],[[34.78571,32.08324],[34.785701,32.084416],[34.785693,32.084418],[34.785543,32.083106],[34.78571,32.08324]],[[34.797624,32.070935],[34.79665,32.06814],[34.79655,32.06471],[34.797624,32.070935]],[[34.799291,32.07092],[34.797793,32.071419],[34.797733,32.071249],[34.799291,32.07092]],[[34.79884,32.06773],[34.798927,32.066526],[34.799798,32.070751],[34.799792,32.070753],[34.79884,32.06773]],[[34.794742,32.076497],[34.79411,32.07563],[34.794102,32.075403],[34.794742,32.076497]],[[34.79583,32.11291],[34.79252,32.11261],[34.79772,32.11306],[34.80144,32.1134],[34.79583,32.11291]],[[34.796661,32.117209],[34.79657,32.11717],[34.79583,32.11291],[34.796661,32.117209]],[[34.798127,32.107582],[34.79831,32.10783],[34.79772,32.11306],[34.798127,32.107582]],[[34.801581,32.10946],[34.80164,32.10968],[34.80158,32.11819],[34.80144,32.1134],[34.801581,32.10946]],[[34.79785,32.11772],[34.797223,32.11745],[34.80158,32.11819],[34.79785,32.11772]],[[34.80126,32.108267],[34.800724,32.106752],[34.8009,32.10693],[34.80126,32.108267]],[[34.796774,32.10584],[34.79687,32.10588],[34.797217,32.106349],[34.796774,32.10584]],[[34.80285,32.1247],[34.8104,32.12292],[34.810492,32.119397],[34.810526,32.122917],[34.80285,32.1247]],[[34.810503,32.118996],[34.81054,32.11756],[34.810598,32.112447],[34.81076,32.1127],[34.81094,32.112198],[34.810503,32.118996]],[[34.825384,32.11596],[34.82539,32.1188],[34.825255,32.116004],[34.825384,32.11596]],[[34.83204,32.1116],[34.83446,32.11885],[34.83297,32.11489],[34.83204,32.1116]],[[34.83636,32.11876],[34.837043,32.119077],[34.83079,32.11872],[34.83446,32.11885],[34.83636,32.11876]],[[34.84083,32.11442],[34.838,32.11061],[34.84094,32.11452],[34.83776,32.11769],[34.83636,32.11876],[34.84083,32.11442]],[[34.81397,32.10684],[34.811405,32.110897],[34.81202,32.10918],[34.81397,32.10684]],[[34.81492,32.10785],[34.815841,32.109381],[34.81397,32.10684],[34.81492,32.10785]],[[34.83201,32.1067],[34.832328,32.1068],[34.83008,32.10693],[34.82742,32.1072],[34.83201,32.1067]],[[34.834433,32.107558],[34.833704,32.107235],[34.83426,32.10741],[34.834433,32.107558]],[[34.80278,32.100226],[34.80041,32.10053],[34.799981,32.100369],[34.80278,32.100226]],[[34.807024,32.099531],[34.80704,32.09968],[34.806656,32.099729],[34.807024,32.099531]],[[34.825496,32.111928],[34.825389,32.113717],[34.82532,32.11236],[34.825496,32.111928]],[[34.816191,32.109961],[34.81625,32.11006],[34.816306,32.110419],[34.816191,32.109961]],[[34.83777,32.12119],[34.837295,32.119194],[34.83761,32.11934],[34.83777,32.12119]],[[34.806465,32.056563],[34.806455,32.056567],[34.804582,32.054799],[34.8046,32.05481],[34.806353,32.054204],[34.80512,32.05513],[34.80575,32.0555],[34.806465,32.056563]],[[34.807235,32.049082],[34.80538,32.04891],[34.807222,32.049035],[34.807235,32.049082]],[[34.80465,32.05754],[34.805075,32.057323],[34.804383,32.058268],[34.80465,32.05754]]]]}},{"type":"Feature","id":6000,"properties":{"y":6000,"b":1,"r":13.282,"n":417,"p":31397,"nm":"באקה אל-גרביה","nmAr":null,"d":true},"geometry":{"type":"MultiPolygon","coordinates":[[[[35.05387,32.40279],[35.04978,32.39737],[35.03875,32.40515],[35.03949,32.40757],[35.03875,32.40819],[35.03482,32.41024],[35.03321,32.40972],[35.03159,32.41233],[35.034273,32.412234],[35.02505,32.4138],[35.01774,32.41657],[35.01493,32.41901],[35.01505,32.41967],[35.01745,32.42012],[35.01755,32.421],[35.02145,32.42089],[35.02394,32.42215],[35.02711,32.42644],[35.02526,32.42688],[35.02531,32.42956],[35.02863,32.42928],[35.02977,32.4313],[35.029771,32.431298],[35.03236,32.43604],[35.03484,32.43635],[35.03591,32.43486],[35.03731,32.43508],[35.04009,32.43413],[35.04012,32.4334],[35.042,32.43346],[35.04467,32.43404],[35.04531,32.43571],[35.04673,32.43558],[35.04771,32.43406],[35.04932,32.43471],[35.05123,32.43389],[35.05267,32.43489],[35.05384,32.43469],[35.05469,32.43273],[35.05679,32.43269],[35.05796,32.43141],[35.05992,32.4313],[35.05852,32.42651],[35.057821,32.425776],[35.05651,32.42295],[35.05705,32.41921],[35.05417,32.41748],[35.05332,32.41611],[35.05396,32.41208],[35.05506,32.41203],[35.05387,32.40279]],[[35.05407,32.42193],[35.054098,32.42196],[35.04903,32.42005],[35.05407,32.42193]],[[35.040185,32.412328],[35.03819,32.412095],[35.03944,32.41205],[35.040185,32.412328]],[[35.045184,32.414232],[35.044826,32.414042],[35.04495,32.414015],[35.045184,32.414232]]]]}},{"type":"Feature","id":6100,"properties":{"y":6100,"b":1,"r":9.666,"n":2110,"p":218281,"nm":"בני ברק","nmAr":null,"d":true},"geometry":{"type":"MultiPolygon","coordinates":[[[[34.82614,32.08148],[34.82575,32.08265],[34.82507,32.08472],[34.82616,32.08472],[34.8221,32.08493],[34.8224,32.08668],[34.82264,32.09079],[34.8218,32.09517],[34.82164,32.09701],[34.82825,32.099094],[34.82786,32.10574],[34.83573,32.10527],[34.84372,32.10848],[34.8468,32.10675],[34.84928,32.10719],[34.8478,32.10081],[34.845994,32.094815],[34.84581,32.09244],[34.84581,32.08828],[34.8453,32.08274],[34.8439,32.07562],[34.84325,32.07277],[34.84105,32.06899],[34.83533,32.07132],[34.83289,32.07191],[34.833242,32.075342],[34.83313,32.07486],[34.83235,32.07598],[34.82768,32.07543],[34.82709,32.07826],[34.82614,32.08148]],[[34.82544,32.09597],[34.82741,32.09653],[34.83189,32.09804],[34.8218,32.09517],[34.82544,32.09597]],[[34.83356,32.09662],[34.833652,32.096607],[34.83189,32.09804],[34.83356,32.09662]],[[34.847768,32.100814],[34.84763,32.100346],[34.8478,32.10081],[34.847768,32.100814]],[[34.845995,32.094828],[34.84583,32.09427],[34.845994,32.094815],[34.845995,32.094828]],[[34.84235,32.09506],[34.83866,32.09575],[34.838164,32.095831],[34.84583,32.09427],[34.84235,32.09506]],[[34.83882,32.09821],[34.83887,32.1012],[34.83866,32.09575],[34.83882,32.09821]],[[34.843585,32.101408],[34.8416,32.10169],[34.835502,32.10079],[34.83887,32.1012],[34.843585,32.101408]],[[34.844085,32.083464],[34.84409,32.08345],[34.8453,32.08274],[34.844085,32.083464]],[[34.830707,32.079552],[34.830814,32.079941],[34.82709,32.07826],[34.830707,32.079552]],[[34.83332,32.09228],[34.834464,32.09245],[34.83443,32.09245],[34.83332,32.09228]],[[34.83005,32.08631],[34.83263,32.08594],[34.832588,32.085765],[34.83367,32.08587],[34.83005,32.08631]],[[34.8303,32.08777],[34.83024,32.087854],[34.83005,32.08631],[34.8303,32.08777]],[[34.827341,32.088083],[34.82747,32.0879],[34.83005,32.08631],[34.827341,32.088083]],[[34.829375,32.083474],[34.82949,32.0835],[34.83005,32.08631],[34.829375,32.083474]],[[34.83796,32.07895],[34.835615,32.076137],[34.83564,32.07614],[34.83646,32.07691],[34.83765,32.07853],[34.8411,32.08169],[34.841001,32.082001],[34.83796,32.07895]],[[34.84103,32.07689],[34.842372,32.076548],[34.842363,32.076588],[34.83765,32.07853],[34.84103,32.07689]],[[34.839975,32.076356],[34.839175,32.075944],[34.84084,32.07622],[34.839975,32.076356]],[[34.83907,32.07589],[34.83787,32.07216],[34.83869,32.07467],[34.839079,32.075894],[34.83907,32.07589]],[[34.837852,32.072165],[34.84033,32.07116],[34.83787,32.07216],[34.837852,32.072165]],[[34.830063,32.091451],[34.82624,32.09157],[34.825141,32.091332],[34.82998,32.09143],[34.830063,32.091451]],[[34.834303,32.079908],[34.834464,32.08038],[34.83435,32.08011],[34.834303,32.079908]],[[34.83194,32.08045],[34.832135,32.083861],[34.83199,32.08325],[34.83194,32.08045]],[[34.837639,32.074435],[34.8371,32.07266],[34.83604,32.0729],[34.837146,32.072451],[34.83775,32.07434],[34.837639,32.074435]],[[34.83569,32.08856],[34.83396,32.08849],[34.83879,32.08836],[34.83569,32.08856]],[[34.838865,32.087965],[34.83938,32.092446],[34.839372,32.092446],[34.83879,32.08836],[34.838865,32.087965]],[[34.83959,32.08585],[34.838934,32.087605],[34.839,32.08726],[34.83959,32.08585]],[[34.835418,32.085732],[34.83646,32.08565],[34.83959,32.08585],[34.835418,32.085732]]]]}},{"type":"Feature","id":6200,"properties":{"y":6200,"b":3,"r":32.756,"n":4208,"p":128464,"nm":"בת ים","nmAr":null,"d":true},"geometry":{"type":"MultiPolygon","coordinates":[[[[34.74489,31.99749],[34.73508,32.00259],[34.73307,32.00363],[34.73836,32.01922],[34.73849,32.02285],[34.74316,32.0226],[34.7385,32.02289],[34.7402,32.02664],[34.74072,32.03001],[34.74235,32.0331],[34.74394,32.03277],[34.743989,32.032591],[34.74906,32.0297],[34.74989,32.02934],[34.749636,32.028829],[34.75093,32.03071],[34.75521,32.03112],[34.75594,32.03354],[34.75957,32.03305],[34.7599,32.03149],[34.76052,32.02901],[34.7609,32.02332],[34.76206,32.01507],[34.7614,32.0083],[34.76117,32.00748],[34.75713,32.00823],[34.75517,32.002262],[34.7593,32.00136],[34.75822,31.99248],[34.74993,31.99672],[34.74881,31.99703],[34.74822,31.99526],[34.74644,31.99598],[34.74775,32.00014],[34.74608,32.00103],[34.7456,31.99948],[34.74569,32.00158],[34.74489,31.99749]],[[34.743191,32.022431],[34.74321,32.02465],[34.74309,32.026613],[34.74316,32.0226],[34.743191,32.022431]],[[34.745287,32.02807],[34.74642,32.02814],[34.74906,32.0297],[34.745287,32.02807]],[[34.7592,32.00873],[34.75759,32.00905],[34.75616,32.00932],[34.7614,32.0083],[34.7592,32.00873]],[[34.7589,32.0138],[34.75936,32.01561],[34.75759,32.00905],[34.7589,32.0138]],[[34.75918,32.01955],[34.759113,32.019663],[34.75936,32.01561],[34.75918,32.01955]],[[34.75174,32.01129],[34.75515,32.00952],[34.755126,32.009437],[34.75616,32.00932],[34.75174,32.01129]],[[34.751817,32.011514],[34.74795,32.00384],[34.7499,32.00766],[34.75174,32.01129],[34.751817,32.011514]],[[34.74619,32.01294],[34.74828,32.0151],[34.748432,32.015442],[34.746168,32.01295],[34.74619,32.01294]],[[34.748105,32.011608],[34.74865,32.01217],[34.7508,32.01595],[34.74994,32.01447],[34.748105,32.011608]],[[34.74562,32.0113],[34.7463,32.01085],[34.742292,32.006394],[34.742448,32.006266],[34.746351,32.010909],[34.74562,32.0113]],[[34.746901,32.023178],[34.7471,32.02327],[34.74823,32.026],[34.746901,32.023178]],[[34.75025,32.02589],[34.754039,32.025773],[34.75403,32.02581],[34.74823,32.026],[34.75025,32.02589]],[[34.75003,32.02096],[34.749978,32.018915],[34.75019,32.01939],[34.75011,32.02206],[34.75003,32.02096]],[[34.75193,32.01913],[34.75164,32.01564],[34.75311,32.01528],[34.75457,32.01555],[34.75456,32.02193],[34.75441,32.01908],[34.75019,32.01939],[34.75193,32.01913]],[[34.74527,32.01715],[34.744752,32.016597],[34.74489,32.01674],[34.74527,32.01715]],[[34.7456,32.01897],[34.74546,32.02114],[34.74527,32.01715],[34.7456,32.01897]],[[34.74285,32.0187],[34.74329,32.0184],[34.74527,32.01715],[34.74285,32.0187]],[[34.74537,32.02247],[34.7465,32.022993],[34.743222,32.022267],[34.743223,32.022263],[34.74537,32.02247]],[[34.74271,32.01442],[34.73948,32.01558],[34.738895,32.015515],[34.738893,32.01537],[34.74271,32.01442]],[[34.74183,32.01112],[34.742981,32.014709],[34.74271,32.01442],[34.74183,32.01112]],[[34.744641,32.010412],[34.744645,32.010416],[34.74331,32.01089],[34.74183,32.01112],[34.744641,32.010412]],[[34.753226,32.002687],[34.753226,32.002687],[34.754376,32.00683],[34.75416,32.00608],[34.753226,32.002687]],[[34.758859,32.020089],[34.75831,32.02101],[34.75767,32.021167],[34.758859,32.020089]],[[34.755918,32.028692],[34.75803,32.02952],[34.75606,32.02897],[34.755918,32.028692]]],[[[34.75457,32.01555],[34.75164,32.01564],[34.75194,32.01914],[34.75441,32.01908],[34.75457,32.01555]]]]}},{"type":"Feature","id":6300,"properties":{"y":6300,"b":2,"r":16.391,"n":1015,"p":61924,"nm":"גבעתיים","nmAr":null,"d":true},"geometry":{"type":"MultiPolygon","coordinates":[[[[34.80615,32.06162],[34.80451,32.06561],[34.80381,32.06556],[34.80377,32.066116],[34.80282,32.06604],[34.80251,32.06924],[34.80139,32.07186],[34.80061,32.0729],[34.80159,32.07536],[34.80187,32.07786],[34.79749,32.08027],[34.80098,32.0818],[34.80166,32.08109],[34.80142,32.07891],[34.80296,32.07904],[34.80561,32.07977],[34.80923,32.07971],[34.81257,32.07987],[34.81319,32.07802],[34.814897,32.078284],[34.81505,32.07863],[34.81995,32.08039],[34.81958,32.07895],[34.82067,32.07895],[34.82064,32.0783],[34.81936,32.07832],[34.8186,32.07537],[34.81834,32.07283],[34.81675,32.06811],[34.8151,32.0651],[34.81954,32.06232],[34.81854,32.05911],[34.81675,32.05867],[34.81057,32.0588],[34.810567,32.059768],[34.80615,32.06162]],[[34.811,32.06586],[34.809075,32.065459],[34.809084,32.065437],[34.81143,32.0657],[34.8151,32.0651],[34.811,32.06586]],[[34.81207,32.07571],[34.81441,32.07718],[34.814782,32.078023],[34.81207,32.07571]],[[34.80644,32.07518],[34.80858,32.07529],[34.81207,32.07571],[34.80644,32.07518]],[[34.8124,32.06812],[34.812479,32.074041],[34.81237,32.07278],[34.8124,32.06812]],[[34.80861,32.0665],[34.808747,32.066192],[34.80853,32.06803],[34.80861,32.0665]],[[34.808588,32.071204],[34.80857,32.07065],[34.80853,32.06803],[34.808588,32.071204]],[[34.810562,32.061261],[34.81056,32.06202],[34.81046,32.062218],[34.810562,32.061261]],[[34.813029,32.07497],[34.81252,32.07451],[34.812484,32.074097],[34.813029,32.07497]]]]}},{"type":"Feature","id":6400,"properties":{"y":6400,"b":2,"r":21.173,"n":2260,"p":106741,"nm":"הרצלייה","nmAr":null,"d":true},"geometry":{"type":"MultiPolygon","coordinates":[[[[34.81322,32.15863],[34.80917,32.1528],[34.80659,32.15342],[34.80368,32.14831],[34.80234,32.14404],[34.79152,32.14605],[34.79471,32.15775],[34.79199,32.15849],[34.79128,32.15941],[34.79249,32.16591],[34.79173,32.15949],[34.79297,32.15851],[34.79252,32.1593],[34.79354,32.16298],[34.79461,32.16167],[34.79381,32.15935],[34.79484,32.1595],[34.79483,32.16176],[34.79629,32.16256],[34.79314,32.16472],[34.7965,32.1648],[34.79697,32.1656],[34.79724,32.16636],[34.79618,32.16709],[34.79761,32.1679],[34.79696,32.16909],[34.79967,32.17213],[34.80193,32.17984],[34.80597,32.19534],[34.80938,32.20207],[34.81228,32.20121],[34.81102,32.19851],[34.81846,32.19599],[34.81794,32.19253],[34.8153,32.18546],[34.815866,32.179172],[34.81584,32.18082],[34.81619,32.18009],[34.81844,32.17976],[34.81845,32.1778],[34.81982,32.17775],[34.8195,32.17728],[34.82269,32.17818],[34.8168,32.16228],[34.81525,32.15826],[34.81322,32.15863]],[[34.80993,32.17766],[34.815902,32.176931],[34.815902,32.176931],[34.80991,32.177665],[34.80993,32.17766]],[[34.80527,32.16339],[34.7994,32.16435],[34.806213,32.163058],[34.80602,32.16316],[34.80527,32.16339]],[[34.81593,32.17518],[34.815913,32.176235],[34.81407,32.1683],[34.813992,32.167815],[34.81593,32.17518]],[[34.81278,32.16321],[34.812844,32.163452],[34.81122,32.16042],[34.81278,32.16321]]],[[[34.83551,32.15965],[34.83058,32.16088],[34.82712,32.1601],[34.82364,32.16061],[34.82043,32.15162],[34.81667,32.15239],[34.8161,32.15032],[34.81287,32.15116],[34.82269,32.17818],[34.8252,32.17891],[34.82911,32.17851],[34.83981,32.17727],[34.85141,32.17604],[34.85243,32.17939],[34.85693,32.17771],[34.85694,32.17312],[34.86442,32.17094],[34.86295,32.16475],[34.86336,32.16372],[34.8646,32.15898],[34.86157,32.15898],[34.8603,32.15371],[34.86249,32.15347],[34.85537,32.14865],[34.8503,32.1491],[34.84524,32.15007],[34.84206,32.15164],[34.8337,32.15412],[34.83544,32.15917],[34.83582,32.16147],[34.83551,32.15965]],[[34.85175,32.17397],[34.852,32.17244],[34.85125,32.17242],[34.85204,32.17224],[34.85141,32.17604],[34.85175,32.17397]],[[34.83905,32.17445],[34.84163,32.17406],[34.84265,32.17388],[34.85175,32.17397],[34.83905,32.17445]],[[34.834601,32.174936],[34.83699,32.17466],[34.83905,32.17445],[34.834601,32.174936]],[[34.8419,32.17],[34.844049,32.170325],[34.84198,32.1704],[34.84223,32.17125],[34.84265,32.17388],[34.8419,32.17]],[[34.84226,32.15368],[34.842357,32.156457],[34.84206,32.15164],[34.84226,32.15368]],[[34.83449,32.16166],[34.83466,32.16241],[34.83441,32.161326],[34.83582,32.16147],[34.83449,32.16166]],[[34.836196,32.165141],[34.83555,32.16479],[34.83466,32.16241],[34.836196,32.165141]],[[34.83658,32.15657],[34.842381,32.157148],[34.842381,32.157149],[34.836485,32.156786],[34.83658,32.15657]],[[34.82865,32.16874],[34.829778,32.175361],[34.82695,32.16261],[34.82865,32.16874]],[[34.8328,32.16827],[34.83674,32.16806],[34.83553,32.16828],[34.82865,32.16874],[34.8328,32.16827]],[[34.833282,32.161211],[34.832759,32.161327],[34.83268,32.16115],[34.833282,32.161211]],[[34.838864,32.169428],[34.83896,32.16949],[34.839264,32.170011],[34.838864,32.169428]],[[34.84258,32.16285],[34.8426,32.16488],[34.84251,32.16082],[34.84258,32.16285]],[[34.84731,32.15967],[34.847556,32.159796],[34.84251,32.16082],[34.84731,32.15967]],[[34.852864,32.168975],[34.85287,32.168768],[34.85287,32.16895],[34.852864,32.168975]],[[34.857152,32.167997],[34.85688,32.16829],[34.85287,32.16895],[34.857152,32.167997]],[[34.85869,32.16634],[34.85749,32.167633],[34.85971,32.16336],[34.85869,32.16634]],[[34.86225,32.16282],[34.862398,32.16294],[34.85971,32.16336],[34.86225,32.16282]],[[34.852884,32.162205],[34.8527,32.16081],[34.85285,32.15856],[34.8529,32.15431],[34.852884,32.162205]],[[34.849492,32.170945],[34.8496,32.17094],[34.85171,32.17149],[34.849492,32.170945]],[[34.84418,32.17032],[34.844152,32.170321],[34.84427,32.16886],[34.84418,32.17032]]],[[[34.85141,32.17604],[34.82911,32.17851],[34.82909,32.17989],[34.8329,32.17945],[34.83414,32.18131],[34.83479,32.18973],[34.8369,32.18947],[34.83721,32.18642],[34.8426,32.18593],[34.84803,32.18148],[34.85291,32.18182],[34.85141,32.17604]]]]}},{"type":"Feature","id":6500,"properties":{"y":6500,"b":2,"r":22.631,"n":2332,"p":103044,"nm":"חדרה","nmAr":null,"d":true},"geometry":{"type":"MultiPolygon","coordinates":[[[[34.871,32.41128],[34.869,32.41128],[34.87191,32.41787],[34.87323,32.42622],[34.87441,32.42773],[34.87436,32.43011],[34.87663,32.43597],[34.87768,32.44055],[34.87672,32.44107],[34.87677,32.44251],[34.87831,32.44418],[34.87783,32.44594],[34.87864,32.44826],[34.8809,32.44824],[34.87877,32.44839],[34.88334,32.46302],[34.88364,32.46621],[34.88082,32.46766],[34.87942,32.47405],[34.88121,32.46814],[34.88313,32.467],[34.88447,32.46872],[34.88547,32.47216],[34.88353,32.47254],[34.88277,32.47194],[34.88283,32.47263],[34.88164,32.47301],[34.88449,32.47304],[34.88625,32.47689],[34.89649,32.47502],[34.90401,32.47815],[34.90762,32.47168],[34.91465,32.46997],[34.91584,32.4732],[34.92085,32.47187],[34.92131,32.46868],[34.92128,32.46381],[34.9079,32.46501],[34.91045,32.46184],[34.91193,32.46208],[34.91736,32.4595],[34.92178,32.45481],[34.92819,32.45655],[34.93183,32.46127],[34.93528,32.46038],[34.93678,32.46177],[34.93868,32.46146],[34.94088,32.46257],[34.94182,32.46008],[34.94378,32.45868],[34.95823,32.45906],[34.96259,32.45874],[34.96345,32.45758],[34.95987,32.45218],[34.96242,32.45213],[34.96159,32.44941],[34.95723,32.44779],[34.95494,32.44876],[34.95674,32.4518],[34.955,32.45394],[34.9574,32.45499],[34.9561,32.45538],[34.95321,32.45885],[34.95032,32.45873],[34.95155,32.45631],[34.95092,32.45626],[34.94891,32.45858],[34.94728,32.45854],[34.94912,32.45541],[34.94741,32.45474],[34.9481,32.45364],[34.94363,32.4519],[34.94513,32.4507],[34.94532,32.44956],[34.94723,32.45042],[34.94859,32.44802],[34.95292,32.44804],[34.9505,32.44608],[34.9519,32.44542],[34.95144,32.44431],[34.9536,32.44051],[34.94715,32.44148],[34.94603,32.43749],[34.94757,32.43794],[34.95033,32.43669],[34.95332,32.43712],[34.95964,32.43526],[34.9594,32.43409],[34.96031,32.4335],[34.95989,32.43157],[34.96307,32.43085],[34.96194,32.42966],[34.96112,32.42553],[34.95827,32.42592],[34.95907,32.42386],[34.96144,32.42162],[34.96203,32.41975],[34.96462,32.41841],[34.97646,32.41969],[34.97848,32.40916],[34.97796,32.40342],[34.96047,32.40558],[34.94749,32.40812],[34.94728,32.4089],[34.94359,32.4091],[34.93373,32.40964],[34.93356,32.41113],[34.92776,32.41204],[34.9173,32.41263],[34.91274,32.41153],[34.91027,32.40368],[34.90301,32.40523],[34.88272,32.4081],[34.887417,32.428286],[34.88248,32.40828],[34.87953,32.4098],[34.87282,32.41005],[34.871,32.41128]],[[34.94394,32.41453],[34.94406,32.418819],[34.94359,32.4091],[34.94394,32.41453]],[[34.90708,32.4551],[34.91105,32.4443],[34.907109,32.455502],[34.90708,32.4551]],[[34.92302,32.44825],[34.923869,32.448836],[34.91105,32.4443],[34.92302,32.44825]],[[34.91335,32.43637],[34.9165,32.43553],[34.916513,32.435526],[34.916535,32.435588],[34.91335,32.43637]],[[34.922088,32.433918],[34.92257,32.43563],[34.92203,32.43398],[34.91991,32.434546],[34.922088,32.433918]],[[34.91556,32.42878],[34.92054,32.42771],[34.920544,32.427705],[34.920554,32.427791],[34.91556,32.42878]],[[34.915836,32.432711],[34.915725,32.432738],[34.91537,32.42566],[34.91556,32.42878],[34.915836,32.432711]],[[34.90989,32.43418],[34.91013,32.43562],[34.910544,32.438237],[34.90414,32.41274],[34.90814,32.42692],[34.90989,32.43418]],[[34.90297,32.44074],[34.910574,32.438425],[34.91113,32.44194],[34.91043,32.4386],[34.90297,32.44074]],[[34.90024,32.44522],[34.899823,32.44547],[34.90297,32.44074],[34.90024,32.44522]],[[34.891054,32.438347],[34.88713,32.4377],[34.88103,32.43603],[34.891053,32.438346],[34.891054,32.438347]],[[34.89283,32.446292],[34.892825,32.446292],[34.891094,32.438456],[34.89206,32.4411],[34.89283,32.446292]],[[34.89899,32.44597],[34.894387,32.446211],[34.899396,32.445726],[34.89899,32.44597]],[[34.93247,32.43301],[34.932412,32.433026],[34.932882,32.432497],[34.93247,32.43301]],[[34.934573,32.431285],[34.933888,32.431367],[34.93393,32.43132],[34.934573,32.431285]],[[34.93907,32.430871],[34.94405,32.43244],[34.938867,32.431054],[34.93895,32.43105],[34.93907,32.430871]],[[34.94614,32.41325],[34.94741,32.41362],[34.94787,32.41399],[34.94614,32.41325]],[[34.951678,32.415552],[34.95229,32.41513],[34.953109,32.415146],[34.951678,32.415552]],[[34.956247,32.419362],[34.9564,32.41959],[34.95531,32.42297],[34.956247,32.419362]],[[34.944265,32.423042],[34.94457,32.422905],[34.941868,32.426708],[34.94266,32.42553],[34.92288,32.42471],[34.94267,32.42553],[34.94427,32.42315],[34.944265,32.423042]],[[34.92127,32.42756],[34.920575,32.427665],[34.92288,32.42471],[34.92127,32.42756]],[[34.94699,32.42182],[34.947147,32.421843],[34.946699,32.42195],[34.94699,32.42182]],[[34.92588,32.43477],[34.92797,32.44106],[34.92742,32.43941],[34.92588,32.43477]],[[34.92042,32.44086],[34.923952,32.439962],[34.924002,32.440118],[34.92042,32.44086]],[[34.9215,32.438557],[34.92145,32.43846],[34.92073,32.43614],[34.9215,32.438557]],[[34.92355,32.43871],[34.92182,32.43917],[34.921782,32.439098],[34.92355,32.43871]],[[34.928428,32.451979],[34.92927,32.45256],[34.9363,32.45788],[34.928428,32.451979]]]]}},{"type":"Feature","id":6600,"properties":{"y":6600,"b":2,"r":22.259,"n":4404,"p":197849,"nm":"חולון","nmAr":null,"d":true},"geometry":{"type":"MultiPolygon","coordinates":[[[[34.76498,31.9967],[34.7645,31.99613],[34.76176,31.99283],[34.75851,31.99489],[34.7593,32.00136],[34.75929,32.00136],[34.75512,32.00209],[34.75713,32.00823],[34.761168,32.00748],[34.76198,32.01064],[34.76206,32.01507],[34.76179,32.01875],[34.76119,32.02184],[34.7609,32.02332],[34.76052,32.02901],[34.75957,32.03305],[34.76006,32.03622],[34.76485,32.03645],[34.7744,32.03277],[34.77811,32.03866],[34.77883,32.03826],[34.77427,32.03042],[34.77445,32.02873],[34.7771,32.02832],[34.77707,32.028113],[34.77932,32.02799],[34.77896,32.02254],[34.78537,32.02212],[34.784076,32.020667],[34.785759,32.022202],[34.78522,32.02327],[34.78923,32.02187],[34.7911,32.02513],[34.79165,32.02669],[34.79284,32.03135],[34.80006,32.02606],[34.79881,32.02595],[34.8039,32.02169],[34.80445,32.02214],[34.80558,32.02121],[34.803724,32.019607],[34.80566,32.02112],[34.81478,32.00994],[34.81236,32.00726],[34.80623,32.00105],[34.81155,32.00604],[34.80738,31.99428],[34.79998,31.99595],[34.7986,31.99198],[34.79654,31.98909],[34.79257,31.98875],[34.77729,31.99187],[34.77451,31.99367],[34.77665,31.99214],[34.77132,31.99408],[34.76731,31.99567],[34.76498,31.9967]],[[34.76077,32.00604],[34.76466,32.00601],[34.7608,32.00605],[34.761155,32.007433],[34.75929,32.00136],[34.76077,32.00604]],[[34.76493,32.005689],[34.76493,32.01026],[34.76494,32.01447],[34.76466,32.00601],[34.76493,32.005689]],[[34.76717,32.01414],[34.767246,32.014589],[34.76494,32.01447],[34.76717,32.01414]],[[34.77222,32.01341],[34.77492,32.01303],[34.76717,32.01414],[34.77222,32.01341]],[[34.77399,32.00854],[34.77491,32.01296],[34.77557,32.01742],[34.77492,32.01303],[34.77399,32.00854]],[[34.76488,32.018621],[34.76488,32.01862],[34.76494,32.01447],[34.76488,32.018621]],[[34.772788,32.029305],[34.77349,32.02863],[34.773564,32.028107],[34.77445,32.02873],[34.772788,32.029305]],[[34.80271,32.00434],[34.80181,32.00474],[34.80623,32.00105],[34.80271,32.00434]],[[34.80071,32.00409],[34.801002,32.003803],[34.80181,32.00474],[34.80071,32.00409]],[[34.778452,32.014277],[34.778452,32.014276],[34.78271,32.01347],[34.782814,32.013613],[34.778452,32.014277]],[[34.77778,32.0049],[34.77799,32.00763],[34.77833,32.01209],[34.77778,32.0049]],[[34.770622,32.004562],[34.77352,32.00459],[34.77778,32.0049],[34.770622,32.004562]],[[34.774439,31.998212],[34.77446,31.99823],[34.77813,31.99468],[34.774332,31.998421],[34.774439,31.998212]],[[34.769797,32.004554],[34.765233,32.005329],[34.76556,32.00494],[34.76935,32.00455],[34.769797,32.004554]],[[34.764833,32.00107],[34.764836,32.001086],[34.75947,32.001351],[34.764833,32.00107]],[[34.767842,32.00281],[34.76788,32.00311],[34.76926,32.00376],[34.76577,32.00277],[34.76785,32.00292],[34.767842,32.00281]],[[34.765618,32.001527],[34.76608,32.00178],[34.76577,32.00277],[34.765618,32.001527]],[[34.76858,32.03116],[34.76841,32.030927],[34.77059,32.03142],[34.76858,32.03116]],[[34.76749,32.03328],[34.767082,32.033121],[34.76858,32.03116],[34.76749,32.03328]],[[34.768241,32.030695],[34.7701,32.02902],[34.77182,32.02828],[34.768259,32.03072],[34.768241,32.030695]],[[34.77119,32.02317],[34.77273,32.02472],[34.772722,32.024752],[34.77119,32.02317]],[[34.76768,32.02338],[34.76539,32.02336],[34.76977,32.02318],[34.77119,32.02317],[34.76768,32.02338]],[[34.767016,32.029013],[34.76662,32.02847],[34.76539,32.02336],[34.767016,32.029013]],[[34.76514,32.02144],[34.764886,32.018689],[34.76539,32.02336],[34.76514,32.02144]],[[34.76907,32.01828],[34.76944,32.02024],[34.76977,32.02318],[34.76907,32.01828]],[[34.78463,32.00649],[34.78447,32.00518],[34.78494,32.00888],[34.78514,32.01049],[34.785146,32.010533],[34.78513,32.01044],[34.78463,32.00649]],[[34.78436,32.005175],[34.78431,32.00353],[34.78447,32.00518],[34.78436,32.005175]],[[34.7883,32.00867],[34.792,32.00845],[34.78494,32.00888],[34.7883,32.00867]],[[34.791761,32.004789],[34.791761,32.004789],[34.792546,32.010932],[34.7924,32.01059],[34.79233,32.01003],[34.792,32.00845],[34.791761,32.004789]],[[34.7858,32.014358],[34.79272,32.01134],[34.78416,32.01546],[34.78584,32.01459],[34.7858,32.014358]],[[34.792668,32.011218],[34.79336,32.01191],[34.79272,32.01134],[34.792668,32.011218]],[[34.7948,32.01032],[34.79165,32.01441],[34.79336,32.01191],[34.7948,32.01032]],[[34.78777,32.01822],[34.78537,32.0167],[34.78416,32.01546],[34.78777,32.01822]],[[34.78141,32.0211],[34.78132,32.01979],[34.78157,32.02044],[34.78537,32.0167],[34.78141,32.0211]],[[34.78374,32.02036],[34.783787,32.020403],[34.78141,32.0211],[34.78374,32.02036]],[[34.791749,32.004781],[34.79152,32.003151],[34.79153,32.00315],[34.791533,32.00303],[34.791749,32.004781],[34.791749,32.004781]],[[34.791549,32.002262],[34.79156,32.00178],[34.79426,32.00143],[34.795493,32.001619],[34.791549,32.002262]],[[34.79418,32.01923],[34.79859,32.01753],[34.793995,32.019446],[34.79418,32.01923]],[[34.800553,32.015786],[34.80206,32.01701],[34.800436,32.01589],[34.800553,32.015786]],[[34.802599,32.018635],[34.80228,32.01836],[34.80206,32.01701],[34.802599,32.018635]]],[[[34.78272,32.02701],[34.78412,32.0248],[34.78561,32.02221],[34.77896,32.02254],[34.77934,32.02503],[34.77932,32.02799],[34.78024,32.02786],[34.78272,32.02701]]]]}},{"type":"Feature","id":6700,"properties":{"y":6700,"b":2,"r":28.429,"n":1378,"p":48471,"nm":"טבריה","nmAr":null,"d":true},"geometry":{"type":"MultiPolygon","coordinates":[[[[35.528,32.76422],[35.52436,32.76691],[35.52161,32.76458],[35.51917,32.76404],[35.51802,32.76483],[35.51939,32.76699],[35.52278,32.7656],[35.52414,32.76708],[35.52146,32.76863],[35.5131,32.77049],[35.50743,32.76526],[35.50299,32.77213],[35.4971,32.78198],[35.49529,32.78548],[35.49756,32.78688],[35.50289,32.788],[35.50661,32.78701],[35.50937,32.78777],[35.51617,32.79032],[35.51738,32.79158],[35.51837,32.79471],[35.51789,32.7967],[35.51882,32.7955],[35.51788,32.796726],[35.51789,32.79638],[35.51454,32.79737],[35.506,32.79476],[35.50655,32.79577],[35.5058,32.79589],[35.51733,32.80461],[35.52124,32.80972],[35.52198,32.80953],[35.52267,32.81047],[35.5234,32.81145],[35.52562,32.81054],[35.52855,32.80536],[35.53061,32.80427],[35.53386,32.80435],[35.54127,32.79708],[35.54147,32.79499],[35.54271,32.79414],[35.54378,32.79029],[35.54297,32.78899],[35.54521,32.78971],[35.54586,32.78725],[35.54474,32.78705],[35.54517,32.78518],[35.54387,32.78421],[35.54494,32.78081],[35.54569,32.78044],[35.54614,32.77861],[35.54541,32.77691],[35.54778,32.77267],[35.54828,32.76949],[35.55065,32.76846],[35.55124,32.767],[35.55436,32.76538],[35.55822,32.76172],[35.56129,32.75819],[35.56269,32.75517],[35.55778,32.75404],[35.55694,32.75532],[35.55893,32.75669],[35.55658,32.75987],[35.55326,32.76216],[35.551724,32.76409],[35.54819,32.7627],[35.54665,32.75982],[35.53825,32.76664],[35.53656,32.76557],[35.53225,32.76726],[35.52813,32.77216],[35.53221,32.76715],[35.528,32.76422]],[[35.51044,32.78488],[35.51317,32.78271],[35.51086,32.78459],[35.50937,32.78777],[35.51044,32.78488]],[[35.524803,32.786048],[35.52469,32.78614],[35.52073,32.78826],[35.524803,32.786048]],[[35.52812,32.781169],[35.528145,32.781099],[35.528146,32.781187],[35.52812,32.781169]],[[35.52285,32.77407],[35.523472,32.773845],[35.522496,32.774412],[35.52285,32.77407]],[[35.519626,32.78024],[35.520537,32.776313],[35.520537,32.776313],[35.51971,32.78025],[35.519626,32.78024]],[[35.50937,32.77934],[35.50354,32.77995],[35.5066,32.77921],[35.50937,32.77934]],[[35.516685,32.780033],[35.51265,32.77991],[35.50937,32.77934],[35.516685,32.780033]],[[35.5143,32.78543],[35.514155,32.785395],[35.51454,32.785301],[35.5143,32.78543]],[[35.51638,32.78431],[35.516146,32.784436],[35.516467,32.78411],[35.51638,32.78431]],[[35.527238,32.801101],[35.527321,32.801189],[35.527037,32.801311],[35.527238,32.801101]],[[35.526531,32.796016],[35.52876,32.79895],[35.52861,32.799112],[35.526531,32.796016]],[[35.52514,32.79585],[35.52639,32.79583],[35.526428,32.79588],[35.52514,32.79585]],[[35.53605,32.79194],[35.53394,32.79305],[35.52639,32.79583],[35.53605,32.79194]],[[35.53385,32.79167],[35.53383,32.791623],[35.5369,32.79144],[35.53605,32.79194],[35.53385,32.79167]],[[35.53926,32.79246],[35.53988,32.79328],[35.5369,32.79144],[35.53926,32.79246]],[[35.53906,32.79614],[35.538863,32.796225],[35.53988,32.79328],[35.53906,32.79614]],[[35.51885,32.79944],[35.518512,32.79924],[35.519103,32.799295],[35.51885,32.79944]],[[35.51782,32.79883],[35.517858,32.797509],[35.518059,32.798971],[35.51782,32.79883]],[[35.52346,32.79215],[35.51978,32.79022],[35.525596,32.792672],[35.52346,32.79215]],[[35.525704,32.791583],[35.525654,32.791669],[35.52565,32.79165],[35.525704,32.791583]],[[35.527464,32.789457],[35.527332,32.789552],[35.52739,32.78948],[35.527464,32.789457]],[[35.53244,32.7876],[35.531133,32.787077],[35.531207,32.787003],[35.53244,32.7876]],[[35.528391,32.7804],[35.52849,32.78012],[35.52999,32.78187],[35.528391,32.7804]],[[35.533107,32.789955],[35.53304,32.7898],[35.53557,32.78676],[35.535655,32.786726],[35.533107,32.789955]],[[35.53692,32.78621],[35.53983,32.78669],[35.535884,32.786632],[35.53692,32.78621]],[[35.5457,32.77519],[35.54375,32.78289],[35.543723,32.78291],[35.5457,32.77519]],[[35.551625,32.764214],[35.55088,32.76515],[35.54908,32.76558],[35.551625,32.764214]],[[35.524225,32.78796],[35.52408,32.78769],[35.52538,32.78707],[35.524225,32.78796]],[[35.524724,32.788526],[35.52457,32.7886],[35.524342,32.788176],[35.524724,32.788526]],[[35.527023,32.79302],[35.52838,32.792889],[35.52739,32.79311],[35.527023,32.79302]]]]}},{"type":"Feature","id":6800,"properties":{"y":6800,"b":2,"r":16.012,"n":979,"p":61142,"nm":"קריית אתא","nmAr":null,"d":true},"geometry":{"type":"MultiPolygon","coordinates":[[[[35.0807,32.80047],[35.08018,32.80232],[35.07734,32.80197],[35.07756,32.80065],[35.0762,32.80052],[35.07655,32.79295],[35.07874,32.79183],[35.07876,32.79057],[35.07873,32.78584],[35.07636,32.78559],[35.0764,32.77495],[35.07069,32.77401],[35.07071,32.7767],[35.06923,32.77785],[35.06884,32.77933],[35.06628,32.77906],[35.06419,32.78047],[35.06533,32.77993],[35.07243,32.78448],[35.07172,32.78541],[35.07493,32.78745],[35.0765,32.78576],[35.07852,32.78589],[35.07852,32.7916],[35.07633,32.79285],[35.07597,32.80065],[35.07011,32.79992],[35.07087,32.79883],[35.07013,32.79836],[35.06901,32.79893],[35.06939,32.79984],[35.06247,32.79889],[35.05603,32.80424],[35.06928,32.80748],[35.07231,32.8088],[35.07642,32.81216],[35.08206,32.80688],[35.08511,32.8091],[35.09074,32.80815],[35.09186,32.81464],[35.0973,32.81299],[35.10001,32.8136],[35.10362,32.81458],[35.10427,32.81462],[35.10435,32.81617],[35.10686,32.81739],[35.10872,32.81634],[35.11584,32.82035],[35.115958,32.81962],[35.1162,32.82053],[35.12087,32.82168],[35.12685,32.82253],[35.13386,32.82243],[35.13755,32.82448],[35.14824,32.82241],[35.15148,32.82313],[35.1472,32.80898],[35.14751,32.80603],[35.13638,32.81179],[35.14603,32.80642],[35.14221,32.79469],[35.13421,32.79807],[35.13216,32.80225],[35.13128,32.80189],[35.13066,32.80256],[35.13084,32.80632],[35.12936,32.80713],[35.12974,32.807634],[35.1282,32.80667],[35.12277,32.80684],[35.12135,32.80768],[35.11803,32.80626],[35.11576,32.80523],[35.11416,32.80155],[35.112399,32.801453],[35.11402,32.80123],[35.10709,32.79648],[35.10546,32.79648],[35.10553,32.79578],[35.10504,32.79647],[35.10382,32.79594],[35.1036,32.79647],[35.09813,32.79645],[35.09771,32.79005],[35.0914,32.79004],[35.09032,32.79004],[35.08803,32.78647],[35.08531,32.7864],[35.08537,32.79844],[35.0837,32.79845],[35.08368,32.80276],[35.08185,32.80254],[35.082006,32.805761],[35.08157,32.80571],[35.08129,32.80052],[35.0807,32.80047]],[[35.131282,32.808599],[35.13225,32.80884],[35.13638,32.81179],[35.131282,32.808599]],[[35.114858,32.81075],[35.11487,32.8107],[35.11803,32.80626],[35.114858,32.81075]],[[35.10426,32.80627],[35.104355,32.807278],[35.1043,32.80691],[35.10426,32.80627]],[[35.10745,32.79973],[35.112077,32.801435],[35.11199,32.80143],[35.10745,32.79973]],[[35.11227,32.8126],[35.105275,32.813441],[35.105247,32.813253],[35.11227,32.8126]],[[35.11426,32.81322],[35.114625,32.811711],[35.114327,32.813351],[35.11227,32.8126],[35.11426,32.81322]],[[35.12084,32.81546],[35.12541,32.81498],[35.120807,32.815485],[35.12084,32.81546]],[[35.120299,32.815866],[35.115999,32.819368],[35.11605,32.81905],[35.120299,32.815866]]],[[[35.15483,32.82643],[35.15602,32.82601],[35.15531,32.8239],[35.15285,32.82424],[35.15405,32.82903],[35.15586,32.8282],[35.15483,32.82643]]]]}},{"type":"Feature","id":6900,"properties":{"y":6900,"b":2,"r":20.205,"n":2052,"p":101557,"nm":"כפר סבא","nmAr":null,"d":true},"geometry":{"type":"MultiPolygon","coordinates":[[[[34.89871,32.17165],[34.895978,32.172133],[34.89588,32.1718],[34.89141,32.17165],[34.89116,32.17241],[34.88958,32.1718],[34.88911,32.1733],[34.891343,32.175325],[34.88867,32.17783],[34.89031,32.18514],[34.889,32.19108],[34.8851,32.19891],[34.88681,32.19902],[34.88661,32.20094],[34.89007,32.20113],[34.89277,32.20051],[34.89256,32.19831],[34.90108,32.19772],[34.90071,32.19405],[34.89856,32.1942],[34.89729,32.19313],[34.90378,32.19078],[34.90462,32.19175],[34.90756,32.1909],[34.907542,32.190879],[34.91064,32.18955],[34.90746,32.19095],[34.91226,32.19611],[34.91413,32.1954],[34.91425,32.19444],[34.92011,32.19227],[34.91923,32.18963],[34.9293,32.18712],[34.93094,32.18653],[34.930936,32.186441],[34.93141,32.18632],[34.93438,32.19487],[34.93692,32.1943],[34.94284,32.19321],[34.95157,32.18963],[34.95264,32.19191],[34.95636,32.19045],[34.95705,32.18598],[34.95613,32.18268],[34.95389,32.17933],[34.95345,32.18115],[34.95043,32.18186],[34.94605,32.17958],[34.94135,32.17792],[34.93223,32.17349],[34.92908,32.17025],[34.93032,32.1648],[34.93966,32.1608],[34.93827,32.15929],[34.9266,32.16473],[34.91771,32.16794],[34.91254,32.16954],[34.912551,32.169572],[34.90955,32.1698],[34.909619,32.170003],[34.90693,32.16984],[34.90391,32.17051],[34.89871,32.17165]],[[34.899942,32.174939],[34.899834,32.174978],[34.89871,32.17165],[34.899942,32.174939]],[[34.942075,32.187826],[34.94288,32.19014],[34.94284,32.19321],[34.942075,32.187826]],[[34.90588,32.17586],[34.90488,32.17315],[34.90391,32.17051],[34.90588,32.17586]],[[34.894908,32.178548],[34.894907,32.178548],[34.89765,32.17778],[34.90055,32.1771],[34.90588,32.17586],[34.894908,32.178548]],[[34.90611,32.17879],[34.907874,32.18429],[34.907589,32.184353],[34.90611,32.17879]],[[34.905122,32.178894],[34.90673,32.17864],[34.91198,32.17744],[34.90611,32.17879],[34.905122,32.178894]],[[34.91119,32.17465],[34.912069,32.177417],[34.91198,32.17744],[34.91119,32.17465]],[[34.90338,32.17917],[34.903483,32.179154],[34.90443,32.18265],[34.90338,32.17917]],[[34.903535,32.183174],[34.90344,32.18289],[34.90443,32.18265],[34.903535,32.183174]],[[34.89943,32.1827],[34.90268,32.18567],[34.902775,32.185771],[34.89943,32.1827]],[[34.91366,32.18297],[34.91936,32.18166],[34.919383,32.181655],[34.91942,32.181758],[34.909575,32.183917],[34.91366,32.18297]],[[34.92183,32.18097],[34.921795,32.180979],[34.92081,32.17775],[34.92004,32.17534],[34.91926,32.17283],[34.92183,32.18097]],[[34.9282,32.18325],[34.9308,32.18342],[34.91999,32.18333],[34.92549,32.18306],[34.9282,32.18325]],[[34.93473,32.17655],[34.929841,32.178198],[34.93009,32.17794],[34.93473,32.17655]],[[34.94112,32.18508],[34.941273,32.18552],[34.93814,32.18332],[34.94112,32.18508]]]]}},{"type":"Feature","id":7000,"properties":{"y":7000,"b":2,"r":25.764,"n":2199,"p":85351,"nm":"לוד","nmAr":null,"d":true},"geometry":{"type":"MultiPolygon","coordinates":[[[[34.88788,31.93615],[34.88835,31.93701],[34.88593,31.93819],[34.88408,31.93953],[34.88309,31.93861],[34.880839,31.94019],[34.88004,31.93913],[34.87629,31.94118],[34.872398,31.942063],[34.87067,31.9396],[34.86946,31.93985],[34.87067,31.94212],[34.86963,31.94139],[34.86777,31.94179],[34.87298,31.94415],[34.87447,31.94582],[34.87532,31.94851],[34.87197,31.94933],[34.86905,31.94872],[34.86929,31.95045],[34.87192,31.95585],[34.87435,31.95644],[34.87496,31.95832],[34.87708,31.9578],[34.87436,31.9586],[34.87624,31.9664],[34.87532,31.96678],[34.8764,31.96922],[34.87724,31.96837],[34.880633,31.965021],[34.88055,31.96529],[34.88449,31.96889],[34.88567,31.96833],[34.88961,31.9695],[34.89799,31.9714],[34.90031,31.96855],[34.90122,31.97146],[34.90284,31.97167],[34.90534,31.97476],[34.90888,31.97422],[34.91549,31.96992],[34.92107,31.96703],[34.92083,31.96643],[34.91905,31.96644],[34.91278,31.9694],[34.90959,31.96672],[34.90802,31.965],[34.90964,31.96378],[34.90704,31.96055],[34.91147,31.95682],[34.90909,31.95733],[34.90677,31.95682],[34.905824,31.956087],[34.91089,31.95198],[34.90831,31.9507],[34.90745,31.94919],[34.90732,31.94607],[34.90257,31.94294],[34.90251,31.94222],[34.90328,31.94242],[34.90296,31.9404],[34.90422,31.94093],[34.90446,31.93932],[34.90243,31.93877],[34.9008,31.93709],[34.89994,31.93524],[34.90044,31.93444],[34.89907,31.93268],[34.892325,31.934413],[34.89148,31.93273],[34.88811,31.93404],[34.88894,31.93586],[34.88788,31.93615]],[[34.88525,31.95303],[34.885268,31.953059],[34.87298,31.94415],[34.88525,31.95303]],[[34.877096,31.957272],[34.87823,31.96142],[34.87708,31.9578],[34.877096,31.957272]],[[34.873691,31.943545],[34.87335,31.94342],[34.872921,31.942809],[34.873691,31.943545]],[[34.87796,31.94519],[34.878468,31.945633],[34.877849,31.945152],[34.87796,31.94519]],[[34.877118,31.956531],[34.87712,31.95646],[34.883794,31.956994],[34.87928,31.95664],[34.877118,31.956531]],[[34.880171,31.960829],[34.880179,31.960866],[34.87936,31.96115],[34.880171,31.960829]],[[34.880931,31.963146],[34.87998,31.96273],[34.87936,31.96115],[34.880931,31.963146]],[[34.88292,31.959916],[34.883866,31.959534],[34.88386,31.95959],[34.88292,31.959916]],[[34.881068,31.963603],[34.881039,31.963284],[34.88113,31.9634],[34.881068,31.963603]],[[34.895269,31.949864],[34.89352,31.94931],[34.89701,31.95684],[34.89618,31.95538],[34.893439,31.949222],[34.895225,31.949812],[34.895269,31.949864]],[[34.89883,31.95683],[34.901763,31.956707],[34.90154,31.95685],[34.89701,31.95684],[34.89883,31.95683]],[[34.902861,31.95227],[34.896954,31.950398],[34.90265,31.95198],[34.902861,31.95227]],[[34.89855,31.9536],[34.90293,31.952364],[34.90311,31.952612],[34.89855,31.9536]],[[34.90442,31.955],[34.903466,31.9531],[34.905407,31.955765],[34.90442,31.955]],[[34.892635,31.935029],[34.897064,31.943074],[34.89673,31.94282],[34.892635,31.935029]],[[34.89889,31.944462],[34.90426,31.94687],[34.90011,31.94539],[34.89889,31.944462]]]]}},{"type":"Feature","id":7100,"properties":{"y":7100,"b":2,"r":26.402,"n":4043,"p":153134,"nm":"אשקלון","nmAr":null,"d":true},"geometry":{"type":"MultiPolygon","coordinates":[[[[34.56729,31.63532],[34.55681,31.62898],[34.5351,31.62826],[34.53545,31.62721],[34.53935,31.62469],[34.5335,31.61961],[34.52375,31.62564],[34.51454,31.62766],[34.51917,31.63336],[34.5176,31.63428],[34.51806,31.63638],[34.51689,31.63707],[34.51995,31.64073],[34.52032,31.64035],[34.51747,31.63712],[34.52061,31.63525],[34.52194,31.63633],[34.52118,31.63766],[34.52336,31.63669],[34.52391,31.63768],[34.52098,31.63847],[34.52144,31.63967],[34.52351,31.63848],[34.52606,31.6405],[34.53881,31.65717],[34.55185,31.67485],[34.55239,31.67739],[34.55444,31.67873],[34.55373,31.682],[34.55603,31.68516],[34.55387,31.68145],[34.55561,31.68008],[34.55747,31.6825],[34.55612,31.68394],[34.55827,31.68386],[34.56102,31.68554],[34.56107,31.68664],[34.56204,31.68708],[34.57314,31.70362],[34.58104,31.71562],[34.58368,31.71431],[34.58473,31.71308],[34.5842,31.71246],[34.58826,31.71093],[34.58892,31.71022],[34.58851,31.70931],[34.5911,31.70938],[34.59336,31.70637],[34.593005,31.703096],[34.59317,31.7032],[34.59334,31.70141],[34.59736,31.70212],[34.60208,31.70544],[34.6036,31.708],[34.60668,31.71007],[34.60848,31.70896],[34.60714,31.70767],[34.60957,31.70635],[34.60904,31.70574],[34.60959,31.70272],[34.60255,31.70119],[34.59774,31.69861],[34.60286,31.69568],[34.60429,31.69261],[34.60735,31.69385],[34.60838,31.6932],[34.60977,31.69633],[34.6118,31.69638],[34.61422,31.69518],[34.61408,31.69445],[34.60941,31.68421],[34.61003,31.67973],[34.60997,31.67628],[34.60694,31.67023],[34.60698,31.66359],[34.60597,31.66129],[34.59982,31.65577],[34.59315,31.64494],[34.59237,31.64065],[34.5897,31.63506],[34.58019,31.64076],[34.57042,31.63691],[34.56729,31.63532]],[[34.57041,31.65573],[34.57182,31.65529],[34.56683,31.65737],[34.57041,31.65573]],[[34.55835,31.647323],[34.55973,31.64799],[34.57041,31.65573],[34.55835,31.647323]],[[34.57425,31.65496],[34.58361,31.65421],[34.57182,31.65529],[34.57425,31.65496]],[[34.56876,31.69425],[34.568811,31.694198],[34.57379,31.70278],[34.56876,31.69425]],[[34.56975,31.69325],[34.570082,31.693151],[34.569252,31.693753],[34.56975,31.69325]],[[34.56654,31.69006],[34.566513,31.690003],[34.56975,31.69325],[34.56654,31.69006]],[[34.574447,31.686466],[34.574692,31.686406],[34.576502,31.691155],[34.576212,31.691243],[34.574447,31.686466]],[[34.57337,31.68355],[34.573475,31.681752],[34.574174,31.685727],[34.57337,31.68355]],[[34.57356,31.6803],[34.57741,31.67594],[34.573542,31.680602],[34.57356,31.6803]],[[34.58085,31.67406],[34.58157,31.673968],[34.57741,31.67594],[34.58085,31.67406]],[[34.57992,31.67838],[34.580006,31.678558],[34.57741,31.67594],[34.57992,31.67838]],[[34.56806,31.68373],[34.5708,31.68099],[34.57085,31.680978],[34.56806,31.68373]],[[34.56373,31.67405],[34.56374,31.67345],[34.563777,31.674182],[34.56373,31.67405]],[[34.55783,31.67413],[34.56143,31.67387],[34.56373,31.67405],[34.55783,31.67413]],[[34.56194,31.67902],[34.555765,31.67198],[34.55671,31.67267],[34.55783,31.67413],[34.56194,31.67902]],[[34.573749,31.670311],[34.57418,31.67079],[34.5741,31.66874],[34.574712,31.672065],[34.57436,31.67156],[34.573749,31.670311]],[[34.56707,31.6633],[34.56237,31.66378],[34.57031,31.66216],[34.57341,31.66141],[34.56707,31.6633]],[[34.553729,31.655159],[34.55383,31.65476],[34.55454,31.6537],[34.553729,31.655159]],[[34.556479,31.650504],[34.55641,31.65063],[34.55454,31.6537],[34.556479,31.650504]],[[34.55323,31.65714],[34.553346,31.656681],[34.55598,31.6605],[34.55323,31.65714]],[[34.55969,31.65678],[34.559768,31.656862],[34.55598,31.6605],[34.55969,31.65678]],[[34.56296,31.65557],[34.563177,31.655671],[34.55969,31.65678],[34.56296,31.65557]],[[34.56196,31.65965],[34.559885,31.656985],[34.56088,31.65803],[34.56196,31.65965]],[[34.55401,31.66213],[34.548358,31.656458],[34.54847,31.65645],[34.55401,31.66213]],[[34.555044,31.645724],[34.555045,31.645725],[34.55065,31.65313],[34.54847,31.65645],[34.555044,31.645724]],[[34.558252,31.647275],[34.558186,31.647395],[34.556297,31.64633],[34.558252,31.647275]],[[34.551168,31.666697],[34.551398,31.667001],[34.55116,31.66673],[34.551168,31.666697]],[[34.554673,31.670735],[34.554642,31.670699],[34.55883,31.66502],[34.559273,31.664865],[34.554673,31.670735]],[[34.560048,31.671363],[34.56002,31.67125],[34.560197,31.670969],[34.560048,31.671363]],[[34.561635,31.668697],[34.56205,31.66804],[34.562303,31.668278],[34.561635,31.668697]],[[34.57005,31.67091],[34.57354,31.67008],[34.573581,31.670125],[34.57005,31.67091]],[[34.564702,31.666516],[34.56044,31.66637],[34.56273,31.66605],[34.564702,31.666516]],[[34.560849,31.681457],[34.56271,31.68381],[34.562823,31.683995],[34.56083,31.6815],[34.560849,31.681457]],[[34.584415,31.669292],[34.57788,31.66964],[34.5844,31.66929],[34.584415,31.669292]],[[34.58459,31.66938],[34.584618,31.669729],[34.584463,31.6693],[34.58747,31.66976],[34.58459,31.66938]],[[34.59063,31.67119],[34.590585,31.671292],[34.59011,31.66851],[34.590197,31.66574],[34.59063,31.67119]],[[34.587835,31.674141],[34.58919,31.67442],[34.59746,31.67929],[34.587835,31.674141]],[[34.607559,31.678476],[34.60608,31.67924],[34.60735,31.67837],[34.607559,31.678476]],[[34.57689,31.66373],[34.578276,31.665423],[34.57822,31.66542],[34.57689,31.66373]],[[34.580064,31.665519],[34.58161,31.665587],[34.58159,31.6656],[34.580064,31.665519]],[[34.58973,31.656712],[34.58973,31.6567],[34.59427,31.65552],[34.58973,31.656712]],[[34.590224,31.664866],[34.590225,31.664853],[34.59315,31.6634],[34.593275,31.66378],[34.590224,31.664866]],[[34.590362,31.660458],[34.59041,31.66047],[34.590315,31.66198],[34.590362,31.660458]],[[34.58492,31.67354],[34.586379,31.673841],[34.583102,31.673772],[34.58492,31.67354]],[[34.586299,31.691861],[34.585628,31.690175],[34.58641,31.69179],[34.586299,31.691861]]]]}},{"type":"Feature","id":7200,"properties":{"y":7200,"b":1,"r":12.634,"n":636,"p":50340,"nm":"נס ציונה","nmAr":null,"d":true},"geometry":{"type":"MultiPolygon","coordinates":[[[[34.79651,31.90741],[34.79336,31.90685],[34.78998,31.90506],[34.78419,31.89647],[34.77966,31.89736],[34.77777,31.89879],[34.77407,31.89858],[34.7752,31.8999],[34.77429,31.90047],[34.77516,31.90263],[34.76727,31.90303],[34.76457,31.90391],[34.76471,31.90488],[34.76193,31.90645],[34.75788,31.91134],[34.76141,31.91519],[34.7648,31.91463],[34.76458,31.9136],[34.76992,31.91279],[34.77089,31.91383],[34.7732,31.91027],[34.77432,31.91013],[34.77318,31.91297],[34.7732,31.91595],[34.77866,31.91627],[34.77863,31.91854],[34.7786,31.92138],[34.779156,31.92143],[34.77923,31.92335],[34.78045,31.92357],[34.78009,31.92613],[34.77801,31.92524],[34.77709,31.92391],[34.77995,31.9345],[34.78044,31.93686],[34.77852,31.93632],[34.7798,31.94122],[34.80045,31.94153],[34.79991,31.9366],[34.79863,31.92909],[34.79966,31.93291],[34.80119,31.94521],[34.80501,31.94464],[34.8046,31.94193],[34.8185,31.93993],[34.81783,31.93519],[34.82193,31.93504],[34.82127,31.9333],[34.82077,31.9311],[34.82219,31.93056],[34.82329,31.92625],[34.81518,31.92469],[34.81389,31.92043],[34.81018,31.92079],[34.81011,31.92176],[34.8097,31.92075],[34.80877,31.91604],[34.80787,31.91593],[34.80648,31.91337],[34.80364,31.9137],[34.80303,31.91175],[34.79965,31.91199],[34.79651,31.90741]],[[34.805281,31.931294],[34.80517,31.93131],[34.79863,31.92909],[34.805281,31.931294]],[[34.807358,31.921076],[34.80739,31.92094],[34.8097,31.92075],[34.807358,31.921076]],[[34.80305,31.92202],[34.803422,31.921953],[34.80253,31.92402],[34.80305,31.92202]],[[34.785702,31.922363],[34.78568,31.92217],[34.782371,31.921719],[34.78761,31.92219],[34.785702,31.922363]],[[34.79764,31.92423],[34.797652,31.924267],[34.78761,31.92219],[34.79764,31.92423]],[[34.794311,31.930638],[34.79432,31.93064],[34.79417,31.93164],[34.794311,31.930638]],[[34.80664,31.9311],[34.805635,31.931244],[34.807617,31.930103],[34.80664,31.9311]],[[34.80903,31.92866],[34.808731,31.928965],[34.809037,31.92816],[34.80903,31.92866]],[[34.80987,31.92294],[34.810056,31.92504],[34.80908,31.92513],[34.80986,31.92505],[34.80987,31.92294]],[[34.80757,31.92307],[34.807562,31.923038],[34.80987,31.92294],[34.80757,31.92307]],[[34.807216,31.92162],[34.807305,31.92205],[34.807193,31.921621],[34.807216,31.92162]],[[34.81175,31.93249],[34.81181,31.932554],[34.810415,31.933035],[34.81175,31.93249]],[[34.805999,31.934558],[34.80579,31.93463],[34.804805,31.934354],[34.805999,31.934558]]]]}},{"type":"Feature","id":7300,"properties":{"y":7300,"b":2,"r":17.896,"n":1396,"p":78008,"nm":"נצרת","nmAr":null,"d":true},"geometry":{"type":"MultiPolygon","coordinates":[[[[35.28904,32.67369],[35.28831,32.67279],[35.28497,32.67325],[35.28396,32.67861],[35.28156,32.68106],[35.27948,32.68647],[35.2807,32.68731],[35.28089,32.68968],[35.283351,32.691459],[35.28182,32.69453],[35.28534,32.69882],[35.28201,32.69564],[35.28098,32.69898],[35.28221,32.70024],[35.28056,32.70165],[35.28188,32.70432],[35.28064,32.70714],[35.283273,32.705681],[35.28087,32.70729],[35.27712,32.70603],[35.27549,32.70782],[35.27127,32.70952],[35.27237,32.7126],[35.27413,32.71406],[35.274,32.71499],[35.27166,32.7189],[35.26625,32.72284],[35.26606,32.72399],[35.26912,32.72659],[35.27558,32.72962],[35.27637,32.72925],[35.27716,32.73191],[35.2765,32.73453],[35.28183,32.73499],[35.28347,32.73628],[35.28389,32.73198],[35.28326,32.73016],[35.28228,32.73144],[35.27946,32.72946],[35.28399,32.72879],[35.28426,32.72783],[35.28508,32.72467],[35.2901,32.72184],[35.28819,32.71887],[35.28993,32.72157],[35.29362,32.72156],[35.29871,32.71897],[35.30005,32.71506],[35.30288,32.7165],[35.30408,32.71618],[35.3055,32.71515],[35.30558,32.71407],[35.30692,32.71383],[35.30692,32.7119],[35.30529,32.7098],[35.30253,32.71389],[35.30491,32.71029],[35.304452,32.707993],[35.30468,32.70809],[35.30637,32.71098],[35.30605,32.70959],[35.30674,32.70875],[35.31309,32.70797],[35.31357,32.70667],[35.31111,32.70187],[35.30676,32.70493],[35.31106,32.70187],[35.30921,32.70266],[35.30884,32.69998],[35.31,32.69956],[35.30903,32.69813],[35.30615,32.6951],[35.305488,32.6951],[35.30587,32.69498],[35.3046,32.69451],[35.30332,32.69522],[35.30253,32.6927],[35.30418,32.69256],[35.30506,32.69052],[35.30018,32.69017],[35.30186,32.69019],[35.30564,32.68648],[35.30523,32.68309],[35.29986,32.67817],[35.29431,32.67728],[35.29253,32.67618],[35.28927,32.67621],[35.28807,32.67386],[35.28615,32.6741],[35.28904,32.67369]],[[35.2981,32.69575],[35.29881,32.69377],[35.30018,32.69017],[35.2981,32.69575]],[[35.289065,32.68143],[35.28928,32.68159],[35.289281,32.681705],[35.289065,32.68143]],[[35.2855,32.68223],[35.28823,32.68081],[35.288394,32.680932],[35.2855,32.68223]],[[35.29766,32.70545],[35.2976,32.705378],[35.298041,32.705692],[35.29759,32.705538],[35.29766,32.70545]],[[35.29626,32.70378],[35.295955,32.700001],[35.29619,32.70027],[35.296633,32.704225],[35.29626,32.70378]],[[35.29248,32.69744],[35.29484,32.69811],[35.298566,32.701422],[35.298497,32.701493],[35.29421,32.69801],[35.29248,32.69744]],[[35.29118,32.6964],[35.291124,32.695943],[35.29248,32.69744],[35.29118,32.6964]],[[35.294339,32.687588],[35.29445,32.68747],[35.29637,32.68781],[35.294339,32.687588]],[[35.29157,32.68967],[35.29224,32.69237],[35.29106,32.695428],[35.29094,32.69445],[35.29183,32.69323],[35.29212,32.6921],[35.289,32.69245],[35.28828,32.69092],[35.28958,32.68975],[35.287252,32.687384],[35.29028,32.68718],[35.290404,32.686554],[35.29025,32.68787],[35.29118,32.68932],[35.29239,32.68966],[35.29157,32.68967]],[[35.28931,32.68414],[35.29053,32.68547],[35.290517,32.685584],[35.28931,32.68414]],[[35.28685,32.69389],[35.286717,32.693784],[35.287501,32.693804],[35.28685,32.69389]],[[35.285119,32.689273],[35.28492,32.68902],[35.28476,32.68769],[35.285119,32.689273]],[[35.286888,32.687082],[35.287065,32.687283],[35.28476,32.68769],[35.286888,32.687082]],[[35.289722,32.703457],[35.284566,32.704964],[35.28479,32.70484],[35.28953,32.70345],[35.289722,32.703457]],[[35.291368,32.703514],[35.2921,32.70354],[35.29211,32.703579],[35.291368,32.703514]],[[35.29376,32.70234],[35.294498,32.700514],[35.29452,32.70053],[35.29376,32.70234]],[[35.294425,32.700463],[35.293,32.70112],[35.29397,32.70014],[35.294425,32.700463]],[[35.27594,32.71486],[35.27566,32.714879],[35.276323,32.71457],[35.27594,32.71486]],[[35.299598,32.702959],[35.298913,32.701879],[35.300175,32.70301],[35.299598,32.702959]],[[35.30154,32.70602],[35.300039,32.703654],[35.301807,32.705964],[35.30154,32.70602]],[[35.298725,32.701259],[35.299452,32.699797],[35.2997,32.70026],[35.298725,32.701259]],[[35.29957,32.69956],[35.29959,32.69952],[35.299671,32.699476],[35.29957,32.69956]],[[35.303818,32.696058],[35.30434,32.69546],[35.304668,32.695357],[35.303818,32.696058]],[[35.30325,32.7017],[35.30141,32.70312],[35.301255,32.703106],[35.30325,32.7017]],[[35.30566,32.69815],[35.306023,32.698148],[35.305243,32.698572],[35.30566,32.69815]],[[35.300777,32.706629],[35.30154,32.70675],[35.303205,32.707461],[35.300777,32.706629]],[[35.294906,32.720236],[35.29961,32.71462],[35.29519,32.72016],[35.294906,32.720236]]]]}},{"type":"Feature","id":7400,"properties":{"y":7400,"b":2,"r":21.767,"n":5074,"p":233104,"nm":"נתניה","nmAr":null,"d":true},"geometry":{"type":"MultiPolygon","coordinates":[[[[34.83765,32.26525],[34.83915,32.26633],[34.84019,32.26564],[34.83605,32.25489],[34.83021,32.25646],[34.83209,32.25761],[34.83214,32.25913],[34.82882,32.2597],[34.83258,32.27422],[34.83564,32.28455],[34.84234,32.30647],[34.84441,32.31389],[34.84613,32.3202],[34.84714,32.32627],[34.84595,32.32702],[34.84541,32.32632],[34.84577,32.32852],[34.84659,32.32752],[34.84794,32.32857],[34.84728,32.33003],[34.84627,32.3294],[34.84702,32.33131],[34.84707,32.33059],[34.84815,32.33082],[34.84938,32.33278],[34.85229,32.34306],[34.85311,32.34586],[34.85393,32.3502],[34.85562,32.3501],[34.85569,32.35234],[34.85786,32.35224],[34.85792,32.35313],[34.86327,32.35203],[34.8652,32.35326],[34.86905,32.3534],[34.86865,32.35232],[34.86632,32.35152],[34.8622,32.3482],[34.86261,32.34709],[34.862092,32.346529],[34.87011,32.34535],[34.86782,32.34123],[34.8661,32.33738],[34.866082,32.337303],[34.87024,32.34534],[34.87725,32.34402],[34.87325,32.33544],[34.87502,32.33491],[34.87492,32.33191],[34.87173,32.33133],[34.87029,32.32468],[34.87113,32.32836],[34.87793,32.32786],[34.876852,32.32412],[34.88259,32.32363],[34.882,32.31849],[34.88264,32.32362],[34.88996,32.32339],[34.89016,32.32095],[34.89283,32.31888],[34.89157,32.31899],[34.89141,32.31711],[34.88868,32.31359],[34.88598,32.30863],[34.88429,32.30434],[34.88208,32.3015],[34.87982,32.29894],[34.88405,32.29918],[34.88409,32.29493],[34.88143,32.29529],[34.88135,32.29817],[34.87901,32.29797],[34.87849,32.29566],[34.86925,32.29568],[34.87333,32.29529],[34.87082,32.29492],[34.86951,32.29285],[34.86771,32.29277],[34.86755,32.28652],[34.87053,32.28587],[34.87152,32.28432],[34.87095,32.28196],[34.86618,32.2759],[34.86674,32.27528],[34.8595,32.272],[34.85468,32.27367],[34.85199,32.27123],[34.84864,32.2699],[34.84337,32.26881],[34.84146,32.26763],[34.84032,32.26808],[34.83729,32.26645],[34.83765,32.26525]],[[34.85413,32.34192],[34.855001,32.341938],[34.85229,32.34306],[34.85413,32.34192]],[[34.854085,32.337866],[34.85435,32.33867],[34.85413,32.34192],[34.854085,32.337866]],[[34.866004,32.336972],[34.866004,32.336971],[34.87253,32.33551],[34.87325,32.33544],[34.866004,32.336972]],[[34.876964,32.310901],[34.87692,32.31065],[34.88598,32.30863],[34.876964,32.310901]],[[34.855092,32.274937],[34.85458,32.27381],[34.8499,32.27802],[34.85468,32.27367],[34.855092,32.274937]],[[34.84652,32.28212],[34.84562,32.28316],[34.84984,32.27809],[34.847603,32.276932],[34.8499,32.27802],[34.84652,32.28212]],[[34.84312,32.287258],[34.84419,32.28492],[34.84562,32.28316],[34.84312,32.287258]],[[34.85144,32.33225],[34.85342,32.33585],[34.853694,32.336682],[34.85144,32.33225]],[[34.85467,32.33535],[34.85938,32.33507],[34.85342,32.33585],[34.85467,32.33535]],[[34.85408,32.32693],[34.854122,32.326911],[34.85296,32.32812],[34.85408,32.32693]],[[34.85309,32.32477],[34.85646,32.32357],[34.85251,32.32512],[34.85309,32.32477]],[[34.85587,32.32115],[34.856461,32.323573],[34.85646,32.32357],[34.85587,32.32115]],[[34.863843,32.304066],[34.86576,32.31379],[34.866036,32.316808],[34.86597,32.31647],[34.863843,32.304066]],[[34.845261,32.303513],[34.845181,32.303524],[34.845273,32.302867],[34.845261,32.303513]],[[34.8527,32.29442],[34.85262,32.29323],[34.852727,32.293061],[34.85335,32.29734],[34.85457,32.30302],[34.85357,32.29841],[34.8527,32.29442]],[[34.843,32.28752],[34.855148,32.28756],[34.8552,32.28775],[34.843,32.287521],[34.843,32.28752]],[[34.85221,32.27977],[34.85383,32.28271],[34.852126,32.279706],[34.85221,32.27977]],[[34.85097,32.28455],[34.85092,32.284523],[34.85383,32.28271],[34.85097,32.28455]],[[34.83395,32.27121],[34.83417,32.271075],[34.83454,32.27405],[34.83395,32.27121]],[[34.83506,32.27053],[34.835403,32.270712],[34.834541,32.270848],[34.83506,32.27053]],[[34.84863,32.27435],[34.84654,32.27329],[34.846549,32.273275],[34.84863,32.27435]],[[34.845144,32.299932],[34.84532,32.30035],[34.845319,32.300391],[34.845144,32.299932]],[[34.84852,32.29959],[34.849367,32.299398],[34.84532,32.30035],[34.84852,32.29959]],[[34.84232,32.29253],[34.84289,32.28776],[34.842951,32.287627],[34.842487,32.292968],[34.84232,32.29253]],[[34.846563,32.295775],[34.846888,32.296518],[34.84656,32.2959],[34.846563,32.295775]],[[34.8509,32.31894],[34.84806,32.31956],[34.85512,32.31801],[34.8509,32.31894]],[[34.848934,32.320863],[34.84843,32.32097],[34.84806,32.31956],[34.848934,32.320863]],[[34.85402,32.31339],[34.85445,32.31257],[34.854562,32.312539],[34.85402,32.31339]],[[34.85538,32.31231],[34.85529,32.311281],[34.857486,32.317031],[34.85538,32.31231]],[[34.850891,32.326272],[34.85001,32.32531],[34.85087,32.32611],[34.850891,32.326272]],[[34.864716,32.332487],[34.8647,32.33254],[34.864725,32.33263],[34.86279,32.33111],[34.862687,32.330786],[34.864716,32.332487]],[[34.85655,32.331835],[34.85659,32.333],[34.85655,32.33191],[34.856461,32.331841],[34.85655,32.331835]],[[34.8572,32.3255],[34.856753,32.324334],[34.85729,32.32568],[34.857322,32.32579],[34.8572,32.3255]],[[34.861764,32.346173],[34.86118,32.34554],[34.86052,32.34203],[34.861764,32.346173]],[[34.860294,32.342011],[34.85973,32.33818],[34.86052,32.34203],[34.860294,32.342011]],[[34.877523,32.313655],[34.8683,32.31481],[34.87744,32.3136],[34.877523,32.313655]],[[34.87541,32.31059],[34.875402,32.310553],[34.875442,32.310617],[34.87069,32.31051],[34.87541,32.31059]],[[34.87031,32.30982],[34.870295,32.309623],[34.87069,32.31051],[34.87031,32.30982]],[[34.87383,32.30339],[34.87999,32.30271],[34.87377,32.3034],[34.873786,32.303489],[34.87377,32.30342],[34.869768,32.302594],[34.869768,32.302591],[34.87383,32.30339]],[[34.86764,32.32506],[34.867554,32.324617],[34.867698,32.325184],[34.86764,32.32506]],[[34.881364,32.316177],[34.87997,32.31564],[34.879311,32.314829],[34.881364,32.316177]],[[34.882008,32.316425],[34.883537,32.316078],[34.88256,32.31655],[34.882537,32.316629],[34.882008,32.316425]],[[34.86273,32.33575],[34.864796,32.33289],[34.864824,32.332994],[34.86273,32.33575]],[[34.8653,32.3306],[34.86677,32.32939],[34.867093,32.329504],[34.8653,32.3306]],[[34.867394,32.329611],[34.86787,32.32978],[34.86867,32.33209],[34.867394,32.329611]]]]}},{"type":"Feature","id":7500,"properties":{"y":7500,"b":2,"r":16.361,"n":543,"p":33188,"nm":"סח'נין","nmAr":null,"d":false},"geometry":{"type":"MultiPolygon","coordinates":[[[[35.32142,32.8562],[35.32157,32.85465],[35.32477,32.85352],[35.32399,32.85256],[35.32248,32.85334],[35.31971,32.85289],[35.32007,32.85081],[35.32152,32.85001],[35.32065,32.84731],[35.3246,32.84688],[35.32605,32.84601],[35.32608,32.84521],[35.32746,32.84512],[35.32729,32.84445],[35.32684,32.84388],[35.32322,32.84437],[35.32346,32.84315],[35.32257,32.84171],[35.3209,32.84199],[35.31981,32.84494],[35.31883,32.84479],[35.31914,32.84562],[35.31368,32.8481],[35.31302,32.84926],[35.31438,32.85058],[35.31404,32.85255],[35.31184,32.8522],[35.3105,32.85492],[35.30823,32.85505],[35.30674,32.85673],[35.3009,32.85687],[35.300675,32.857241],[35.29992,32.85698],[35.30045,32.85625],[35.29958,32.85576],[35.29792,32.85722],[35.29103,32.85882],[35.2878,32.85847],[35.28451,32.8604],[35.284734,32.861788],[35.28282,32.86241],[35.28349,32.86453],[35.28215,32.86472],[35.28154,32.86676],[35.28278,32.8672],[35.28175,32.86889],[35.28402,32.86914],[35.28463,32.8692],[35.28391,32.87145],[35.29145,32.87473],[35.29898,32.87524],[35.30052,32.87488],[35.30072,32.87372],[35.30686,32.87172],[35.30937,32.87261],[35.32326,32.87667],[35.3253,32.8755],[35.32736,32.87646],[35.33383,32.87486],[35.33373,32.87305],[35.3347,32.87185],[35.33425,32.86658],[35.33688,32.86635],[35.33655,32.86129],[35.32839,32.86389],[35.32623,32.8617],[35.32535,32.85916],[35.32261,32.85761],[35.32142,32.8562]],[[35.294028,32.866385],[35.29375,32.86658],[35.29113,32.86586],[35.293879,32.86618],[35.294028,32.866385]],[[35.29653,32.86567],[35.2967,32.86657],[35.296609,32.866528],[35.29653,32.86567]],[[35.29766,32.86505],[35.298862,32.865156],[35.29653,32.86567],[35.29766,32.86505]],[[35.30068,32.865266],[35.30095,32.86687],[35.30026,32.86528],[35.30068,32.865266]]]]}},{"type":"Feature","id":7600,"properties":{"y":7600,"b":2,"r":27.421,"n":1410,"p":51420,"nm":"עכו","nmAr":null,"d":true},"geometry":{"type":"MultiPolygon","coordinates":[[[[35.07096,32.91925],[35.07068,32.91874],[35.06601,32.9193],[35.068311,32.925101],[35.0697,32.93048],[35.07063,32.93157],[35.07237,32.93587],[35.07319,32.94331],[35.07373,32.94622],[35.08699,32.94442],[35.08409,32.93782],[35.081447,32.932043],[35.08334,32.93613],[35.08883,32.94846],[35.09339,32.94807],[35.09568,32.94304],[35.09679,32.93287],[35.09715,32.9283],[35.09716,32.91974],[35.096693,32.919106],[35.09707,32.91891],[35.09536,32.91097],[35.09135,32.90728],[35.09007,32.9047],[35.09011,32.90468],[35.09027,32.90239],[35.09404,32.89384],[35.09501,32.88774],[35.09196,32.88629],[35.07713,32.88764],[35.08011,32.89927],[35.08123,32.90962],[35.07956,32.91704],[35.07808,32.91926],[35.07648,32.92014],[35.07307,32.92134],[35.07131,32.92132],[35.06944,32.91959],[35.0693,32.91899],[35.07096,32.91925]],[[35.07643,32.93483],[35.07526,32.93202],[35.076577,32.934722],[35.07643,32.93477],[35.07815,32.93848],[35.07643,32.93483]],[[35.08069,32.93026],[35.081177,32.931273],[35.081138,32.931346],[35.08069,32.93026]],[[35.082654,32.928094],[35.08223,32.92931],[35.081224,32.931184],[35.082654,32.928094]],[[35.083256,32.9261],[35.08329,32.92627],[35.082913,32.92735],[35.083256,32.9261]],[[35.08274,32.92425],[35.082875,32.924174],[35.083112,32.925374],[35.08274,32.92425]],[[35.077059,32.931437],[35.077059,32.931437],[35.07628,32.9296],[35.076333,32.929585],[35.077059,32.931437]],[[35.093333,32.927923],[35.088858,32.928269],[35.088857,32.928269],[35.09239,32.92783],[35.093333,32.927923]],[[35.083318,32.923925],[35.084208,32.923424],[35.08425,32.92362],[35.08459,32.923584],[35.083318,32.923925]],[[35.0915,32.93309],[35.090977,32.932825],[35.091988,32.932832],[35.0915,32.93309]],[[35.089776,32.932215],[35.08955,32.9321],[35.08955,32.931995],[35.089776,32.932215]]]]}},{"type":"Feature","id":7700,"properties":{"y":7700,"b":2,"r":22.969,"n":1413,"p":61519,"nm":"עפולה","nmAr":null,"d":true},"geometry":{"type":"MultiPolygon","coordinates":[[[[35.29464,32.58611],[35.2931,32.5815],[35.2926,32.57636],[35.29174,32.57644],[35.29152,32.57519],[35.29054,32.57547],[35.29016,32.57707],[35.28714,32.57672],[35.28589,32.57565],[35.28412,32.57708],[35.2823,32.57608],[35.28107,32.57768],[35.27631,32.57828],[35.27137,32.58143],[35.27111,32.58341],[35.26947,32.58465],[35.26965,32.5869],[35.26548,32.58808],[35.26427,32.58956],[35.26256,32.58986],[35.26316,32.59137],[35.26122,32.59206],[35.26198,32.59346],[35.26328,32.59395],[35.26225,32.59562],[35.26275,32.5974],[35.25876,32.59701],[35.25641,32.59848],[35.2621,32.60311],[35.27281,32.61391],[35.27087,32.61952],[35.27474,32.61758],[35.27545,32.6187],[35.27677,32.61816],[35.28148,32.62118],[35.28837,32.62324],[35.29,32.62518],[35.29319,32.62422],[35.2968,32.62431],[35.30209,32.62612],[35.30572,32.62884],[35.31046,32.63616],[35.3147,32.64037],[35.31787,32.64156],[35.32234,32.6418],[35.33438,32.63869],[35.34379,32.64015],[35.33858,32.63621],[35.34265,32.63895],[35.34397,32.62813],[35.34266,32.62717],[35.34677,32.6251],[35.3483,32.62288],[35.35083,32.6243],[35.35999,32.62308],[35.3633,32.62445],[35.36735,32.62292],[35.37424,32.61755],[35.37303,32.61526],[35.37341,32.6132],[35.36873,32.6138],[35.36836,32.61315],[35.37049,32.61161],[35.36795,32.60985],[35.36775,32.60797],[35.36369,32.61039],[35.3554,32.61107],[35.34561,32.61412],[35.34294,32.61137],[35.34223,32.6121],[35.34021,32.61127],[35.33641,32.6123],[35.3361,32.61142],[35.33444,32.61271],[35.33317,32.61353],[35.33032,32.61333],[35.32626,32.61628],[35.32403,32.62008],[35.32375,32.62149],[35.31916,32.61795],[35.31287,32.62103],[35.31754,32.6182],[35.31427,32.61105],[35.30369,32.60978],[35.303574,32.611411],[35.30272,32.60616],[35.29691,32.59716],[35.29569,32.5877],[35.29464,32.58611]],[[35.28492,32.61285],[35.28273,32.61012],[35.28513,32.6129],[35.29112,32.60995],[35.28788,32.61208],[35.27474,32.61758],[35.28492,32.61285]],[[35.2835,32.60887],[35.283787,32.608695],[35.28273,32.61012],[35.2835,32.60887]],[[35.33463,32.630893],[35.33502,32.63101],[35.33858,32.63621],[35.33463,32.630893]],[[35.31691,32.62286],[35.31112,32.62029],[35.31287,32.62103],[35.31691,32.62286]],[[35.320639,32.625799],[35.31928,32.62518],[35.31691,32.62286],[35.320639,32.625799]],[[35.294562,32.609985],[35.29342,32.61052],[35.293403,32.610505],[35.294562,32.609985]],[[35.286696,32.60692],[35.28768,32.60632],[35.29274,32.60463],[35.286696,32.60692]],[[35.292711,32.604371],[35.29307,32.60727],[35.29274,32.60463],[35.292711,32.604371]],[[35.28746,32.60111],[35.292207,32.600289],[35.292207,32.600293],[35.28621,32.601809],[35.28746,32.60111]],[[35.30332,32.61497],[35.30219,32.61837],[35.303489,32.612594],[35.30332,32.61497]],[[35.315833,32.631193],[35.31623,32.63156],[35.31568,32.63132],[35.315833,32.631193]],[[35.32438,32.62876],[35.324289,32.628675],[35.324409,32.62877],[35.32438,32.62876]],[[35.332978,32.630399],[35.32711,32.62969],[35.324592,32.628832],[35.33181,32.63005],[35.332978,32.630399]],[[35.32817,32.6193],[35.32896,32.61806],[35.32912,32.618037],[35.32817,32.6193]],[[35.330295,32.617867],[35.33131,32.61772],[35.331365,32.617769],[35.330295,32.617867]],[[35.33507,32.61965],[35.337794,32.618751],[35.338,32.61892],[35.33507,32.61965]],[[35.33683,32.617958],[35.33498,32.61691],[35.334912,32.61638],[35.33683,32.617958]],[[35.34734,32.62226],[35.34497,32.62365],[35.34312,32.62281],[35.3405,32.62383],[35.34153,32.62187],[35.34227,32.62187],[35.34201,32.62083],[35.34294,32.62076],[35.34324,32.61837],[35.34463,32.61829],[35.34481,32.61935],[35.34667,32.61898],[35.34813,32.61982],[35.34734,32.62226]]],[[[35.25996,32.60456],[35.25315,32.60464],[35.25314,32.60801],[35.25024,32.60717],[35.25024,32.60573],[35.24743,32.60573],[35.24743,32.61032],[35.25044,32.61048],[35.25225,32.6118],[35.25314,32.61096],[35.25323,32.61004],[35.25996,32.60979],[35.26084,32.60774],[35.25996,32.60456]]]]}},{"type":"Feature","id":7800,"properties":{"y":7800,"b":2,"r":16.86,"n":756,"p":44840,"nm":"פרדס חנה-כרכור","nmAr":null,"d":true},"geometry":{"type":"MultiPolygon","coordinates":[[[[34.99092,32.45956],[34.98897,32.45802],[34.99062,32.45589],[34.97769,32.44892],[34.97417,32.44848],[34.97375,32.45096],[34.97178,32.45074],[34.97185,32.44544],[34.96964,32.44459],[34.96849,32.44674],[34.96657,32.44602],[34.96234,32.44629],[34.96071,32.44712],[34.962538,32.452072],[34.96251,32.452],[34.95987,32.45218],[34.96345,32.45758],[34.96259,32.45874],[34.94476,32.45862],[34.94223,32.45942],[34.94211,32.46302],[34.94432,32.46628],[34.9462,32.46853],[34.95097,32.47522],[34.95152,32.47598],[34.94762,32.47732],[34.94784,32.47931],[34.95161,32.48403],[34.95343,32.48345],[34.95403,32.48538],[34.9532,32.48709],[34.95335,32.49116],[34.95237,32.49277],[34.95314,32.49314],[34.95237,32.5],[34.96243,32.50152],[34.96761,32.50255],[34.96776,32.50454],[34.97057,32.50499],[34.97265,32.50444],[34.97382,32.50279],[34.97607,32.50272],[34.97584,32.50107],[34.97928,32.50038],[34.97971,32.49874],[34.9857,32.49752],[34.98522,32.49642],[34.986,32.49643],[34.98672,32.49493],[34.98353,32.49479],[34.98369,32.49253],[34.98041,32.49285],[34.97757,32.48771],[34.97836,32.48721],[34.97938,32.48895],[34.98136,32.48812],[34.97993,32.4857],[34.97789,32.48731],[34.97678,32.48591],[34.97963,32.48263],[34.97999,32.48366],[34.9821,32.48358],[34.981858,32.479154],[34.98245,32.48511],[34.98759,32.48467],[34.98817,32.4889],[34.99212,32.48856],[34.99303,32.49413],[34.99607,32.4942],[34.99563,32.49152],[35.00119,32.49087],[35.00059,32.48645],[34.99844,32.48652],[34.99861,32.48882],[34.99314,32.48944],[34.99508,32.48373],[34.99157,32.48362],[34.99508,32.48371],[34.99479,32.48234],[34.99674,32.47992],[34.996711,32.479702],[34.99741,32.47871],[34.99897,32.47906],[34.99909,32.47844],[35.00982,32.47997],[35.00954,32.47725],[35.01489,32.47593],[35.01067,32.4704],[35.00798,32.46948],[34.9975,32.46912],[34.99614,32.46813],[34.99717,32.46733],[34.99414,32.4649],[34.990452,32.46747],[34.99062,32.46711],[34.99207,32.46633],[34.98843,32.46309],[34.99092,32.45956]],[[34.96907,32.48827],[34.967,32.48797],[34.96607,32.48987],[34.96372,32.48902],[34.96547,32.48746],[34.9648,32.48708],[34.96526,32.4845],[34.964,32.48388],[34.96437,32.48274],[34.96995,32.4765],[34.96523,32.48181],[34.96704,32.48246],[34.96664,32.48314],[34.96848,32.48389],[34.96901,32.48316],[34.97133,32.48441],[34.96243,32.50152],[34.96907,32.48827]],[[34.98239,32.47223],[34.98404,32.47414],[34.97973,32.47027],[34.981,32.47121],[34.98226,32.47215],[34.99062,32.46711],[34.98239,32.47223]],[[34.96444,32.47131],[34.964702,32.471424],[34.95341,32.47227],[34.96444,32.47131]],[[34.98176,32.47736],[34.981914,32.477143],[34.981816,32.478376],[34.98176,32.47736]],[[34.990252,32.467896],[34.99028,32.47225],[34.98995,32.46854],[34.990252,32.467896]]]]}},{"type":"Feature","id":7900,"properties":{"y":7900,"b":2,"r":19.461,"n":4969,"p":255337,"nm":"פתח תקווה","nmAr":null,"d":true},"geometry":{"type":"MultiPolygon","coordinates":[[[[34.85523,32.08013],[34.85629,32.08593],[34.852099,32.086812],[34.85213,32.08623],[34.84821,32.08682],[34.8488,32.08761],[34.84784,32.08819],[34.84806,32.08952],[34.84581,32.09024],[34.84581,32.09244],[34.84709,32.09884],[34.85072,32.11359],[34.85756,32.11482],[34.85781,32.11192],[34.86095,32.11245],[34.861,32.11345],[34.86244,32.11393],[34.86258,32.11562],[34.8617,32.11633],[34.86303,32.11712],[34.86474,32.11678],[34.86795,32.12154],[34.86555,32.12222],[34.86593,32.12349],[34.86759,32.1232],[34.86949,32.12128],[34.87019,32.1225],[34.869,32.12429],[34.87167,32.12626],[34.87225,32.1245],[34.87432,32.12238],[34.87357,32.1218],[34.87406,32.12071],[34.87516,32.12012],[34.87561,32.12077],[34.87466,32.1216],[34.87705,32.12243],[34.87612,32.1244],[34.87762,32.12366],[34.87856,32.12497],[34.87984,32.12512],[34.88041,32.12714],[34.88202,32.12682],[34.88104,32.12654],[34.88116,32.12586],[34.88626,32.12476],[34.88918,32.12283],[34.89045,32.12338],[34.89179,32.12271],[34.8927,32.11714],[34.8937,32.11732],[34.89311,32.12275],[34.89921,32.12218],[34.89955,32.12274],[34.90066,32.12212],[34.90075,32.12352],[34.90388,32.12465],[34.90581,32.12442],[34.90696,32.12293],[34.90722,32.1241],[34.90857,32.12426],[34.90761,32.12631],[34.90904,32.12692],[34.90972,32.12584],[34.91152,32.12705],[34.91165,32.12569],[34.91269,32.12538],[34.91372,32.12306],[34.91245,32.12248],[34.91245,32.12158],[34.91105,32.12131],[34.91217,32.12074],[34.9112,32.11966],[34.91209,32.11993],[34.91352,32.11857],[34.9148,32.11888],[34.9143,32.11782],[34.91489,32.11733],[34.91306,32.11668],[34.91349,32.11551],[34.91466,32.11443],[34.91637,32.11455],[34.9181,32.11271],[34.91767,32.11181],[34.91903,32.11101],[34.908,32.11118],[34.90779,32.1078],[34.90412,32.10715],[34.90733,32.10432],[34.90841,32.10044],[34.90934,32.10047],[34.91117,32.0984],[34.91042,32.09821],[34.91111,32.09729],[34.91061,32.09694],[34.90154,32.09682],[34.91073,32.09682],[34.90527,32.09027],[34.90603,32.09082],[34.91082,32.09681],[34.91667,32.09508],[34.91936,32.09285],[34.9197,32.09148],[34.92208,32.09093],[34.92221,32.08894],[34.9215,32.08891],[34.92128,32.08702],[34.92401,32.08579],[34.92576,32.08856],[34.92834,32.08628],[34.9291,32.08533],[34.92747,32.08444],[34.92663,32.08108],[34.92058,32.0829],[34.91882,32.07569],[34.914667,32.077552],[34.91308,32.07235],[34.91946,32.07196],[34.91938,32.06968],[34.9162,32.06889],[34.92005,32.0665],[34.91651,32.06685],[34.91664,32.06764],[34.90871,32.06773],[34.903789,32.068577],[34.90379,32.06853],[34.90317,32.0666],[34.89837,32.06862],[34.89929,32.06815],[34.9008,32.05413],[34.8969,32.05453],[34.89692,32.05695],[34.89382,32.0569],[34.89484,32.06428],[34.89513,32.07658],[34.89487,32.06771],[34.89121,32.07071],[34.891222,32.070724],[34.88887,32.07258],[34.88573,32.07552],[34.88912,32.07787],[34.88549,32.07536],[34.88464,32.07602],[34.88974,32.07187],[34.88919,32.07052],[34.88856,32.07042],[34.88832,32.07164],[34.88524,32.07137],[34.884251,32.074251],[34.88544,32.06905],[34.88423,32.06988],[34.88417,32.07113],[34.87828,32.07037],[34.87008,32.07062],[34.86763,32.07086],[34.85915,32.06814],[34.85975,32.07391],[34.86165,32.08977],[34.86012,32.08019],[34.85523,32.08013]],[[34.89005,32.07853],[34.89321,32.08079],[34.89724,32.08367],[34.89096,32.0792],[34.88912,32.07787],[34.89005,32.07853]],[[34.897281,32.083628],[34.89884,32.08477],[34.89724,32.08367],[34.897281,32.083628]],[[34.88909,32.08434],[34.88991,32.08205],[34.89096,32.0792],[34.88909,32.08434]],[[34.888946,32.085511],[34.88893,32.08547],[34.88909,32.08434],[34.888946,32.085511]],[[34.88543,32.07644],[34.884636,32.076023],[34.88464,32.07602],[34.88543,32.07644]],[[34.88362,32.08148],[34.8824,32.0849],[34.8837,32.08122],[34.88543,32.07644],[34.88362,32.08148]],[[34.88152,32.08737],[34.880435,32.092918],[34.880402,32.092909],[34.88063,32.08984],[34.8818,32.08654],[34.8824,32.0849],[34.88152,32.08737]],[[34.88834,32.09007],[34.88759,32.08999],[34.88959,32.09165],[34.891187,32.087213],[34.89119,32.087214],[34.88977,32.09179],[34.8916,32.09331],[34.88622,32.08961],[34.88152,32.08737],[34.88834,32.09007]],[[34.89439,32.09203],[34.890995,32.09377],[34.8916,32.09331],[34.89439,32.09203]],[[34.862429,32.073684],[34.862483,32.074142],[34.85975,32.07391],[34.862429,32.073684]],[[34.86874,32.10514],[34.87236,32.10637],[34.87532,32.10738],[34.87925,32.10901],[34.86874,32.10514]],[[34.87927,32.1003],[34.87865,32.098251],[34.878681,32.098247],[34.88184,32.10538],[34.87927,32.1003]],[[34.87599,32.09052],[34.879499,32.092662],[34.87799,32.09225],[34.87599,32.09052]],[[34.875584,32.087548],[34.87519,32.08482],[34.87554,32.08724],[34.878156,32.086992],[34.878155,32.086995],[34.875584,32.087548]],[[34.874259,32.084674],[34.87428,32.08467],[34.87425,32.084261],[34.878287,32.085299],[34.878287,32.085303],[34.87519,32.08482],[34.874259,32.084674]],[[34.86428,32.09163],[34.86912,32.09118],[34.85393,32.09261],[34.853678,32.092171],[34.86428,32.09163]],[[34.86387,32.08957],[34.86337,32.08651],[34.86428,32.09163],[34.86387,32.08957]],[[34.867491,32.081477],[34.867491,32.081477],[34.8682,32.08569],[34.86912,32.09118],[34.867491,32.081477]],[[34.878361,32.081114],[34.87823,32.08122],[34.878258,32.082276],[34.87818,32.08031],[34.878361,32.081114]],[[34.88057,32.07766],[34.881986,32.078168],[34.881984,32.07817],[34.876014,32.077814],[34.88057,32.07766]],[[34.884146,32.074558],[34.88407,32.07478],[34.88057,32.07766],[34.884146,32.074558]],[[34.87586,32.07783],[34.875859,32.077819],[34.875949,32.077816],[34.8758,32.07888],[34.87586,32.07783]],[[34.87058,32.08188],[34.87351,32.08231],[34.873718,32.082577],[34.867637,32.081496],[34.87058,32.08188]],[[34.874366,32.08341],[34.87435,32.08341],[34.874222,32.083887],[34.874167,32.083154],[34.874366,32.08341]],[[34.878272,32.085956],[34.87827,32.08606],[34.878244,32.086269],[34.878272,32.085956]],[[34.895863,32.089243],[34.895863,32.089243],[34.891764,32.087399],[34.89223,32.08755],[34.895863,32.089243]],[[34.90239,32.11088],[34.902456,32.111487],[34.899083,32.104354],[34.90239,32.11088]],[[34.89709,32.10013],[34.89578,32.09705],[34.895816,32.097049],[34.897271,32.100521],[34.897083,32.100125],[34.89709,32.10013]],[[34.892667,32.095083],[34.89426,32.09608],[34.89578,32.09705],[34.892667,32.095083]],[[34.89724,32.09404],[34.897681,32.093745],[34.89426,32.09608],[34.89724,32.09404]],[[34.890802,32.093916],[34.890802,32.093917],[34.88773,32.09656],[34.88916,32.0953],[34.890802,32.093916]],[[34.88578,32.09685],[34.88618,32.0983],[34.886137,32.098345],[34.88578,32.09685]],[[34.89449,32.09813],[34.89163,32.10097],[34.89329,32.09925],[34.89449,32.09813]],[[34.909505,32.071213],[34.90911,32.07135],[34.909077,32.071048],[34.909505,32.071213]],[[34.896612,32.089863],[34.89661,32.08983],[34.89995,32.08896],[34.896612,32.089863]],[[34.90205,32.09083],[34.902021,32.091175],[34.90176,32.08982],[34.9014,32.08631],[34.901448,32.086124],[34.90205,32.09083]],[[34.899097,32.081793],[34.89912,32.08177],[34.90238,32.08255],[34.899097,32.081793]],[[34.898922,32.092915],[34.89896,32.09289],[34.90191,32.09247],[34.90191,32.092472],[34.898922,32.092915]]]]}},{"type":"Feature","id":8000,"properties":{"y":8000,"b":1,"r":13.253,"n":504,"p":38030,"nm":"צפת","nmAr":null,"d":true},"geometry":{"type":"MultiPolygon","coordinates":[[[[35.50253,32.92985],[35.49998,32.92774],[35.50069,32.93048],[35.49846,32.93016],[35.49761,32.92858],[35.49409,32.9276],[35.49269,32.93053],[35.49094,32.92994],[35.48929,32.93083],[35.48586,32.93102],[35.48616,32.93193],[35.48397,32.93294],[35.48012,32.93145],[35.47912,32.93371],[35.47866,32.94287],[35.47936,32.94522],[35.48087,32.95031],[35.4825,32.95203],[35.4819,32.9568],[35.48038,32.96709],[35.48067,32.96406],[35.47733,32.96323],[35.47565,32.96622],[35.46436,32.96564],[35.45962,32.96722],[35.46205,32.97395],[35.4642,32.97656],[35.4586,32.9763],[35.45559,32.97855],[35.45539,32.97957],[35.45669,32.98352],[35.45822,32.98398],[35.47146,32.98005],[35.47254,32.97182],[35.47509,32.96993],[35.47983,32.97117],[35.48186,32.97329],[35.48281,32.97271],[35.48742,32.9729],[35.49019,32.97465],[35.49357,32.97476],[35.49646,32.978],[35.49733,32.97698],[35.49623,32.97588],[35.49742,32.97507],[35.49895,32.97517],[35.499426,32.974484],[35.49943,32.97452],[35.5009,32.97444],[35.50315,32.97627],[35.50402,32.97565],[35.50371,32.97256],[35.50425,32.97366],[35.50412,32.97865],[35.50497,32.98093],[35.50797,32.98462],[35.50817,32.98748],[35.51304,32.98869],[35.51836,32.98846],[35.51952,32.9865],[35.52394,32.9836],[35.52257,32.98375],[35.52578,32.98057],[35.52505,32.98005],[35.52901,32.97885],[35.53068,32.97505],[35.52577,32.97415],[35.5225,32.97497],[35.52181,32.97338],[35.52617,32.96988],[35.53065,32.96919],[35.53307,32.9665],[35.53282,32.96396],[35.53434,32.96419],[35.53634,32.96291],[35.53495,32.96079],[35.53472,32.95713],[35.53459,32.95388],[35.53179,32.94353],[35.53029,32.94101],[35.53652,32.94049],[35.53762,32.93881],[35.53795,32.93561],[35.53672,32.9317],[35.5335,32.92895],[35.53078,32.93011],[35.51564,32.93041],[35.50897,32.92953],[35.50253,32.92985]],[[35.491602,32.959537],[35.491602,32.959538],[35.49206,32.96468],[35.491894,32.964754],[35.491602,32.959537]],[[35.49306,32.95758],[35.492493,32.959505],[35.492327,32.959506],[35.49306,32.95758]],[[35.4949,32.95678],[35.49496,32.956854],[35.49306,32.95758],[35.4949,32.95678]],[[35.49589,32.9625],[35.495896,32.962636],[35.49518,32.96173],[35.49589,32.9625]],[[35.49598,32.96472],[35.496038,32.964793],[35.495307,32.965267],[35.495925,32.963352],[35.49598,32.96472]],[[35.501835,32.971352],[35.50346,32.97205],[35.503584,32.972302],[35.501835,32.971352]],[[35.50126,32.97104],[35.50125,32.96926],[35.50164,32.9712],[35.505167,32.971427],[35.501669,32.971262],[35.50126,32.97104]],[[35.49794,32.96503],[35.49956,32.96592],[35.50035,32.9664],[35.49794,32.96503]],[[35.50129,32.96131],[35.500259,32.960381],[35.50162,32.96119],[35.500964,32.962697],[35.50129,32.96131]],[[35.50436,32.953621],[35.5075,32.95063],[35.504256,32.954152],[35.50436,32.953621]],[[35.4953,32.95738],[35.495302,32.957276],[35.495385,32.957379],[35.4953,32.95738]],[[35.49946,32.95966],[35.5002,32.95838],[35.499758,32.959928],[35.49946,32.95966]],[[35.4826,32.94547],[35.48375,32.94179],[35.484318,32.941675],[35.4826,32.94547]],[[35.484558,32.941626],[35.48464,32.94161],[35.48573,32.94204],[35.484558,32.941626]],[[35.494937,32.945641],[35.49574,32.94572],[35.49643,32.946354],[35.494937,32.945641]],[[35.520296,32.959042],[35.520296,32.959043],[35.508502,32.956395],[35.50853,32.95637],[35.520296,32.959042]],[[35.52215,32.95591],[35.521277,32.957386],[35.522354,32.954845],[35.52215,32.95591]],[[35.51972,32.952747],[35.52211,32.95208],[35.52063,32.95285],[35.52246,32.95429],[35.522431,32.954442],[35.52064,32.95295],[35.51972,32.952747]],[[35.5256,32.95238],[35.525707,32.952431],[35.52211,32.95208],[35.5256,32.95238]],[[35.518357,32.950548],[35.519474,32.952693],[35.5191,32.95261],[35.51839,32.95129],[35.518357,32.950548]],[[35.5106,32.96519],[35.51268,32.96515],[35.512706,32.965575],[35.5106,32.96519]],[[35.51568,32.96612],[35.516096,32.967375],[35.51585,32.96741],[35.51568,32.96612]],[[35.516437,32.967327],[35.51875,32.9646],[35.51663,32.9673],[35.516437,32.967327]],[[35.50907,32.96907],[35.50778,32.97155],[35.507723,32.971547],[35.50907,32.96907]]]]}},{"type":"Feature","id":8200,"properties":{"y":8200,"b":2,"r":15.104,"n":725,"p":48002,"nm":"קריית מוצקין","nmAr":null,"d":true},"geometry":{"type":"MultiPolygon","coordinates":[[[[35.072965,32.828925],[35.07248,32.82872],[35.07169,32.83147],[35.06929,32.83183],[35.07104,32.83429],[35.07331,32.83746],[35.07873,32.84506],[35.0828,32.85077],[35.08507,32.85394],[35.08952,32.86016],[35.09155,32.85922],[35.09498,32.8605],[35.09477,32.8588],[35.09367,32.84997],[35.08837,32.84153],[35.088326,32.841544],[35.08436,32.83534],[35.08053,32.82928],[35.07967,32.82301],[35.07521,32.82451],[35.072965,32.828925]],[[35.08374,32.83566],[35.083898,32.836266],[35.08367,32.83559],[35.078673,32.834274],[35.07905,32.83435],[35.08436,32.83534],[35.08374,32.83566]],[[35.07595,32.83765],[35.076045,32.837281],[35.07762,32.84019],[35.075901,32.837647],[35.07595,32.83765]],[[35.084138,32.837182],[35.08415,32.83723],[35.083786,32.837534],[35.084138,32.837182]],[[35.074174,32.829435],[35.078948,32.830228],[35.078947,32.830229],[35.07447,32.82956],[35.074174,32.829435]],[[35.073432,32.833136],[35.07337,32.83312],[35.07447,32.82956],[35.073432,32.833136]],[[35.07688,32.83402],[35.074879,32.833507],[35.076916,32.833919],[35.07688,32.834021],[35.07688,32.83402]]]]}},{"type":"Feature","id":8300,"properties":{"y":8300,"b":2,"r":21.009,"n":5465,"p":260121,"nm":"ראשון לציון","nmAr":null,"d":true},"geometry":{"type":"MultiPolygon","coordinates":[[[[34.80174,31.95919],[34.800254,31.962252],[34.80027,31.96218],[34.801221,31.959627],[34.8015,31.9596],[34.80208,31.95813],[34.80261,31.95406],[34.8004,31.94126],[34.7798,31.94122],[34.78026,31.94302],[34.781298,31.944528],[34.77852,31.94586],[34.77902,31.94664],[34.77689,31.94733],[34.77654,31.94658],[34.77113,31.9474],[34.77237,31.94845],[34.77053,31.94919],[34.75748,31.94809],[34.75569,31.95155],[34.755983,31.951871],[34.7479,31.94466],[34.72758,31.94456],[34.71554,31.95298],[34.71265,31.95297],[34.73078,31.99727],[34.74709,31.99199],[34.75738,31.98702],[34.75862,31.99484],[34.76176,31.99283],[34.76498,31.9967],[34.76731,31.99567],[34.77919,31.99107],[34.78603,31.98984],[34.78722,31.98957],[34.79257,31.98875],[34.79654,31.98909],[34.7986,31.99198],[34.79998,31.99595],[34.80738,31.99428],[34.81176,32.00659],[34.81496,32.0097],[34.8208,32.00202],[34.82129,32.00126],[34.83499,31.98176],[34.84403,31.96922],[34.83534,31.96691],[34.83629,31.9634],[34.83504,31.95895],[34.83596,31.95833],[34.83532,31.95415],[34.83201,31.94735],[34.8276,31.9441],[34.82266,31.94455],[34.81771,31.94564],[34.82145,31.9448],[34.82054,31.93965],[34.8046,31.94193],[34.805959,31.948442],[34.8049,31.94465],[34.80119,31.94521],[34.80262,31.95412],[34.80224,31.95921],[34.803,31.96202],[34.80174,31.95919]],[[34.774888,31.98461],[34.77518,31.98496],[34.77701,31.98767],[34.77919,31.99107],[34.774888,31.98461]],[[34.78352,31.98464],[34.78214,31.98203],[34.78285,31.9831],[34.78603,31.98984],[34.78352,31.98464]],[[34.78687,31.9657],[34.77867,31.96858],[34.78115,31.96761],[34.78687,31.9657]],[[34.785809,31.963958],[34.78627,31.96451],[34.785499,31.959297],[34.78687,31.9657],[34.785809,31.963958]],[[34.79314,31.96455],[34.79541,31.9643],[34.78687,31.9657],[34.79314,31.96455]],[[34.79045,31.97299],[34.79247,31.97729],[34.78687,31.9657],[34.79045,31.97299]],[[34.79073,31.9777],[34.78443,31.97833],[34.79247,31.97729],[34.79073,31.9777]],[[34.77256,31.98182],[34.77512,31.98074],[34.77941,31.97961],[34.78443,31.97833],[34.77256,31.98182]],[[34.772686,31.981971],[34.768785,31.983688],[34.77256,31.98182],[34.772686,31.981971]],[[34.77888,31.968946],[34.77869,31.96862],[34.776,31.96398],[34.773715,31.960275],[34.773719,31.960273],[34.77605,31.96406],[34.77867,31.96858],[34.77888,31.968946]],[[34.800245,31.962292],[34.79958,31.96644],[34.799552,31.966558],[34.7999,31.96383],[34.800245,31.962292]],[[34.77835,31.977807],[34.78041,31.97719],[34.782406,31.976608],[34.77835,31.977807],[34.77835,31.977807]],[[34.78718,31.96109],[34.785462,31.959046],[34.785387,31.958539],[34.78718,31.96109]],[[34.79453,31.95757],[34.794533,31.95758],[34.785381,31.958498],[34.785381,31.958498],[34.79453,31.95757]],[[34.78525,31.95621],[34.78535,31.958285],[34.784123,31.949988],[34.78525,31.95621]],[[34.78379,31.94815],[34.783828,31.948362],[34.783042,31.947063],[34.78379,31.94815]],[[34.76342,31.98605],[34.763354,31.986061],[34.766608,31.984647],[34.76342,31.98605]],[[34.768574,31.983782],[34.768573,31.983782],[34.76283,31.97649],[34.76532,31.97957],[34.768574,31.983782]],[[34.76806,31.97351],[34.764547,31.974179],[34.76471,31.97396],[34.768748,31.973164],[34.76806,31.97351]],[[34.7751,31.97228],[34.776207,31.974169],[34.77401,31.97052],[34.773538,31.96989],[34.77416,31.97068],[34.7751,31.97228]],[[34.75842,31.95454],[34.75893,31.956551],[34.757788,31.953848],[34.75842,31.95454]],[[34.75618,31.97503],[34.759377,31.958315],[34.75949,31.95876],[34.75731,31.96954],[34.756186,31.975585],[34.75618,31.97503]],[[34.775753,31.958927],[34.77593,31.95881],[34.775966,31.958819],[34.775753,31.958927]],[[34.782204,31.960453],[34.78307,31.96068],[34.78351,31.961206],[34.782204,31.960453]],[[34.74851,31.95344],[34.74593,31.96121],[34.74092,31.96163],[34.73854,31.9697],[34.73674,31.96874],[34.73539,31.96477],[34.73252,31.9604],[34.73229,31.94747],[34.74323,31.94753],[34.74302,31.95132],[34.75135,31.95093],[34.75241,31.95293],[34.75172,31.95471],[34.74851,31.95344]],[[34.776396,31.974492],[34.776396,31.974492],[34.77491,31.97519],[34.774903,31.975189],[34.776396,31.974492]],[[34.79478,31.958393],[34.7949,31.95879],[34.79511,31.96021],[34.79478,31.958393]],[[34.79544,31.96206],[34.7946,31.96217],[34.794626,31.962339],[34.79246,31.9624],[34.79544,31.96206]],[[34.80373,31.96831],[34.80273,31.96674],[34.80452,31.969499],[34.80373,31.96831]],[[34.796227,31.976558],[34.79621,31.97549],[34.798284,31.97138],[34.796227,31.976558]],[[34.79623,31.97678],[34.796228,31.976672],[34.797122,31.976238],[34.79623,31.97678]],[[34.798766,31.969928],[34.79863,31.97051],[34.798419,31.971042],[34.798766,31.969928]],[[34.80832,31.95827],[34.807785,31.957956],[34.81145,31.95865],[34.80832,31.95827]],[[34.81266,31.95651],[34.81732,31.96276],[34.81425,31.95887],[34.812315,31.956261],[34.81266,31.95651]],[[34.817801,31.962642],[34.8174,31.96277],[34.81087,31.96219],[34.81732,31.96276],[34.817801,31.962642]],[[34.82015,31.96641],[34.820227,31.966612],[34.8174,31.96277],[34.82015,31.96641]],[[34.81066,31.94883],[34.81649,31.95612],[34.821073,31.9616],[34.821063,31.961603],[34.81443,31.954192],[34.8145,31.9541],[34.81066,31.94883]],[[34.809641,31.954231],[34.80964,31.95423],[34.80602,31.94866],[34.806008,31.948618],[34.809641,31.954231]],[[34.81695,31.96622],[34.81709,31.96501],[34.81681,31.96774],[34.81695,31.96622]],[[34.82012,31.96908],[34.820121,31.969082],[34.81681,31.96774],[34.82012,31.96908]],[[34.83179,31.9801],[34.82352,31.97327],[34.822297,31.971758],[34.83179,31.9801]],[[34.812881,31.991425],[34.8126,31.99101],[34.806927,31.973863],[34.8108,31.98521],[34.812881,31.991425]],[[34.8185,31.99764],[34.81474,31.99417],[34.813393,31.99218],[34.8185,31.99764]]],[[[34.758168,31.992505],[34.75738,31.98702],[34.74705,31.99202],[34.74881,31.99703],[34.758168,31.992505]]],[[[34.75822,31.99248],[34.758168,31.992505],[34.75851,31.99489],[34.75822,31.99248]]],[[[34.74644,31.99598],[34.74794,31.99537],[34.74705,31.99202],[34.7422,31.99388],[34.73689,31.99564],[34.73078,31.99727],[34.73307,32.00363],[34.73508,32.00259],[34.74063,31.99964],[34.744,31.99783],[34.74489,31.99749],[34.74608,32.00103],[34.74775,32.00014],[34.74644,31.99598]]]]}},{"type":"Feature","id":8400,"properties":{"y":8400,"b":2,"r":16.498,"n":2487,"p":150748,"nm":"רחובות","nmAr":null,"d":true},"geometry":{"type":"MultiPolygon","coordinates":[[[[34.80482,31.87945],[34.8048,31.88033],[34.8025,31.88073],[34.80256,31.88179],[34.79862,31.88122],[34.7989,31.88447],[34.8018,31.88717],[34.80383,31.89059],[34.8051,31.89076],[34.79836,31.89163],[34.79616,31.88528],[34.79688,31.88513],[34.79637,31.88331],[34.79114,31.88134],[34.78916,31.88173],[34.78998,31.88154],[34.78978,31.87979],[34.79068,31.87969],[34.79113,31.87799],[34.78996,31.87795],[34.7905,31.87646],[34.78939,31.87629],[34.77497,31.88247],[34.777978,31.887637],[34.77719,31.88819],[34.777431,31.88828],[34.7761,31.88896],[34.77971,31.89748],[34.7842,31.89651],[34.784826,31.891061],[34.784827,31.891062],[34.78421,31.89654],[34.78998,31.90506],[34.79343,31.90683],[34.79651,31.90741],[34.79965,31.91199],[34.80256,31.91181],[34.80331,31.91172],[34.80364,31.9137],[34.80656,31.91344],[34.80787,31.91593],[34.80877,31.91604],[34.81018,31.92079],[34.81896,31.92029],[34.823387,31.914702],[34.83011,31.91822],[34.83082,31.91631],[34.8333,31.91755],[34.83314,31.91604],[34.8344,31.91571],[34.83325,31.9128],[34.83553,31.91223],[34.8353,31.9105],[34.83895,31.91159],[34.83916,31.91034],[34.84126,31.91035],[34.84137,31.90926],[34.8429,31.90934],[34.84294,31.90827],[34.8468,31.90875],[34.84693,31.90739],[34.85116,31.90707],[34.84509,31.90157],[34.83638,31.88954],[34.83479,31.88755],[34.82811,31.87999],[34.8247,31.88108],[34.819294,31.879292],[34.81846,31.87895],[34.81904,31.87588],[34.8194,31.87105],[34.81452,31.86636],[34.80905,31.86993],[34.80414,31.87176],[34.80482,31.87945]],[[34.80486,31.88099],[34.80501,31.88273],[34.8048,31.88033],[34.80486,31.88099]],[[34.80693,31.88797],[34.805109,31.890846],[34.8051,31.89076],[34.80693,31.88797]],[[34.81071,31.88337],[34.81171,31.88223],[34.80693,31.88797],[34.81071,31.88337]],[[34.802358,31.908302],[34.80274,31.90914],[34.80256,31.91181],[34.802358,31.908302]],[[34.82867,31.89259],[34.83198,31.89113],[34.83638,31.88954],[34.82867,31.89259]],[[34.79913,31.9034],[34.80146,31.90633],[34.801804,31.907085],[34.79913,31.9034]],[[34.79841,31.90001],[34.798604,31.899718],[34.79913,31.9034],[34.79841,31.90001]],[[34.81991,31.91294],[34.81971,31.91103],[34.82023,31.91305],[34.82256,31.914269],[34.81448,31.91121],[34.81991,31.91294]],[[34.81825,31.90514],[34.81457,31.90438],[34.81832,31.90491],[34.81784,31.90988],[34.81825,31.90514]],[[34.8151,31.90259],[34.81582,31.90023],[34.81682,31.89699],[34.81457,31.90438],[34.8151,31.90259]],[[34.81121,31.89574],[34.810151,31.894512],[34.811357,31.895258],[34.81118,31.89586],[34.81022,31.89901],[34.81121,31.89574]],[[34.81566,31.88455],[34.81668,31.88328],[34.81386,31.88752],[34.81566,31.88455]],[[34.810906,31.880111],[34.81105,31.88009],[34.81668,31.88328],[34.810906,31.880111]],[[34.80009,31.89748],[34.789567,31.892844],[34.79086,31.89333],[34.80009,31.89748]],[[34.808003,31.903385],[34.80795,31.90348],[34.80009,31.89748],[34.808003,31.903385]],[[34.808677,31.893601],[34.80561,31.89206],[34.80528,31.892419],[34.805173,31.891434],[34.808677,31.893601]],[[34.808265,31.897312],[34.80815,31.89741],[34.808095,31.897375],[34.808265,31.897312]],[[34.82193,31.89316],[34.8226,31.89069],[34.82309,31.88919],[34.82193,31.89316]]],[[[34.7622,31.8982],[34.76429,31.90121],[34.76486,31.90381],[34.77516,31.90263],[34.77429,31.90047],[34.7752,31.8999],[34.77407,31.89858],[34.77777,31.89879],[34.77964,31.89737],[34.7761,31.88896],[34.76751,31.89249],[34.76838,31.89372],[34.76633,31.89613],[34.7622,31.8982]]]]}},{"type":"Feature","id":8500,"properties":{"y":8500,"b":3,"r":30.53,"n":2416,"p":79134,"nm":"רמלה","nmAr":null,"d":true},"geometry":{"type":"MultiPolygon","coordinates":[[[[34.85996,31.91783],[34.85107,31.91933],[34.83752,31.92177],[34.84213,31.92511],[34.84329,31.92713],[34.84483,31.93006],[34.8512,31.93541],[34.85495,31.94017],[34.85599,31.93709],[34.85503,31.94017],[34.86408,31.9417],[34.86784,31.94235],[34.86777,31.94179],[34.86963,31.94139],[34.87067,31.94212],[34.86946,31.93985],[34.869461,31.939833],[34.87067,31.9396],[34.87228,31.94214],[34.87468,31.941102],[34.87486,31.94148],[34.88004,31.93913],[34.88095,31.93997],[34.88317,31.93858],[34.88409,31.93952],[34.88578,31.93826],[34.88835,31.93701],[34.88788,31.93615],[34.88894,31.93586],[34.88798,31.93411],[34.89651,31.93152],[34.89543,31.92874],[34.89365,31.92787],[34.89323,31.92849],[34.8925,31.92815],[34.89223,31.92653],[34.8905,31.92638],[34.8904,31.92518],[34.89596,31.9244],[34.89559,31.92165],[34.89815,31.92107],[34.89702,31.91755],[34.89856,31.9169],[34.89644,31.90935],[34.89223,31.9113],[34.88499,31.91868],[34.884437,31.919745],[34.8771,31.92578],[34.876997,31.925819],[34.88412,31.91976],[34.87691,31.91928],[34.87479,31.91771],[34.87489,31.91384],[34.87345,31.91173],[34.8632,31.91677],[34.85996,31.91783]],[[34.8632,31.91677],[34.865895,31.918251],[34.86538,31.91814],[34.8632,31.91677]],[[34.85712,31.93743],[34.85796,31.93775],[34.85599,31.93709],[34.85712,31.93743]],[[34.86647,31.93645],[34.86901,31.93199],[34.86408,31.9417],[34.86647,31.93645]],[[34.86293,31.93471],[34.862564,31.934329],[34.86647,31.93645],[34.86293,31.93471]],[[34.861309,31.933945],[34.861436,31.933717],[34.861618,31.933815],[34.861309,31.933945]],[[34.860451,31.929167],[34.86053,31.9264],[34.86048,31.92912],[34.860451,31.929167]],[[34.856863,31.931383],[34.85504,31.93065],[34.85656,31.93102],[34.856863,31.931383]],[[34.85894,31.93449],[34.857484,31.932127],[34.85793,31.93266],[34.85894,31.93449]],[[34.85291,31.92394],[34.851463,31.924015],[34.85133,31.92232],[34.85171,31.92391],[34.858997,31.922012],[34.85291,31.92394]],[[34.85874,31.93196],[34.861268,31.933963],[34.86087,31.93413],[34.85874,31.93196]],[[34.8718,31.92817],[34.87207,31.9278],[34.872269,31.927722],[34.8718,31.92817]],[[34.87548,31.93057],[34.87224,31.933797],[34.87248,31.93352],[34.876028,31.929972],[34.87548,31.93057]],[[34.876849,31.935129],[34.8768,31.93495],[34.87885,31.93248],[34.87752,31.93444],[34.876849,31.935129]],[[34.87481,31.92018],[34.874292,31.920068],[34.87651,31.92019],[34.87481,31.92018]],[[34.883053,31.922202],[34.88422,31.920165],[34.8832,31.92213],[34.883053,31.922202]],[[34.878066,31.927748],[34.87911,31.92414],[34.87833,31.92746],[34.878066,31.927748]],[[34.869567,31.937556],[34.8696,31.93685],[34.870067,31.93631],[34.869567,31.937556]]]]}},{"type":"Feature","id":8600,"properties":{"y":8600,"b":2,"r":20.201,"n":3476,"p":172072,"nm":"רמת גן","nmAr":null,"d":true},"geometry":{"type":"MultiPolygon","coordinates":[[[[34.81187,32.0537],[34.81032,32.05494],[34.81172,32.05861],[34.8159,32.05852],[34.821767,32.059612],[34.82117,32.0597],[34.81855,32.05912],[34.819721,32.062429],[34.8149,32.06471],[34.81779,32.0709],[34.822399,32.070112],[34.82254,32.07052],[34.82474,32.07038],[34.82869,32.07012],[34.83253,32.06991],[34.83298,32.06621],[34.832853,32.063975],[34.838,32.06454],[34.83646,32.0614],[34.83418,32.05679],[34.82996,32.04667],[34.83423,32.05689],[34.83637,32.06119],[34.84084,32.06021],[34.84146,32.06235],[34.845699,32.06146],[34.84587,32.06195],[34.845971,32.061958],[34.84601,32.06203],[34.845989,32.06196],[34.84671,32.06202],[34.85074,32.0566],[34.85285,32.05327],[34.85363,32.05181],[34.85032,32.04987],[34.85103,32.04847],[34.85005,32.0483],[34.85059,32.04622],[34.84974,32.04583],[34.84893,32.04271],[34.84555,32.04136],[34.845514,32.041367],[34.84474,32.03977],[34.8459,32.03954],[34.84583,32.03623],[34.82939,32.03811],[34.82413,32.03973],[34.81774,32.04366],[34.81325,32.04467],[34.8137,32.04639],[34.81385,32.05067],[34.81187,32.0537]],[[34.82844,32.06714],[34.82843,32.06349],[34.82849,32.06761],[34.82869,32.07012],[34.82844,32.06714]],[[34.81453,32.04616],[34.819399,32.048292],[34.8137,32.04639],[34.81453,32.04616]],[[34.82263,32.05211],[34.81692,32.05264],[34.822681,32.051967],[34.82263,32.05211]],[[34.82234,32.04958],[34.82308,32.05085],[34.82176,32.049326],[34.82234,32.04958]],[[34.842555,32.052483],[34.84145,32.05058],[34.841828,32.050408],[34.842555,32.052483]],[[34.840971,32.046733],[34.841533,32.049471],[34.84076,32.04805],[34.840971,32.046733]],[[34.840117,32.042571],[34.840303,32.043477],[34.84006,32.04258],[34.840117,32.042571]]],[[[34.80166,32.08109],[34.80098,32.0818],[34.80024,32.08143],[34.79991,32.08236],[34.79917,32.08434],[34.80078,32.08979],[34.80221,32.09321],[34.8039,32.0909],[34.80594,32.09101],[34.805941,32.090999],[34.80704,32.09097],[34.80757,32.08998],[34.80933,32.09092],[34.80976,32.08976],[34.80832,32.09491],[34.80979,32.09498],[34.80979,32.0963],[34.8129,32.09573],[34.81563,32.09817],[34.81838,32.09771],[34.81934,32.0961],[34.82092,32.09721],[34.82263,32.09914],[34.82118,32.10119],[34.82426,32.10252],[34.82298,32.10358],[34.82537,32.10495],[34.82706,32.10462],[34.82777,32.10568],[34.82826,32.09892],[34.82164,32.096839],[34.8218,32.09517],[34.82264,32.09079],[34.8224,32.08668],[34.82001,32.08035],[34.819852,32.080423],[34.81505,32.07863],[34.81319,32.07802],[34.81257,32.07987],[34.80923,32.07971],[34.80633,32.07982],[34.80296,32.07904],[34.80142,32.07891],[34.80166,32.08109]],[[34.80617,32.08758],[34.806038,32.089322],[34.80614,32.08755],[34.80584,32.087118],[34.809764,32.089762],[34.80976,32.08976],[34.80617,32.08758]],[[34.820983,32.096408],[34.821425,32.096772],[34.82142,32.09677],[34.82092,32.09721],[34.820983,32.096408]],[[34.82069,32.09038],[34.818843,32.089734],[34.81903,32.08979],[34.82264,32.09079],[34.82069,32.09038]],[[34.80601,32.08346],[34.80604,32.08176],[34.80633,32.07982],[34.80601,32.08346]],[[34.809995,32.08988],[34.81288,32.09107],[34.81567,32.09247],[34.81858,32.09412],[34.81792,32.09389],[34.818023,32.093975],[34.809995,32.08988]],[[34.807232,32.083801],[34.80884,32.08425],[34.81075,32.08573],[34.814001,32.087947],[34.81377,32.08786],[34.81131,32.08625],[34.807232,32.083801]],[[34.816691,32.082042],[34.81678,32.08192],[34.817985,32.081339],[34.816691,32.082042]],[[34.81286,32.0833],[34.81363,32.07942],[34.812889,32.08334],[34.81286,32.0833]]],[[[34.81779,32.0709],[34.8185,32.07485],[34.81936,32.07832],[34.82064,32.0783],[34.81966,32.0794],[34.82151,32.08372],[34.82212,32.08493],[34.82507,32.08472],[34.82709,32.07826],[34.82743,32.07449],[34.82743,32.07719],[34.82768,32.07543],[34.83235,32.07598],[34.83312,32.07486],[34.83309,32.07372],[34.83292,32.07212],[34.83253,32.06991],[34.82749,32.07022],[34.82474,32.07038],[34.81779,32.0709]],[[34.82502,32.07457],[34.82474,32.07038],[34.825094,32.075311],[34.82502,32.07457]],[[34.828024,32.072985],[34.82778,32.07289],[34.82749,32.07022],[34.828024,32.072985]]],[[[34.84434,32.0725],[34.84688,32.07502],[34.85114,32.07322],[34.85031,32.06936],[34.84807,32.0695],[34.84713,32.07014],[34.84748,32.07086],[34.84555,32.07125],[34.84507,32.06527],[34.83931,32.0648],[34.83637,32.06119],[34.84082,32.068691],[34.83801,32.06455],[34.83296,32.06423],[34.83298,32.06621],[34.83292,32.07212],[34.838,32.07042],[34.841009,32.06901],[34.84327,32.07282],[34.84434,32.0725]],[[34.835905,32.06685],[34.83604,32.06688],[34.838,32.07042],[34.835905,32.06685]]]]}},{"type":"Feature","id":8700,"properties":{"y":8700,"b":1,"r":14.266,"n":1145,"p":80261,"nm":"רעננה","nmAr":null,"d":true},"geometry":{"type":"MultiPolygon","coordinates":[[[[34.8604,32.17192],[34.85687,32.17265],[34.85693,32.17771],[34.85243,32.17939],[34.85392,32.18509],[34.855631,32.192616],[34.855622,32.192616],[34.85285,32.18181],[34.84803,32.18148],[34.84264,32.18591],[34.83721,32.18642],[34.83678,32.1875],[34.83688,32.191],[34.852973,32.192642],[34.85214,32.19265],[34.84325,32.19183],[34.84405,32.1945],[34.84343,32.19513],[34.8437,32.19766],[34.84072,32.19779],[34.84166,32.19901],[34.84631,32.19906],[34.84619,32.20526],[34.85013,32.20543],[34.85006,32.20705],[34.86274,32.20702],[34.86275,32.20818],[34.86571,32.20882],[34.86687,32.20863],[34.86696,32.20722],[34.87134,32.20777],[34.87224,32.19897],[34.87224,32.198962],[34.87594,32.199079],[34.87595,32.19913],[34.88065,32.19946],[34.87966,32.20952],[34.88151,32.20968],[34.88254,32.20837],[34.88732,32.20406],[34.88681,32.19902],[34.8851,32.19891],[34.88519,32.19798],[34.889,32.19108],[34.8901,32.18392],[34.88853,32.17829],[34.88901,32.17743],[34.89124,32.17526],[34.88913,32.17308],[34.88503,32.1713],[34.87533,32.17338],[34.87344,32.1738],[34.8722,32.16966],[34.8604,32.17192]],[[34.87918,32.19251],[34.88372,32.19157],[34.889,32.19108],[34.87918,32.19251]],[[34.87597,32.1753],[34.87638,32.176641],[34.87533,32.17338],[34.87597,32.1753]],[[34.86341,32.19244],[34.865078,32.192523],[34.861519,32.192558],[34.86341,32.19244]],[[34.87259,32.18837],[34.8724,32.187803],[34.87463,32.19242],[34.87259,32.18837]],[[34.872255,32.187372],[34.8744,32.18668],[34.87785,32.18593],[34.872256,32.187376],[34.872255,32.187372]],[[34.87744,32.18469],[34.87836,32.18669],[34.87854,32.18825],[34.87785,32.18593],[34.87744,32.18469]],[[34.87998,32.18627],[34.88119,32.186022],[34.87836,32.18669],[34.87998,32.18627]],[[34.87034,32.18147],[34.874254,32.180601],[34.87256,32.18099],[34.87034,32.18147]],[[34.871318,32.184581],[34.87126,32.18441],[34.86512,32.18577],[34.87122,32.18441],[34.87034,32.18147],[34.871318,32.184581]],[[34.865209,32.186099],[34.864952,32.185264],[34.86512,32.18577],[34.865209,32.186099]],[[34.869979,32.181548],[34.86819,32.17494],[34.86927,32.17844],[34.87034,32.18147],[34.869979,32.181548]],[[34.862296,32.176406],[34.86227,32.17632],[34.862256,32.176288],[34.86819,32.17494],[34.862296,32.176406]],[[34.86604,32.18916],[34.865833,32.192515],[34.865832,32.192515],[34.866023,32.189099],[34.86604,32.18916]],[[34.864199,32.182988],[34.8613,32.18345],[34.864142,32.182815],[34.864199,32.182988]],[[34.87799,32.17977],[34.877409,32.179898],[34.877363,32.179751],[34.87799,32.17977]],[[34.882506,32.185712],[34.880166,32.179276],[34.880166,32.179276],[34.882506,32.185712]]]]}},{"type":"Feature","id":8800,"properties":{"y":8800,"b":2,"r":18.258,"n":795,"p":43543,"nm":"שפרעם","nmAr":null,"d":true},"geometry":{"type":"MultiPolygon","coordinates":[[[[35.20392,32.78101],[35.20117,32.77698],[35.19827,32.77584],[35.2001,32.77458],[35.20118,32.77261],[35.20012,32.76971],[35.19622,32.76956],[35.19631,32.77041],[35.19306,32.77123],[35.19352,32.77259],[35.18793,32.77438],[35.18822,32.77604],[35.18551,32.7757],[35.18275,32.77657],[35.18209,32.77893],[35.17944,32.78211],[35.17769,32.78649],[35.17709,32.79144],[35.176826,32.791572],[35.17577,32.78988],[35.17203,32.79173],[35.17096,32.79081],[35.16708,32.79172],[35.16653,32.79408],[35.16233,32.79476],[35.16004,32.79634],[35.15932,32.79571],[35.15152,32.80042],[35.15149,32.80254],[35.15384,32.804288],[35.14751,32.80603],[35.1472,32.80898],[35.15021,32.81891],[35.15148,32.82313],[35.14909,32.82215],[35.14268,32.82361],[35.14492,32.82739],[35.14839,32.82615],[35.15053,32.8306],[35.15405,32.82903],[35.15285,32.82424],[35.15522,32.82363],[35.15602,32.82601],[35.15483,32.82643],[35.15586,32.8282],[35.15813,32.82715],[35.15707,32.82876],[35.15974,32.83238],[35.16164,32.82975],[35.16638,32.82998],[35.1657,32.82866],[35.16697,32.8277],[35.16657,32.82593],[35.16629,32.82549],[35.1698,32.82397],[35.17644,32.82269],[35.17667,32.81931],[35.1765,32.81753],[35.18432,32.81526],[35.185849,32.811869],[35.18703,32.81279],[35.19412,32.81169],[35.19225,32.80835],[35.19431,32.80693],[35.19413,32.80583],[35.1958,32.80513],[35.20117,32.8079],[35.20258,32.80697],[35.20219,32.8054],[35.20389,32.80332],[35.2012,32.80286],[35.2053,32.80105],[35.20405,32.79841],[35.20574,32.79792],[35.20882,32.79529],[35.20907,32.79351],[35.21523,32.79228],[35.21039,32.79175],[35.20492,32.79316],[35.20423,32.79185],[35.20499,32.79139],[35.20515,32.789],[35.20305,32.78321],[35.202525,32.784626],[35.20252,32.78323],[35.20392,32.78101]],[[35.15378,32.8141],[35.153902,32.814059],[35.15021,32.81891],[35.15378,32.8141]],[[35.16272,32.80074],[35.15819,32.80309],[35.155539,32.80382],[35.16272,32.80074]],[[35.170164,32.807638],[35.17004,32.80778],[35.16727,32.80909],[35.170164,32.807638]],[[35.17339,32.80409],[35.17265,32.801593],[35.17355,32.80355],[35.17633,32.80146],[35.17288,32.80476],[35.172289,32.805321],[35.17339,32.80409]],[[35.17551,32.80578],[35.17783,32.80785],[35.174979,32.805574],[35.17551,32.80578]],[[35.18348,32.81002],[35.185141,32.811316],[35.17783,32.80785],[35.18348,32.81002]],[[35.172372,32.800987],[35.16451,32.80428],[35.172311,32.800856],[35.172372,32.800987]],[[35.19516,32.79083],[35.189389,32.793525],[35.18942,32.79349],[35.195235,32.790666],[35.19516,32.79083]],[[35.19957,32.78762],[35.19412,32.78785],[35.199863,32.787508],[35.19957,32.78762]],[[35.20172,32.7868],[35.200792,32.787154],[35.20188,32.786369],[35.20172,32.7868]],[[35.18667,32.79709],[35.18822,32.79485],[35.188835,32.794153],[35.18667,32.79709]],[[35.15799,32.81239],[35.15901,32.81232],[35.15745,32.81339],[35.154365,32.813904],[35.15889,32.81239],[35.15799,32.81239]],[[35.16301,32.81476],[35.162654,32.814543],[35.16436,32.81223],[35.16301,32.81476]],[[35.16372,32.80803],[35.16222,32.80929],[35.16221,32.809277],[35.16372,32.80803]],[[35.16989,32.81515],[35.169879,32.815225],[35.169136,32.813407],[35.16989,32.81515]],[[35.16952,32.81775],[35.16911,32.81953],[35.169743,32.816183],[35.16952,32.81775]]]]}},{"type":"Feature","id":8900,"properties":{"y":8900,"b":2,"r":25.702,"n":921,"p":35834,"nm":"טמרה","nmAr":null,"d":false},"geometry":{"type":"MultiPolygon","coordinates":[[[[35.22934,32.84361],[35.23392,32.84459],[35.23552,32.84366],[35.23297,32.83656],[35.23046,32.8345],[35.22573,32.82724],[35.22926,32.8229],[35.22992,32.82119],[35.22917,32.81903],[35.22542,32.8181],[35.22168,32.82014],[35.22111,32.81935],[35.21847,32.81903],[35.2152,32.82121],[35.21435,32.82417],[35.21213,32.82564],[35.20951,32.82608],[35.2059,32.82508],[35.20296,32.82645],[35.20221,32.82859],[35.20609,32.82841],[35.20843,32.83092],[35.209,32.83367],[35.20759,32.83786],[35.20563,32.83765],[35.20419,32.83844],[35.20099,32.84081],[35.20136,32.84146],[35.1982,32.84325],[35.19641,32.84238],[35.198807,32.845834],[35.19781,32.84483],[35.19639,32.84248],[35.19668,32.84016],[35.19423,32.84123],[35.194129,32.841459],[35.19191,32.84164],[35.19405,32.83893],[35.19088,32.84046],[35.19045,32.83952],[35.18998,32.83999],[35.19003,32.83828],[35.18922,32.83738],[35.19198,32.83652],[35.18925,32.83649],[35.18162,32.84039],[35.18154,32.83873],[35.17931,32.83993],[35.17876,32.83886],[35.1779,32.83953],[35.17772,32.83855],[35.17579,32.83963],[35.17487,32.83816],[35.17036,32.83913],[35.17114,32.83991],[35.16859,32.84063],[35.16895,32.84157],[35.16372,32.8429],[35.16406,32.84375],[35.16012,32.84518],[35.16018,32.84635],[35.1529,32.84817],[35.15296,32.84896],[35.14807,32.84977],[35.14783,32.84859],[35.14,32.85005],[35.1393,32.84878],[35.13294,32.8553],[35.11989,32.85199],[35.11878,32.85527],[35.1189,32.85985],[35.12166,32.85975],[35.12188,32.86442],[35.12531,32.86462],[35.12602,32.86375],[35.12785,32.86382],[35.12796,32.86812],[35.13467,32.86761],[35.13543,32.87429],[35.13636,32.87415],[35.13748,32.88221],[35.14309,32.87991],[35.14727,32.87949],[35.14976,32.87809],[35.14904,32.87432],[35.15267,32.87455],[35.15639,32.87355],[35.15606,32.87205],[35.15886,32.87161],[35.15837,32.86827],[35.16467,32.8686],[35.16436,32.86455],[35.17599,32.86158],[35.17824,32.86218],[35.18132,32.86094],[35.18244,32.86325],[35.18392,32.86321],[35.18418,32.85937],[35.18421,32.86198],[35.18552,32.8644],[35.18696,32.86504],[35.19171,32.86286],[35.19368,32.86299],[35.19444,32.86381],[35.19572,32.86256],[35.19822,32.86266],[35.19889,32.86411],[35.20146,32.86311],[35.21365,32.85837],[35.21993,32.85772],[35.22081,32.85911],[35.22452,32.85725],[35.23304,32.85016],[35.23272,32.84728],[35.22992,32.84657],[35.225,32.84646],[35.22293,32.84485],[35.22457,32.84409],[35.22934,32.84361]],[[35.185746,32.854759],[35.18577,32.85533],[35.18418,32.85937],[35.185746,32.854759]],[[35.18568,32.8532],[35.185692,32.853484],[35.1836,32.84958],[35.18568,32.8532]],[[35.194817,32.854467],[35.19473,32.85455],[35.1921,32.85536],[35.194817,32.854467]],[[35.19824,32.85098],[35.1976,32.85183],[35.195269,32.854039],[35.19824,32.85098]],[[35.19856,32.85172],[35.199304,32.851971],[35.1976,32.85183],[35.19856,32.85172]],[[35.20331,32.84979],[35.20592,32.84925],[35.20604,32.849357],[35.20577,32.84929],[35.20527,32.8496],[35.19856,32.85172],[35.20331,32.84979]],[[35.212712,32.850483],[35.21041,32.85044],[35.209547,32.850226],[35.212712,32.850483]],[[35.22047,32.85008],[35.21683,32.85056],[35.215379,32.850533],[35.22047,32.85008]],[[35.199209,32.846239],[35.20143,32.84554],[35.19933,32.84636],[35.199209,32.846239]],[[35.20645,32.8506],[35.20683,32.85275],[35.20644,32.85281],[35.20645,32.8506]],[[35.198681,32.855573],[35.198838,32.855556],[35.198776,32.85586],[35.198681,32.855573]]]]}},{"type":"Feature","id":9000,"properties":{"y":9000,"b":3,"r":39.054,"n":8364,"p":214164,"nm":"באר שבע","nmAr":null,"d":true},"geometry":{"type":"MultiPolygon","coordinates":[[[[34.81457,31.20152],[34.81224,31.19984],[34.8087,31.19982],[34.80454,31.20905],[34.80221,31.20875],[34.80415,31.19585],[34.795,31.19301],[34.79133,31.19263],[34.77982,31.19582],[34.76912,31.19463],[34.7624,31.19486],[34.75678,31.19733],[34.74154,31.20631],[34.73651,31.21332],[34.73488,31.22097],[34.73501,31.22752],[34.73717,31.23826],[34.73441,31.24115],[34.734,31.2442],[34.7366,31.26592],[34.73797,31.271],[34.74377,31.29272],[34.76353,31.30071],[34.76173,31.30343],[34.76193,31.30455],[34.75847,31.30664],[34.75779,31.30839],[34.75476,31.30858],[34.75808,31.31143],[34.75777,31.31295],[34.75903,31.31341],[34.75771,31.31465],[34.76306,31.31461],[34.76327,31.31651],[34.76575,31.3168],[34.77076,31.31948],[34.77467,31.31932],[34.77913,31.32111],[34.78759,31.32083],[34.7887,31.3109],[34.78812,31.31078],[34.78994,31.31084],[34.7893,31.31104],[34.80265,31.314],[34.82229,31.32343],[34.84791,31.30787],[34.85483,31.30367],[34.84071,31.29055],[34.83731,31.293],[34.8267,31.29154],[34.82592,31.2806],[34.83021,31.26487],[34.82965,31.25947],[34.82614,31.25736],[34.83245,31.26103],[34.83336,31.25972],[34.83335,31.25704],[34.82944,31.25701],[34.82875,31.25034],[34.83512,31.24886],[34.83713,31.24638],[34.84407,31.24703],[34.84376,31.24327],[34.83934,31.2435],[34.85111,31.2277],[34.84972,31.22036],[34.83082,31.22445],[34.82686,31.2139],[34.82847,31.21196],[34.81452,31.211906],[34.81457,31.20152]],[[34.79207,31.28075],[34.792199,31.280573],[34.79122,31.2874],[34.78812,31.31078],[34.79207,31.28075]],[[34.80527,31.28921],[34.80838,31.28847],[34.80586,31.28934],[34.79122,31.2874],[34.80527,31.28921]],[[34.77815,31.25243],[34.77962,31.25327],[34.77807,31.25255],[34.77524,31.24968],[34.77815,31.25243]],[[34.775203,31.249698],[34.77426,31.24818],[34.77524,31.24968],[34.775203,31.249698]],[[34.77869,31.24715],[34.779183,31.247064],[34.77524,31.24968],[34.77869,31.24715]],[[34.777366,31.255238],[34.77725,31.25507],[34.7778,31.25387],[34.777366,31.255238]],[[34.78675,31.25206],[34.77584,31.25847],[34.77842,31.25677],[34.78675,31.25206]],[[34.78446,31.25036],[34.784453,31.250342],[34.78675,31.25206],[34.78446,31.25036]],[[34.789338,31.248289],[34.78965,31.2486],[34.79125,31.25178],[34.789338,31.248289]],[[34.79533,31.245195],[34.79642,31.24572],[34.796738,31.246224],[34.79533,31.245195]],[[34.78796,31.23968],[34.78596,31.23756],[34.79144,31.24332],[34.78796,31.23968]],[[34.78433,31.23334],[34.792952,31.23689],[34.792842,31.237054],[34.78975,31.23573],[34.78433,31.23334]],[[34.78133,31.23442],[34.781305,31.234561],[34.780724,31.234575],[34.78433,31.23334],[34.78133,31.23442]],[[34.79762,31.22731],[34.79779,31.22609],[34.7975,31.23012],[34.79762,31.22731]],[[34.78132,31.22221],[34.797791,31.226087],[34.79779,31.22609],[34.78132,31.22221]],[[34.79559,31.27593],[34.79629,31.27516],[34.794994,31.276746],[34.79559,31.27593]],[[34.79756,31.27545],[34.802298,31.277401],[34.79629,31.27516],[34.79756,31.27545]],[[34.80112,31.2695],[34.801577,31.268775],[34.79756,31.27545],[34.80112,31.2695]],[[34.790063,31.275312],[34.78824,31.27279],[34.78843,31.272548],[34.790068,31.275313],[34.790063,31.275312]],[[34.77801,31.2755],[34.777734,31.275335],[34.78085,31.27526],[34.78142,31.27172],[34.781684,31.271297],[34.78084,31.27551],[34.78533,31.27615],[34.77801,31.2755]],[[34.77447,31.26984],[34.773785,31.269458],[34.78142,31.27172],[34.77447,31.26984]],[[34.77964,31.24357],[34.77885,31.2428],[34.78219,31.24451],[34.773871,31.241937],[34.77464,31.24202],[34.77964,31.24357]],[[34.780634,31.239876],[34.780861,31.240115],[34.77874,31.24152],[34.78064,31.24016],[34.780634,31.239876]],[[34.75883,31.2569],[34.76079,31.25882],[34.760847,31.258719],[34.7631,31.26117],[34.76857,31.26655],[34.76591,31.26457],[34.76339,31.26156],[34.76388,31.26312],[34.76311,31.26119],[34.75883,31.2569]],[[34.764608,31.260438],[34.76459,31.26043],[34.76529,31.25854],[34.764608,31.260438]],[[34.770539,31.263464],[34.76928,31.26169],[34.77058,31.2634],[34.770539,31.263464]],[[34.77027,31.2521],[34.772743,31.255143],[34.77274,31.25514],[34.77027,31.2521]],[[34.758738,31.243353],[34.75873,31.24344],[34.75562,31.25058],[34.758738,31.243353]],[[34.75879,31.23655],[34.75892,31.24131],[34.75885,31.242099],[34.75879,31.23655]],[[34.766805,31.255152],[34.76679,31.25512],[34.76595,31.25315],[34.766805,31.255152]],[[34.767341,31.256281],[34.767748,31.256733],[34.76743,31.25647],[34.767341,31.256281]],[[34.76331,31.27227],[34.76433,31.27357],[34.760726,31.270771],[34.76331,31.27227]],[[34.77343,31.27276],[34.77665,31.27413],[34.777366,31.275115],[34.77343,31.27276]],[[34.780607,31.238522],[34.78056,31.23619],[34.781089,31.235787],[34.780607,31.238522]],[[34.78342,31.24775],[34.78293,31.24641],[34.784383,31.250166],[34.78342,31.24775]],[[34.780572,31.249214],[34.78074,31.24899],[34.78139,31.248689],[34.780572,31.249214]],[[34.789731,31.271254],[34.789116,31.271675],[34.789521,31.271159],[34.789731,31.271254]],[[34.79422,31.2696],[34.7924,31.27137],[34.79329,31.27041],[34.79422,31.2696]],[[34.79415,31.26228],[34.79505,31.25839],[34.79367,31.26518],[34.79366,31.26417],[34.79415,31.26228]],[[34.78768,31.25903],[34.78912,31.26267],[34.78942,31.26412],[34.78768,31.25903]],[[34.79312,31.25919],[34.791384,31.259218],[34.79139,31.25921],[34.79312,31.25919]],[[34.782221,31.270439],[34.78267,31.26972],[34.78534,31.26804],[34.782221,31.270439]],[[34.80193,31.25183],[34.80074,31.25002],[34.803185,31.252424],[34.80193,31.25183]],[[34.8049,31.24499],[34.804587,31.244642],[34.8061,31.24435],[34.80074,31.25002],[34.8049,31.24499]],[[34.80436,31.25298],[34.804125,31.252869],[34.81115,31.25124],[34.80436,31.25298]],[[34.8092,31.2475],[34.811367,31.251384],[34.81115,31.25124],[34.8092,31.2475]],[[34.80915,31.2604],[34.811881,31.257796],[34.81173,31.25805],[34.80915,31.2604]],[[34.797938,31.248289],[34.797301,31.247114],[34.79793,31.24811],[34.797938,31.248289]],[[34.79812,31.26611],[34.79804,31.25848],[34.79806,31.25092],[34.79816,31.26398],[34.79812,31.26611]],[[34.803665,31.265464],[34.8038,31.26525],[34.80639,31.26355],[34.803665,31.265464]],[[34.803,31.27576],[34.80251,31.27748],[34.802492,31.277473],[34.803,31.27576]],[[34.806459,31.27608],[34.80449,31.27718],[34.80251,31.27748],[34.806459,31.27608]],[[34.81072,31.28404],[34.810722,31.284061],[34.80449,31.27718],[34.81072,31.28404]],[[34.810783,31.271342],[34.80723,31.27565],[34.807086,31.27573],[34.81636,31.26432],[34.81078,31.27134],[34.810783,31.271342]],[[34.81078,31.25635],[34.80125,31.25568],[34.8058,31.25984],[34.80072,31.25564],[34.81078,31.25635]],[[34.797743,31.27252],[34.797992,31.270204],[34.79793,31.27218],[34.797743,31.27252]]]]}},{"type":"Feature","id":9100,"properties":{"y":9100,"b":2,"r":17.78,"n":1137,"p":63947,"nm":"נהרייה","nmAr":null,"d":true},"geometry":{"type":"MultiPolygon","coordinates":[[[[35.08161,32.98819],[35.0824,32.99109],[35.0859,33.00045],[35.08723,33.00516],[35.08803,33.0078],[35.08899,33.01028],[35.08766,33.00992],[35.08929,33.01209],[35.08861,33.01302],[35.08916,33.01242],[35.08971,33.01354],[35.09085,33.01742],[35.09408,33.02747],[35.09611,33.03358],[35.09582,33.0353],[35.10188,33.03416],[35.09604,33.03548],[35.09792,33.03857],[35.09769,33.04062],[35.09882,33.04289],[35.10011,33.04352],[35.10277,33.04322],[35.10673,33.04357],[35.10611,33.03875],[35.1047,33.03434],[35.10446,33.02931],[35.10313,33.01533],[35.10424,33.02697],[35.10628,33.02649],[35.10612,33.02588],[35.11352,33.02568],[35.11255,33.01687],[35.1128,33.01492],[35.12503,33.0156],[35.12448,33.01392],[35.12598,33.01329],[35.12153,33.01031],[35.12005,33.00827],[35.119471,33.009505],[35.11975,33.00807],[35.11879,33.00744],[35.11251,33.00857],[35.11149,33.00812],[35.10909,33.00092],[35.10714,33.00113],[35.10403,33.0036],[35.10523,33.00214],[35.10258,32.99387],[35.09741,32.99517],[35.09873,33.00198],[35.09803,32.9985],[35.09553,32.98903],[35.09623,32.99062],[35.09678,32.99049],[35.09662,32.98826],[35.09509,32.98732],[35.08161,32.98819]],[[35.0905,33.01342],[35.09934,33.01226],[35.08971,33.01354],[35.0905,33.01342]],[[35.1001,33.00873],[35.100011,33.008322],[35.10313,33.01533],[35.1001,33.00873]],[[35.118822,33.012847],[35.11885,33.01083],[35.119471,33.009505],[35.118822,33.012847]],[[35.11881,33.01368],[35.11822,33.01304],[35.11879,33.01301],[35.118822,33.012847],[35.11881,33.01368]],[[35.099871,33.007676],[35.10361,33.0073],[35.104913,33.007526],[35.099873,33.007685],[35.099871,33.007676]],[[35.099458,33.005769],[35.10449,33.00516],[35.104627,33.005255],[35.099458,33.005769],[35.099458,33.005769]],[[35.107349,33.007154],[35.10875,33.008131],[35.108619,33.0081],[35.107349,33.007154]]],[[[35.18216,33.01998],[35.18064,33.02542],[35.18383,33.02556],[35.19163,33.025],[35.19094,33.02053],[35.18903,33.01944],[35.18216,33.01998]]]]}},{"type":"Feature","id":9200,"properties":{"y":9200,"b":2,"r":21.968,"n":419,"p":19073,"nm":"בית שאן","nmAr":null,"d":true},"geometry":{"type":"MultiPolygon","coordinates":[[[[35.49532,32.48381],[35.49086,32.48584],[35.48557,32.49009],[35.48559,32.49266],[35.48728,32.49364],[35.49042,32.49316],[35.49,32.49674],[35.4893,32.49674],[35.48922,32.4991],[35.48851,32.49907],[35.48849,32.50219],[35.4889,32.50299],[35.48838,32.50779],[35.48889,32.50835],[35.4904,32.51385],[35.48983,32.51458],[35.49455,32.51337],[35.49527,32.51897],[35.4991,32.5189],[35.49832,32.51645],[35.50106,32.51509],[35.50374,32.51224],[35.5052,32.51193],[35.50521,32.50913],[35.50691,32.50784],[35.50835,32.5084],[35.509,32.50706],[35.51141,32.5066],[35.51135,32.50482],[35.51411,32.50483],[35.51579,32.50641],[35.51896,32.50628],[35.51565,32.49831],[35.51201,32.4948],[35.51271,32.49319],[35.5112,32.48976],[35.51142,32.48695],[35.50974,32.48397],[35.50903,32.48353],[35.50591,32.48529],[35.50316,32.48439],[35.50096,32.48493],[35.50031,32.48394],[35.49532,32.48381]],[[35.49444,32.49376],[35.49602,32.49429],[35.49042,32.49316],[35.49444,32.49376]],[[35.497004,32.496985],[35.49824,32.499],[35.50044,32.50611],[35.49774,32.499],[35.497004,32.496985]]]]}},{"type":"Feature","id":9300,"properties":{"y":9300,"b":1,"r":12.549,"n":303,"p":24145,"nm":"זכרון יעקב","nmAr":null,"d":true},"geometry":{"type":"MultiPolygon","coordinates":[[[[34.99517,32.58662],[34.99712,32.58743],[34.99806,32.58648],[34.99813,32.58394],[34.9992,32.58408],[35.00007,32.58201],[35.00133,32.58182],[35.00294,32.57835],[35.00262,32.57691],[34.9954,32.57524],[34.9954,32.57268],[34.99429,32.57113],[34.99658,32.56992],[34.99469,32.56713],[34.99532,32.56605],[34.99678,32.56586],[34.99524,32.56351],[34.9977,32.56209],[34.99875,32.56021],[34.99583,32.55829],[34.99791,32.55404],[34.99705,32.55306],[34.99754,32.55258],[34.99562,32.55203],[34.99497,32.54956],[34.99408,32.5489],[34.98976,32.54774],[34.98697,32.54392],[34.98591,32.54069],[34.9879,32.53799],[34.99224,32.53938],[34.99492,32.53923],[34.994,32.53831],[34.99098,32.53789],[34.99105,32.53709],[34.9872,32.53635],[34.98255,32.53269],[34.97952,32.53257],[34.97582,32.53089],[34.96925,32.52633],[34.96604,32.52652],[34.9663,32.52852],[34.96324,32.52822],[34.96087,32.52949],[34.95622,32.5295],[34.95699,32.53556],[34.95448,32.54047],[34.95603,32.54349],[34.95978,32.5455],[34.96132,32.54801],[34.95698,32.5523],[34.957009,32.552461],[34.95314,32.55543],[34.95473,32.55811],[34.95336,32.56037],[34.95129,32.56091],[34.95122,32.56156],[34.94793,32.56215],[34.94225,32.56024],[34.93736,32.5599],[34.94042,32.56467],[34.93964,32.56635],[34.94113,32.56655],[34.94324,32.56866],[34.94428,32.56626],[34.9436,32.5687],[34.94126,32.57067],[34.93993,32.57048],[34.9385,32.56877],[34.93899,32.57157],[34.93791,32.57163],[34.93356,32.56171],[34.93235,32.56203],[34.93303,32.56584],[34.9319,32.57145],[34.93739,32.57141],[34.9378,32.57284],[34.93434,32.57369],[34.93463,32.57457],[34.93821,32.57401],[34.94076,32.58053],[34.93659,32.58246],[34.93474,32.57854],[34.93332,32.57903],[34.93284,32.58039],[34.93199,32.57909],[34.92963,32.57914],[34.92953,32.58117],[34.9285,32.58107],[34.92782,32.58301],[34.93421,32.58286],[34.93485,32.58665],[34.94305,32.58314],[34.94465,32.58416],[34.93519,32.58867],[34.93652,32.59095],[34.93556,32.59121],[34.93606,32.59493],[34.93999,32.59324],[34.93993,32.59241],[34.94573,32.59008],[34.94826,32.59167],[34.95288,32.59145],[34.95509,32.58783],[34.95757,32.5862],[34.95806,32.58739],[34.95876,32.58682],[34.9609,32.58866],[34.96247,32.59512],[34.96736,32.59947],[34.96967,32.59902],[34.96993,32.59788],[34.96725,32.59701],[34.9695,32.5948],[34.96787,32.59438],[34.96845,32.59348],[34.9666,32.59238],[34.96685,32.5886],[34.97046,32.58914],[34.97262,32.58394],[34.97352,32.58496],[34.97407,32.58974],[34.97477,32.58972],[34.97396,32.592],[34.97236,32.59242],[34.97209,32.59511],[34.97289,32.59527],[34.97105,32.59805],[34.9721,32.59939],[34.97223,32.60409],[34.97914,32.59989],[34.98114,32.60138],[34.98679,32.59803],[34.98623,32.59753],[34.98964,32.59305],[34.98966,32.59045],[34.98689,32.59013],[34.985483,32.589966],[34.98668,32.58865],[34.99175,32.58567],[34.99399,32.58738],[34.99517,32.58662]],[[34.95436,32.56851],[34.955305,32.567533],[34.954463,32.568679],[34.954323,32.568502],[34.95436,32.56851]],[[34.9644,32.57439],[34.964453,32.574503],[34.9608,32.57277],[34.9644,32.57439]],[[34.96523,32.57617],[34.965125,32.576219],[34.96472,32.575076],[34.96523,32.57617]],[[34.9633,32.57792],[34.963604,32.577987],[34.96064,32.5808],[34.96365,32.57691],[34.9633,32.57792]],[[34.97175,32.57978],[34.979393,32.586082],[34.971582,32.579743],[34.97175,32.57978]],[[34.9844,32.58984],[34.98268,32.58875],[34.982636,32.588714],[34.9844,32.58984]],[[34.94947,32.58333],[34.94603,32.58489],[34.949886,32.582952],[34.94947,32.58333]],[[34.95151,32.58148],[34.950605,32.582301],[34.951496,32.58133],[34.95151,32.58148]],[[34.951199,32.578118],[34.951411,32.580407],[34.95103,32.57823],[34.951199,32.578118]],[[34.95555,32.57607],[34.951668,32.577806],[34.95383,32.57637],[34.95555,32.57607]]]]}},{"type":"Feature","id":9400,"properties":{"y":9400,"b":2,"r":15.157,"n":476,"p":31404,"nm":"יהוד","nmAr":null,"d":true},"geometry":{"type":"MultiPolygon","coordinates":[[[[34.89451,32.02609],[34.89416,32.02526],[34.89123,32.02407],[34.89319,32.02212],[34.89122,32.0221],[34.88699,32.02373],[34.8814,32.0204],[34.87568,32.02144],[34.876026,32.024772],[34.87392,32.02385],[34.87361,32.02804],[34.86739,32.02794],[34.86882,32.03335],[34.87177,32.03363],[34.87456,32.03222],[34.875537,32.031469],[34.87488,32.03214],[34.87733,32.03642],[34.88006,32.03657],[34.88264,32.03814],[34.883096,32.03796],[34.88322,32.04029],[34.88933,32.04028],[34.89156,32.03912],[34.89207,32.03798],[34.8929,32.0343],[34.89153,32.04107],[34.89478,32.04107],[34.89779,32.03938],[34.89882,32.03726],[34.89897,32.03371],[34.89952,32.03185],[34.90101,32.03102],[34.90722,32.03108],[34.9079,32.02495],[34.90383,32.02449],[34.8987,32.02535],[34.895919,32.025961],[34.89605,32.0259],[34.89451,32.02609]],[[34.89157,32.028],[34.89267,32.03164],[34.8929,32.0343],[34.89157,32.028]]]]}},{"type":"Feature","id":9500,"properties":{"y":9500,"b":2,"r":16.607,"n":741,"p":44619,"nm":"קריית ביאליק","nmAr":null,"d":true},"geometry":{"type":"MultiPolygon","coordinates":[[[[35.08275,32.82163],[35.08458,32.8207],[35.07957,32.81474],[35.07529,32.81123],[35.07364,32.81405],[35.07921,32.81916],[35.08057,32.8294],[35.083491,32.827954],[35.083491,32.827954],[35.08058,32.82942],[35.0846,32.83571],[35.08888,32.84233],[35.09187,32.84702],[35.0937,32.85004],[35.09426,32.8552],[35.09515,32.86099],[35.10264,32.86076],[35.10631,32.86069],[35.10605,32.85264],[35.10991,32.85031],[35.10966,32.84887],[35.10768,32.84768],[35.10656,32.84572],[35.10629,32.84522],[35.11438,32.84069],[35.10964,32.83507],[35.11061,32.83465],[35.11185,32.83135],[35.10715,32.83364],[35.10436,32.8364],[35.095461,32.839223],[35.10436,32.83639],[35.10365,32.83037],[35.09817,32.83139],[35.09681,32.83],[35.09357,32.82367],[35.08727,32.82548],[35.083413,32.827432],[35.08285,32.8241],[35.08406,32.82347],[35.08275,32.82163]],[[35.09222,32.84121],[35.091972,32.840815],[35.09551,32.84024],[35.08888,32.84233],[35.09222,32.84121]],[[35.09503,32.83936],[35.09506,32.83935],[35.09551,32.84024],[35.09503,32.83936]],[[35.09176,32.83431],[35.0908,32.83228],[35.09503,32.83936],[35.09176,32.83431]],[[35.087847,32.834254],[35.08412,32.82885],[35.08755,32.83373],[35.087847,32.834254]],[[35.08988,32.83487],[35.09126,32.83701],[35.091223,32.837079],[35.08988,32.83487]]],[[[35.09531,32.8738],[35.09988,32.8733],[35.09981,32.87221],[35.10116,32.872],[35.10348,32.87261],[35.10268,32.86775],[35.10375,32.86561],[35.1029,32.86401],[35.103,32.86079],[35.09505,32.86103],[35.09606,32.86931],[35.09471,32.86929],[35.09531,32.8738]]]]}},{"type":"Feature","id":9600,"properties":{"y":9600,"b":2,"r":19.954,"n":820,"p":41095,"nm":"קריית ים","nmAr":null,"d":true},"geometry":{"type":"MultiPolygon","coordinates":[[[[35.05772,32.84247],[35.05854,32.8438],[35.06009,32.84644],[35.0612,32.84834],[35.06477,32.85534],[35.068,32.86173],[35.080361,32.858662],[35.08144,32.85893],[35.08459,32.8617],[35.08952,32.86016],[35.08554,32.8546],[35.07873,32.84506],[35.07549,32.84052],[35.07075,32.84268],[35.069805,32.842313],[35.06818,32.84028],[35.06716,32.83843],[35.06462,32.8345],[35.05616,32.83997],[35.05772,32.84247]],[[35.07113,32.84397],[35.06968,32.84478],[35.06753,32.84582],[35.068003,32.846213],[35.06403,32.84757],[35.07113,32.84397]],[[35.070079,32.842655],[35.07767,32.85059],[35.077819,32.850847],[35.07113,32.84397],[35.070079,32.842655]],[[35.07421,32.84915],[35.075435,32.851747],[35.07543,32.851749],[35.07398,32.84954],[35.06968,32.84478],[35.07421,32.84915]],[[35.06864,32.85021],[35.067112,32.850676],[35.06711,32.85067],[35.06864,32.85021]],[[35.067731,32.851922],[35.067607,32.851969],[35.067156,32.85079],[35.067731,32.851922]],[[35.07814,32.851402],[35.0795,32.85375],[35.079515,32.85405],[35.07814,32.851402]],[[35.07954,32.8581],[35.079605,32.855858],[35.079697,32.858173],[35.07954,32.8581]]]]}},{"type":"Feature","id":9700,"properties":{"y":9700,"b":2,"r":16.703,"n":1096,"p":65615,"nm":"הוד השרון","nmAr":null,"d":true},"geometry":{"type":"MultiPolygon","coordinates":[[[[34.86886,32.15016],[34.872809,32.149983],[34.8723,32.15303],[34.87003,32.15299],[34.8699,32.15364],[34.87222,32.15347],[34.87247,32.15744],[34.87491,32.15749],[34.87474,32.16229],[34.889174,32.162661],[34.88882,32.16384],[34.88992,32.16422],[34.88979,32.16704],[34.89136,32.16708],[34.89154,32.16281],[34.89625,32.16357],[34.89639,32.16293],[34.897597,32.162887],[34.89718,32.17195],[34.89871,32.17165],[34.90889,32.16981],[34.908864,32.16976],[34.90955,32.1698],[34.91204,32.16977],[34.92491,32.16542],[34.9266,32.16473],[34.92811,32.16405],[34.92503,32.16145],[34.92605,32.15738],[34.92305,32.15458],[34.91872,32.1542],[34.91155,32.14306],[34.90691,32.14528],[34.90724,32.1462],[34.9099,32.14611],[34.9103,32.14826],[34.90634,32.14851],[34.90715,32.14906],[34.90307,32.15358],[34.90181,32.15499],[34.89953,32.15394],[34.89979,32.15335],[34.89814,32.15333],[34.8981,32.15123],[34.89682,32.15094],[34.89468,32.15007],[34.897072,32.150887],[34.89728,32.14984],[34.89846,32.14884],[34.89825,32.14702],[34.89881,32.14684],[34.89478,32.14752],[34.89472,32.14152],[34.89366,32.14017],[34.89266,32.13877],[34.894073,32.138137],[34.89967,32.14269],[34.90029,32.14237],[34.90326,32.14079],[34.902043,32.134516],[34.90234,32.13472],[34.90451,32.13418],[34.90412,32.13239],[34.90223,32.13111],[34.89879,32.13035],[34.89656,32.12838],[34.89657,32.12755],[34.89268,32.12541],[34.89313,32.12875],[34.89132,32.12847],[34.88868,32.12735],[34.88951,32.1236],[34.89056,32.12419],[34.89045,32.12338],[34.88918,32.12283],[34.88626,32.12476],[34.88116,32.12586],[34.88104,32.12654],[34.88201,32.12684],[34.88034,32.12714],[34.87984,32.12512],[34.87856,32.12497],[34.87762,32.12366],[34.87612,32.1244],[34.87705,32.12243],[34.87466,32.1216],[34.87561,32.12077],[34.87516,32.12012],[34.87406,32.12071],[34.87357,32.1218],[34.87432,32.12238],[34.87225,32.1245],[34.87167,32.12626],[34.869,32.12429],[34.87019,32.1225],[34.86949,32.12128],[34.86644,32.12348],[34.86543,32.12208],[34.86442,32.12706],[34.86274,32.12961],[34.86555,32.13161],[34.86334,32.13248],[34.86298,32.13594],[34.86039,32.13634],[34.85965,32.13922],[34.85527,32.14337],[34.85507,32.14823],[34.85708,32.15033],[34.86352,32.15411],[34.86553,32.15396],[34.86538,32.15535],[34.86853,32.1552],[34.8678,32.15379],[34.86886,32.15016]],[[34.896239,32.162159],[34.89752,32.16213],[34.89754,32.1628],[34.89639,32.16293],[34.896239,32.162159]],[[34.89535,32.15763],[34.895364,32.15759],[34.895729,32.159561],[34.89535,32.15763]],[[34.89002,32.13484],[34.891102,32.133683],[34.8911,32.13372],[34.89002,32.13484]],[[34.88829,32.1518],[34.890483,32.149881],[34.89069,32.15],[34.88829,32.1518]],[[34.8822,32.156071],[34.887757,32.155767],[34.88236,32.15612],[34.8822,32.156071]],[[34.90425,32.16018],[34.90969,32.15827],[34.90983,32.158235],[34.90425,32.16018]],[[34.908803,32.169642],[34.903801,32.159958],[34.90425,32.16018],[34.908803,32.169642]],[[34.913414,32.157441],[34.913183,32.157397],[34.91337,32.15735],[34.913414,32.157441]],[[34.89945,32.16282],[34.90138,32.16042],[34.902006,32.159961],[34.89945,32.16282]],[[34.902246,32.159785],[34.90273,32.15943],[34.903156,32.15964],[34.902246,32.159785]]],[[[34.897072,32.150887],[34.89706,32.15095],[34.8979,32.15117],[34.897072,32.150887]]]]}},{"type":"Feature","id":9800,"properties":{"y":9800,"b":2,"r":19.409,"n":316,"p":16281,"nm":"בנימינה-גבעת עדה*","nmAr":null,"d":true},"geometry":{"type":"MultiPolygon","coordinates":[[[[34.96761,32.50255],[34.94886,32.49906],[34.94646,32.50043],[34.94075,32.50104],[34.93502,32.50074],[34.93398,32.49988],[34.93212,32.50117],[34.92977,32.50156],[34.928,32.50569],[34.92795,32.50967],[34.9239,32.51348],[34.92364,32.51671],[34.92257,32.52396],[34.93356,32.52345],[34.93469,32.53111],[34.93855,32.53082],[34.940166,32.528053],[34.9381,32.53187],[34.93901,32.53263],[34.93768,32.53519],[34.94909,32.53589],[34.95201,32.54039],[34.95092,32.54116],[34.95326,32.54539],[34.9538,32.5485],[34.95326,32.5519],[34.9574,32.5522],[34.96132,32.54801],[34.95978,32.5455],[34.95603,32.54349],[34.95448,32.54047],[34.95699,32.53556],[34.95622,32.5295],[34.96087,32.52949],[34.96324,32.52822],[34.9663,32.52852],[34.96606,32.52666],[34.96925,32.52633],[34.97362,32.52957],[34.97952,32.53257],[34.98052,32.53019],[34.98596,32.5254],[34.99654,32.52768],[35.00418,32.53131],[35.0043,32.5349],[35.00742,32.53483],[35.0119,32.53219],[35.0166,32.53077],[35.01479,32.52654],[35.01589,32.52643],[35.01652,32.52433],[35.01917,32.52433],[35.02018,32.52361],[35.0202,32.5198],[35.02196,32.51972],[35.00878,32.51168],[35.00527,32.51313],[35.00253,32.51336],[35.00032,32.51247],[35.00093,32.51031],[34.99762,32.51004],[34.99889,32.50763],[35.00076,32.5079],[35.00194,32.5059],[35.00051,32.50518],[35.00167,32.5021],[34.99949,32.50172],[34.99461,32.50393],[34.98974,32.50436],[34.98944,32.50503],[34.98545,32.50489],[34.98161,32.50746],[34.98082,32.5066],[34.97921,32.50732],[34.97304,32.50554],[34.97249,32.50613],[34.967519,32.504338],[34.96773,32.50431],[34.96761,32.50255]],[[34.9487,32.51921],[34.941286,32.526135],[34.94161,32.52558],[34.948508,32.519191],[34.9487,32.51921]],[[34.95089,32.512],[34.951197,32.511936],[34.950809,32.512266],[34.95089,32.512]],[[34.963672,32.525141],[34.96312,32.52479],[34.963013,32.523943],[34.963672,32.525141]]]]}}]}